{
"type": "FeatureCollection",
"name": "mesorregioes_goias",
"crs": { "type": "name", "properties": { "name": "urn:ogc:def:crs:OGC:1.3:CRS84" } },
"features": [
{ "type": "Feature", "properties": { "Mesorregiao": "Centro Goiano", "id": "5200050", "name": "Abadia de Goiás", "description": "Abadia de Goiás", "Cod_Munic_Comp": "5200050", "Cod_UF": 52, "UF": "Goiás", "Cod_Regiao_Intermediaria": 5201, "Regiao_Intermediaria": "Goiânia", "Cod_Regiao_Imediata": 520001, "Regiao_Imediata": "Goiânia", "Cod_Mesorregiao": 3, "Cod_Microrregiao": 10, "Microrregiao": "Goiânia", "Municipio": "Abadia de Goiás", "Regiao_Planejamento": "Região Metropolitana de Goiânia", "latitude": "-16,75881189", "longitude": "-49,44054783", "COD_MUNIC_6": 520005, "AREA": 143357, "COD_MUNIC_4": 1050, "RIDE": 0, "REGIONAL_IEL": "RMG", "Capital": 0, "MACROREGIAO": "Centro-Oeste", "area_km2": 40913.211282865057 }, "geometry": { "type": "Polygon", "coordinates": [ [ [ -49.744996379200003, -16.6522617227 ], [ -49.757800814, -16.651080918600002 ], [ -49.776360757900001, -16.638025535899999 ], [ -49.879113134900003, -16.639595795 ], [ -49.886104746400001, -16.6397008231 ], [ -49.895357921200002, -16.633238276699998 ], [ -49.906252920299998, -16.616661721300002 ], [ -49.910211774099999, -16.613999266299999 ], [ -49.920410683599997, -16.6197528368 ], [ -49.924460268099999, -16.6290655723 ], [ -49.936404266899999, -16.6103468978 ], [ -49.943796524500002, -16.610516207500002 ], [ -49.945855011799999, -16.600475008299998 ], [ -49.95035871, -16.601552655900001 ], [ -49.963272714299997, -16.591349303600001 ], [ -49.972331942499999, -16.589751636199999 ], [ -49.985799513899998, -16.597911632 ], [ -50.000916895700001, -16.6140770437 ], [ -50.006231948, -16.6201370864 ], [ -50.110187859, -16.662938604299999 ], [ -50.110430548899998, -16.6630387475 ], [ -50.149522580199999, -16.679118489099999 ], [ -50.158522957800002, -16.685798012199999 ], [ -50.1853506502, -16.682459849800001 ], [ -50.193769031099997, -16.685405978 ], [ -50.200770144400003, -16.6979063735 ], [ -50.212912042200003, -16.702294698700001 ], [ -50.218117464199999, -16.7081578166 ], [ -50.223490705099998, -16.709847803 ], [ -50.224826460700001, -16.715834172800001 ], [ -50.235991862399999, -16.720358787399999 ], [ -50.252980116099998, -16.7339018857 ], [ -50.254218420599997, -16.7604790165 ], [ -50.259157533299998, -16.7616689398 ], [ -50.2572142816, -16.767920655499999 ], [ -50.261256337600003, -16.7759855788 ], [ -50.268607037899997, -16.785473266499999 ], [ -50.268962909499997, -16.7931828223 ], [ -50.282099376600002, -16.801782628 ], [ -50.286955358, -16.796798089399999 ], [ -50.284641390600001, -16.766442273 ], [ -50.290961416800002, -16.7688073192 ], [ -50.311357948500003, -16.757668001799999 ], [ -50.324456093, -16.753904411 ], [ -50.334461726, -16.755244877 ], [ -50.341511926300001, -16.751376356600002 ], [ -50.359618204, -16.7409405083 ], [ -50.358439758199999, -16.734253364800001 ], [ -50.3505554328, -16.7253462408 ], [ -50.3556302852, -16.716670131699999 ], [ -50.354685817799997, -16.7031051435 ], [ -50.360898962599997, -16.698785103 ], [ -50.3744348667, -16.715787822799999 ], [ -50.391076526399999, -16.7188444045 ], [ -50.4001479334, -16.715872882199999 ], [ -50.405579527500002, -16.7186438401 ], [ -50.404935183200003, -16.7325911969 ], [ -50.4257149524, -16.748909192 ], [ -50.439278467599998, -16.7783647971 ], [ -50.440159213199998, -16.783154162399999 ], [ -50.445773255500001, -16.785469342500001 ], [ -50.4487172786, -16.7967094736 ], [ -50.47944435, -16.800726985400001 ], [ -50.481330586699997, -16.797097238599999 ], [ -50.506357980099999, -16.811174980699999 ], [ -50.516325576200003, -16.810505624899999 ], [ -50.522692683599999, -16.815862273099999 ], [ -50.530016147700003, -16.811438603399999 ], [ -50.534051069299998, -16.8150883544 ], [ -50.535548671299999, -16.813227902400001 ], [ -50.545909231800003, -16.8183127486 ], [ -50.551998068499998, -16.827226934900001 ], [ -50.569189789399999, -16.8307812601 ], [ -50.574660916699997, -16.837594191800001 ], [ -50.575711123600001, -16.847492262500001 ], [ -50.640749849300001, -16.8345334851 ], [ -50.650913932900004, -16.839319039199999 ], [ -50.657497443, -16.836836480500001 ], [ -50.676297252700003, -16.8215930026 ], [ -50.688831327899997, -16.819501228499998 ], [ -50.698713311699997, -16.811187746200002 ], [ -50.735605787799997, -16.806413821100001 ], [ -50.740721385100002, -16.808925834699998 ], [ -50.764580311099998, -16.816185476499999 ], [ -50.788719847300001, -16.798036710200002 ], [ -50.7966610776, -16.7867346801 ], [ -50.806498041300003, -16.755444638099998 ], [ -50.802019356899997, -16.738363596399999 ], [ -50.808024659300003, -16.728637879699999 ], [ -50.8163037797, -16.727024656899999 ], [ -50.817907165800001, -16.721397311499999 ], [ -50.811442158399998, -16.7053516575 ], [ -50.811222030099998, -16.6949503329 ], [ -50.815417569, -16.689393520300001 ], [ -50.818445715, -16.670564410600001 ], [ -50.829023751, -16.684819100799999 ], [ -50.826825958500002, -16.693102491400001 ], [ -50.832858456799997, -16.6939365926 ], [ -50.839574753699999, -16.7063225512 ], [ -50.843211782200001, -16.707552131100002 ], [ -50.848801772599998, -16.7264997636 ], [ -50.874246296700001, -16.7389998658 ], [ -50.88830364, -16.7530282363 ], [ -50.8966042992, -16.75427311 ], [ -50.923686236899997, -16.783044401 ], [ -50.943192421500001, -16.785935536099998 ], [ -50.949573812, -16.7921492292 ], [ -50.9602141186, -16.793295598299999 ], [ -50.9657722675, -16.790674363400001 ], [ -50.9707152581, -16.793109934899999 ], [ -50.972545049300003, -16.8082807258 ], [ -50.985128939600003, -16.8278450621 ], [ -50.999662717299998, -16.836970379 ], [ -51.0074925479, -16.847417120300001 ], [ -51.056383837299997, -16.859931064 ], [ -51.055178873400003, -16.862167593799999 ], [ -51.051103744800002, -16.869733390299999 ], [ -51.059445235, -16.883207102699998 ], [ -51.055556445400001, -16.891802769800002 ], [ -51.059352980299998, -16.9005403096 ], [ -51.056325782, -16.906335787500002 ], [ -51.057580083399998, -16.9227622121 ], [ -51.052631362200003, -16.926637184299999 ], [ -51.055520980899999, -16.935632565500001 ], [ -51.053663596299998, -16.956795206599999 ], [ -51.054106262799998, -16.956769094799998 ], [ -51.056886635200001, -16.951702249299998 ], [ -51.078526414400002, -16.940359025300001 ], [ -51.076393930599998, -16.9299268338 ], [ -51.086682726100001, -16.922790318899999 ], [ -51.093831195299998, -16.9061229273 ], [ -51.100986816400003, -16.9044226452 ], [ -51.103496181099999, -16.8940886713 ], [ -51.106028192300002, -16.896643685699999 ], [ -51.11027106, -16.895839716099999 ], [ -51.1105001743, -16.892754114599999 ], [ -51.120078550700001, -16.895514676299999 ], [ -51.126410780199997, -16.8925435548 ], [ -51.132049909899997, -16.895295269399998 ], [ -51.138857213599998, -16.894045431199999 ], [ -51.140747918400002, -16.890604695099999 ], [ -51.148553751199998, -16.890725128700002 ], [ -51.152052893799997, -16.867146436900001 ], [ -51.169018449200003, -16.865396098 ], [ -51.168746387399999, -16.8616724044 ], [ -51.172915037400003, -16.860232286399999 ], [ -51.169639318, -16.8541437214 ], [ -51.1744414944, -16.849718072 ], [ -51.1729663327, -16.846809195599999 ], [ -51.178906989, -16.841654340600002 ], [ -51.1811625554, -16.844021441300001 ], [ -51.183168691399999, -16.8394064081 ], [ -51.188136858699998, -16.843320795099999 ], [ -51.188633639499997, -16.839421634099999 ], [ -51.1956002477, -16.838337858300001 ], [ -51.194385070599999, -16.834452316499998 ], [ -51.198632532300003, -16.830660202400001 ], [ -51.196884435400001, -16.825110959100002 ], [ -51.205139659099999, -16.810081275 ], [ -51.2151054777, -16.808295333899999 ], [ -51.2199933554, -16.813850796400001 ], [ -51.223858180500002, -16.813132933399999 ], [ -51.221135704600002, -16.808860655499998 ], [ -51.225212770600002, -16.8038008266 ], [ -51.220523957399998, -16.8013291573 ], [ -51.223352762099999, -16.796806770300002 ], [ -51.2204655305, -16.791620546899999 ], [ -51.2246375151, -16.783292300599999 ], [ -51.222020092599998, -16.7743959584 ], [ -51.225719155500002, -16.770952203899999 ], [ -51.226412876300003, -16.7607002763 ], [ -51.219915946900002, -16.7565939769 ], [ -51.221466476400003, -16.745348889500001 ], [ -51.217137718700002, -16.745494642699999 ], [ -51.214797791199999, -16.737613984100001 ], [ -51.220462966699998, -16.729508882 ], [ -51.228000373100002, -16.7099847741 ], [ -51.2224398388, -16.708602185 ], [ -51.218839585200001, -16.6997532048 ], [ -51.220684868100001, -16.695225539399999 ], [ -51.2282441913, -16.693747048599999 ], [ -51.234532383199998, -16.673076331299999 ], [ -51.241994896199998, -16.665200002300001 ], [ -51.240882450400001, -16.661117468299999 ], [ -51.250991162299997, -16.6504457516 ], [ -51.259501877799998, -16.647907774699998 ], [ -51.260089479500003, -16.647458735499999 ], [ -51.253584838, -16.6368494721 ], [ -51.257855439399997, -16.6272355935 ], [ -51.256194103399999, -16.6162524615 ], [ -51.263746044199998, -16.6124691799 ], [ -51.271520245200001, -16.6147568646 ], [ -51.278908662699997, -16.607253244900001 ], [ -51.279300377, -16.601533917200001 ], [ -51.287409567600001, -16.5985685076 ], [ -51.2912976478, -16.589231161200001 ], [ -51.2901952128, -16.5816967017 ], [ -51.298662321899997, -16.578995369600001 ], [ -51.296250663599999, -16.572187830800001 ], [ -51.307359225200003, -16.564335599100001 ], [ -51.292608340599998, -16.561927434200001 ], [ -51.287165145800003, -16.553831046199999 ], [ -51.297636004600001, -16.550870345100002 ], [ -51.302111105599998, -16.5309215899 ], [ -51.310019441100003, -16.526040135 ], [ -51.305637802200003, -16.518409292899999 ], [ -51.310912643800002, -16.5163366735 ], [ -51.313245701, -16.521792456699998 ], [ -51.3169990962, -16.521894828200001 ], [ -51.326251171700001, -16.512028364799999 ], [ -51.322223515399997, -16.5073003332 ], [ -51.329942936199998, -16.504328548299998 ], [ -51.331602746599998, -16.510409359699999 ], [ -51.3370007726, -16.5088801751 ], [ -51.336189251199997, -16.496318980200002 ], [ -51.34788229, -16.491222074300001 ], [ -51.342162761399997, -16.482110575499998 ], [ -51.3441885477, -16.4771084815 ], [ -51.348968533399997, -16.476249033 ], [ -51.354973561400001, -16.482905588600001 ], [ -51.365915949600002, -16.4675554138 ], [ -51.378211907, -16.4647843393 ], [ -51.374660929299999, -16.459397829 ], [ -51.373665579600001, -16.444985129100001 ], [ -51.381355109700003, -16.442100915400001 ], [ -51.383742404499998, -16.446339732399998 ], [ -51.392801360900002, -16.4495212331 ], [ -51.3976914064, -16.441040050600002 ], [ -51.392134606100001, -16.431292566100002 ], [ -51.398391846800003, -16.429793772 ], [ -51.398636085299998, -16.422630850200001 ], [ -51.3960493465, -16.419368411800001 ], [ -51.400411961499998, -16.4039917098 ], [ -51.408135318299998, -16.403554316899999 ], [ -51.415359479099997, -16.394405077399998 ], [ -51.417107467400001, -16.381688887199999 ], [ -51.415555915399999, -16.3781658298 ], [ -51.410415325800003, -16.379675492 ], [ -51.4116355074, -16.3714915754 ], [ -51.418109401499997, -16.369158522799999 ], [ -51.4291113731, -16.350999835 ], [ -51.439416237700001, -16.3488137746 ], [ -51.428584750100001, -16.31970781 ], [ -51.432852500099997, -16.316028989100001 ], [ -51.429246240300003, -16.310620252100001 ], [ -51.420075980599997, -16.3140676891 ], [ -51.412961356700002, -16.3047019509 ], [ -51.41265342, -16.3044219061 ], [ -51.408464414400001, -16.301113076899998 ], [ -51.411499956299998, -16.2753182153 ], [ -51.400490601800001, -16.264989164900001 ], [ -51.389772604199997, -16.2732549433 ], [ -51.386109977399997, -16.2806420991 ], [ -51.319423617299996, -16.288360978099998 ], [ -51.238186734099997, -16.2954534878 ], [ -51.237696743699999, -16.295495842400001 ], [ -51.155115965100002, -16.302672593499999 ], [ -51.111937163199997, -16.306409639 ], [ -51.118857259499997, -16.3034177312 ], [ -51.122357978, -16.295672490299999 ], [ -51.1189682543, -16.2830880992 ], [ -51.123413679800002, -16.276613062700001 ], [ -51.123027157599999, -16.266542846499998 ], [ -51.119080819700002, -16.265125297499999 ], [ -51.126463734200001, -16.2630680601 ], [ -51.129245243600003, -16.257148868200002 ], [ -51.13413387, -16.224533730400001 ], [ -51.139715109299999, -16.220223607299999 ], [ -51.1469945228, -16.203195281500001 ], [ -51.1504739206, -16.203259067800001 ], [ -51.155470346199998, -16.195959790500002 ], [ -51.163554238400003, -16.195615426 ], [ -51.168665932899998, -16.191394656300002 ], [ -51.170472128699998, -16.182131440700001 ], [ -51.165995688899997, -16.166109077400002 ], [ -51.160996047700003, -16.163975320399999 ], [ -51.161969540400001, -16.156703325100001 ], [ -51.1768865027, -16.146602044200002 ], [ -51.174105501299998, -16.138909181399999 ], [ -51.170720919799997, -16.138305563799999 ], [ -51.174526498699997, -16.1323690535 ], [ -51.170025637800002, -16.1247906352 ], [ -51.172120278500003, -16.121141551400001 ], [ -51.177995133, -16.1218186308 ], [ -51.178030861300002, -16.1147380562 ], [ -51.186639468599999, -16.112215526 ], [ -51.192108349199998, -16.1061866784 ], [ -51.195523160900002, -16.098619525299998 ], [ -51.192051122099997, -16.089122247199999 ], [ -51.199493702200002, -16.083529708299999 ], [ -51.201415836300001, -16.076433930699999 ], [ -51.1983829972, -16.074010124099999 ], [ -51.202097578699998, -16.069730868699999 ], [ -51.203135384399999, -16.0588120641 ], [ -51.208772265, -16.050962907199999 ], [ -51.206774913, -16.0381033054 ], [ -51.209412241400003, -16.037897470800001 ], [ -51.211102304500002, -16.030478875499998 ], [ -51.217001470500001, -16.026396360300001 ], [ -51.210383902700002, -16.021190964599999 ], [ -51.206186730500001, -16.0031679105 ], [ -51.220264189799998, -15.9944435795 ], [ -51.235193240699999, -15.993947989300001 ], [ -51.238332076699997, -15.962813407300001 ], [ -51.244936773200003, -15.9675924142 ], [ -51.250684432500002, -15.965919816 ], [ -51.256971531700003, -15.9689412293 ], [ -51.257358962700003, -15.9621706792 ], [ -51.251886253599999, -15.9606845032 ], [ -51.240854552400002, -15.9477240481 ], [ -51.233611854, -15.944560944599999 ], [ -51.229241698, -15.947175296299999 ], [ -51.221061417900003, -15.940821997700001 ], [ -51.219150159400002, -15.9447596496 ], [ -51.211301175400003, -15.944941829399999 ], [ -51.203776689199998, -15.963541553600001 ], [ -51.195298832, -15.965156583600001 ], [ -51.178050051699998, -15.9534007065 ], [ -51.159050065700001, -15.9593909783 ], [ -51.150992387400002, -15.951493233400001 ], [ -51.143522960399999, -15.9613803619 ], [ -51.137106073299996, -15.959406768 ], [ -51.131603816499997, -15.965897271599999 ], [ -51.118341820799998, -15.9611969356 ], [ -51.109798246300002, -15.963376338 ], [ -51.103634315199997, -15.970396913 ], [ -51.091268678799999, -15.9689223742 ], [ -51.086553307199999, -15.977787109 ], [ -51.0792197325, -15.9783386299 ], [ -51.067691810699998, -15.967438449499999 ], [ -51.063162662099998, -15.9685953859 ], [ -51.057774758699999, -15.9767271013 ], [ -51.051611765200001, -15.975939674099999 ], [ -51.042106861699999, -15.9818959642 ], [ -51.033194753399997, -15.988098212700001 ], [ -51.029362883300003, -15.9983544405 ], [ -51.018910523599999, -16.000533266800002 ], [ -51.011882290899997, -16.012014685499999 ], [ -51.0058078327, -16.014690405300001 ], [ -51.007047632400003, -16.018400303899998 ], [ -50.998771141100001, -16.018961863299999 ], [ -50.993823976599998, -16.0266389646 ], [ -50.983667090099999, -16.0290500829 ], [ -50.978029264500002, -16.019122543799998 ], [ -50.969259773600001, -16.015813803299999 ], [ -50.9561890779, -16.015357460800001 ], [ -50.953273113599998, -16.020127842299999 ], [ -50.938077432299998, -16.021491409100001 ], [ -50.921614401799999, -16.050834999100001 ], [ -50.908789040800002, -16.0524448878 ], [ -50.885080749700002, -16.0434719629 ], [ -50.879939954100003, -16.033127396400001 ], [ -50.882326169, -16.0226484262 ], [ -50.8716034678, -16.0105079543 ], [ -50.8519978454, -16.013983543599998 ], [ -50.839295969, -16.009943521099999 ], [ -50.828358921400003, -16.01298908 ], [ -50.813802746100002, -16.0231876623 ], [ -50.796251393699997, -15.999459786799999 ], [ -50.794881527599998, -15.995539811900001 ], [ -50.783446220499997, -15.9955145355 ], [ -50.779798744700003, -15.9677246778 ], [ -50.7822658929, -15.9562776647 ], [ -50.7936814348, -15.943079302 ], [ -50.789028124700003, -15.9407611871 ], [ -50.783020187299996, -15.9431445128 ], [ -50.773055210800003, -15.9390430293 ], [ -50.772909528299998, -15.9241493878 ], [ -50.746020392299997, -15.9223005124 ], [ -50.741580034199998, -15.9115325425 ], [ -50.7417756209, -15.899459089500001 ], [ -50.723028275600001, -15.8766678213 ], [ -50.714185007600001, -15.8834563531 ], [ -50.710665412099999, -15.899474011300001 ], [ -50.700456797299999, -15.9023840897 ], [ -50.689306188300002, -15.9046827398 ], [ -50.683661726899999, -15.9094421419 ], [ -50.683689361699997, -15.936243556799999 ], [ -50.679324487700001, -15.9425861424 ], [ -50.682967472100003, -15.9516741444 ], [ -50.621744699399997, -15.962084940700001 ], [ -50.614604608, -15.970628175 ], [ -50.612359246300002, -15.9818530961 ], [ -50.606826153, -15.9863967662 ], [ -50.603191221099998, -16.000234347500001 ], [ -50.5917983828, -16.0053896264 ], [ -50.584415987900002, -16.037785380100001 ], [ -50.574970257700002, -16.0419903588 ], [ -50.557897855, -16.029919113 ], [ -50.505771769799999, -16.007870642499999 ], [ -50.504668663499999, -16.018088665899999 ], [ -50.512359910100002, -16.0254279227 ], [ -50.513690713400003, -16.0327324651 ], [ -50.509439868199998, -16.036406865499998 ], [ -50.489158273199997, -16.040263604100002 ], [ -50.4883541397, -16.048225246200001 ], [ -50.483545273399997, -16.051160859700001 ], [ -50.474863732400003, -16.067737416700002 ], [ -50.473106473500003, -16.091877908299999 ], [ -50.477498347800001, -16.119505648200001 ], [ -50.443353555500003, -16.116919581699999 ], [ -50.439939144699999, -16.112728968700001 ], [ -50.439967461599998, -16.10124644 ], [ -50.433693811700003, -16.0951064321 ], [ -50.420387496300002, -16.0900767557 ], [ -50.405522676499999, -16.090646984399999 ], [ -50.397573828299997, -16.0813674509 ], [ -50.390914475700001, -16.0842045158 ], [ -50.380941405, -16.077938768300001 ], [ -50.366968915599998, -16.075282006799998 ], [ -50.354942616599999, -16.078432832499999 ], [ -50.3474143181, -16.088014964500001 ], [ -50.335770826100003, -16.091333414 ], [ -50.324248134599998, -16.087004433200001 ], [ -50.306439721, -16.087555144900001 ], [ -50.296411815799999, -16.082915921 ], [ -50.283552360100003, -16.0916624111 ], [ -50.256915578399997, -16.093802781899999 ], [ -50.2261127206, -16.076142283 ], [ -50.212406993599998, -16.078453236 ], [ -50.196848053099998, -16.074484191300002 ], [ -50.1853194706, -16.072081319900001 ], [ -50.179939795099997, -16.067488382 ], [ -50.172796309500001, -16.061685048299999 ], [ -50.160660265099999, -16.061907507 ], [ -50.138331553900002, -16.054016369700001 ], [ -50.114142948400001, -16.04245134 ], [ -50.107330562100003, -16.034749363900001 ], [ -50.097022980399998, -16.033206891199999 ], [ -50.083861242499999, -16.044332043200001 ], [ -50.0613300813, -16.0289132431 ], [ -50.051518426900003, -16.027844961900001 ], [ -50.041301654500003, -16.02992613 ], [ -50.034917380700001, -16.017980959300001 ], [ -50.021581173900003, -16.017250484400002 ], [ -50.021937231800003, -16.0110786979 ], [ -50.004877604299999, -16.012268726399999 ], [ -49.997502494199999, -16.0046801415 ], [ -49.9929956593, -15.997980756400001 ], [ -49.978023391599997, -15.9924623647 ], [ -49.972549997500003, -15.9816749919 ], [ -49.963356887800003, -15.9835762239 ], [ -49.962750224700002, -15.9727959711 ], [ -49.9547995617, -15.9699868258 ], [ -49.9530228562, -15.9737760534 ], [ -49.949774921, -15.9731830541 ], [ -49.942238621599998, -15.9650789863 ], [ -49.936631779300001, -15.972532788500001 ], [ -49.929077092900002, -15.972334441599999 ], [ -49.924577857400003, -15.967100606600001 ], [ -49.920326154100003, -15.970816530900001 ], [ -49.9131372282, -15.968760705299999 ], [ -49.911604372600003, -15.9742582939 ], [ -49.907496896399998, -15.9730712923 ], [ -49.903327220900003, -15.979203121399999 ], [ -49.892381354800001, -15.9734332171 ], [ -49.885622340899999, -15.975170007699999 ], [ -49.8809075144, -15.985388117 ], [ -49.877933233100002, -15.980064521899999 ], [ -49.867466804099998, -15.9832734267 ], [ -49.865526120299997, -15.987267599200001 ], [ -49.863409276100001, -15.9764853787 ], [ -49.853204977, -15.9646715193 ], [ -49.855191055600002, -15.9590589426 ], [ -49.848378030500001, -15.956447577200001 ], [ -49.84257072, -15.9440923093 ], [ -49.836518426300003, -15.9418578089 ], [ -49.8371991235, -15.9349093033 ], [ -49.8321878482, -15.927067641500001 ], [ -49.838244728900001, -15.912937316500001 ], [ -49.841769792, -15.9114443025 ], [ -49.839387690300001, -15.905609935099999 ], [ -49.8318875533, -15.901985358399999 ], [ -49.829492415099999, -15.9053041777 ], [ -49.8158538534, -15.906293452 ], [ -49.814965721199997, -15.8923091843 ], [ -49.796392947900003, -15.8852093002 ], [ -49.794859841200001, -15.8676640275 ], [ -49.811877357900002, -15.8456661536 ], [ -49.809660413099998, -15.839169586300001 ], [ -49.813412510399999, -15.835077266900001 ], [ -49.809409678, -15.823728945499999 ], [ -49.823303128100001, -15.8131566266 ], [ -49.824052204099999, -15.8090514074 ], [ -49.833408437800003, -15.8006280217 ], [ -49.837499249, -15.802906262900001 ], [ -49.838888398599998, -15.7925457472 ], [ -49.8471948217, -15.788925319900001 ], [ -49.844522428499999, -15.780913629900001 ], [ -49.854966087500003, -15.785486392299999 ], [ -49.852465872, -15.776293220499999 ], [ -49.872765760100002, -15.766534269199999 ], [ -49.883215826700003, -15.753451416100001 ], [ -49.894579029200003, -15.7605895415 ], [ -49.902939390100002, -15.758852990699999 ], [ -49.904407993100001, -15.7677516597 ], [ -49.9097202118, -15.770757551299999 ], [ -49.916045259, -15.766686595 ], [ -49.914572514500001, -15.7613703883 ], [ -49.918583715099999, -15.7536445251 ], [ -49.933191454599999, -15.7648101376 ], [ -49.930692156299997, -15.7553953267 ], [ -49.938161365799999, -15.7486522136 ], [ -49.967860141199999, -15.7659051925 ], [ -49.983079146900003, -15.762423571299999 ], [ -49.996049938799999, -15.7740165393 ], [ -50.002157327, -15.776673476 ], [ -50.008544824600001, -15.774093135399999 ], [ -50.022755071500001, -15.780587973399999 ], [ -50.048846363400003, -15.7724983384 ], [ -50.065044228300003, -15.781207399 ], [ -50.068052962099998, -15.788008593400001 ], [ -50.086048091599999, -15.768046312199999 ], [ -50.060687694499997, -15.7265909954 ], [ -50.067742722600002, -15.7110496763 ], [ -50.066965848300001, -15.702918840700001 ], [ -50.0753283, -15.7003731385 ], [ -50.076090950500003, -15.695338957100001 ], [ -50.078440371, -15.6879269302 ], [ -50.0856944935, -15.687631809899999 ], [ -50.089832021799999, -15.687013004900001 ], [ -50.0917336678, -15.6823534373 ], [ -50.099086372599999, -15.6691605207 ], [ -50.121938198099997, -15.6591790231 ], [ -50.124993844899997, -15.652476615499999 ], [ -50.123521769, -15.6469416485 ], [ -50.124770184, -15.6167182908 ], [ -50.134784197400002, -15.597181558200001 ], [ -50.131145292699998, -15.5832052688 ], [ -50.136214240199998, -15.5704594797 ], [ -50.155604953500003, -15.5606763537 ], [ -50.155839333400003, -15.5557430869 ], [ -50.1520321944, -15.5486351778 ], [ -50.158775187, -15.5451617921 ], [ -50.157444188200003, -15.533285918300001 ], [ -50.156889543200002, -15.5238335996 ], [ -50.164382305799997, -15.5244236334 ], [ -50.162384200699996, -15.5062043381 ], [ -50.152884939899998, -15.486708648700001 ], [ -50.158470747199999, -15.4779941614 ], [ -50.155131061, -15.468627104399999 ], [ -50.157534859499997, -15.4589274642 ], [ -50.1672146935, -15.454647082899999 ], [ -50.166541258099997, -15.446982178600001 ], [ -50.163884120699997, -15.4286658979 ], [ -50.154025477399998, -15.4072714737 ], [ -50.139049820499999, -15.3999600197 ], [ -50.123270419900003, -15.366030133700001 ], [ -50.123331864599997, -15.356163047500001 ], [ -50.131023070200001, -15.350722316300001 ], [ -50.131385451500002, -15.337587168300001 ], [ -50.120719549100002, -15.332710537500001 ], [ -50.1122185308, -15.321498056699999 ], [ -50.101825515100003, -15.314975909699999 ], [ -50.105580847399999, -15.2856275376 ], [ -50.0848032002, -15.260208142 ], [ -50.086661392700002, -15.252889919599999 ], [ -50.084169486699999, -15.246135406 ], [ -50.078881102099999, -15.235562205900001 ], [ -50.066402056699999, -15.2284746827 ], [ -50.056193739900003, -15.221864738400001 ], [ -50.040883125500002, -15.2015520115 ], [ -50.039049759199997, -15.1961554866 ], [ -50.055135315900003, -15.1825753822 ], [ -50.051465921899997, -15.164687303499999 ], [ -50.039827141099998, -15.1544990111 ], [ -50.035243719199997, -15.1452746423 ], [ -50.045971504400001, -15.1368575414 ], [ -50.049105243600003, -15.1280007502 ], [ -50.054436122600002, -15.123980168399999 ], [ -50.060607155500001, -15.106257105199999 ], [ -50.054523738699999, -15.095113121 ], [ -50.052834600799997, -15.081706034 ], [ -50.049601099500002, -15.066444916 ], [ -50.0431886955, -15.056706718799999 ], [ -50.033909817800001, -15.0482866738 ], [ -50.018546318799999, -15.0420923022 ], [ -49.994696590700002, -15.0228490542 ], [ -49.987332044799999, -15.0143703902 ], [ -49.968694661, -15.019469706 ], [ -49.965494981900001, -14.999547165599999 ], [ -49.9295583472, -14.983577216300001 ], [ -49.921445824899997, -14.9758910761 ], [ -49.924325831899999, -14.9700827395 ], [ -49.909132657400001, -14.9647435912 ], [ -49.9051382297, -14.9802363533 ], [ -49.896822395599997, -14.984235224500001 ], [ -49.892896810400003, -14.9825596011 ], [ -49.882851373100003, -14.983966780599999 ], [ -49.879491779399999, -14.9875050092 ], [ -49.874161429700003, -14.979807301199999 ], [ -49.869140325, -14.9842522371 ], [ -49.867831961199997, -14.98072001 ], [ -49.858886849, -14.981721307500001 ], [ -49.850574272800003, -14.982176472500001 ], [ -49.849743861199997, -14.974466314700001 ], [ -49.838075931699997, -14.963416866599999 ], [ -49.845716581700003, -14.952445965200001 ], [ -49.842351934100002, -14.946559066800001 ], [ -49.849157315399999, -14.941208304 ], [ -49.846272742, -14.938586193600001 ], [ -49.849991233, -14.9360386461 ], [ -49.846269951899998, -14.9231761771 ], [ -49.848138244799998, -14.919368776 ], [ -49.844418368900001, -14.917559350299999 ], [ -49.849634739800003, -14.9092138718 ], [ -49.8429139482, -14.906315946299999 ], [ -49.850191966499999, -14.900425159799999 ], [ -49.845129220300002, -14.899340861400001 ], [ -49.842915216, -14.892174722 ], [ -49.848689885399999, -14.8829294041 ], [ -49.837884925700003, -14.875872209900001 ], [ -49.839914156500001, -14.862635128399999 ], [ -49.842992920599997, -14.861094747099999 ], [ -49.838051837599998, -14.8585600944 ], [ -49.842801622099998, -14.8535693599 ], [ -49.836741397600001, -14.8507647535 ], [ -49.8386907179, -14.8421536634 ], [ -49.833751345499998, -14.840520748799999 ], [ -49.837380333900001, -14.8338173263 ], [ -49.835524669400002, -14.8234838411 ], [ -49.828247393300003, -14.816788155299999 ], [ -49.829082070200002, -14.8038262266 ], [ -49.8241604205, -14.798842115399999 ], [ -49.818387444300001, -14.8004671398 ], [ -49.814463333500001, -14.7914984371 ], [ -49.824886057900002, -14.7891423435 ], [ -49.824331706099997, -14.781170513699999 ], [ -49.820689229300001, -14.777814532300001 ], [ -49.8168856096, -14.7790892964 ], [ -49.818628154300001, -14.773286065900001 ], [ -49.815469851899998, -14.768476289500001 ], [ -49.7987219846, -14.768938517900001 ], [ -49.796022728499999, -14.7654001365 ], [ -49.780636052399998, -14.7611450124 ], [ -49.775522737099998, -14.755164177699999 ], [ -49.772913580699999, -14.7410322709 ], [ -49.762883607, -14.7311171987 ], [ -49.761362323900002, -14.728521616 ], [ -49.765548945, -14.7234506708 ], [ -49.752523528099999, -14.7048731583 ], [ -49.746191245600002, -14.706236002700001 ], [ -49.745359390700003, -14.701243938799999 ], [ -49.731944419500003, -14.693900793399999 ], [ -49.7316665914, -14.686745202799999 ], [ -49.738467914700003, -14.685112630600001 ], [ -49.733525595899998, -14.673697217 ], [ -49.739665604599999, -14.6755956661 ], [ -49.745157330200001, -14.672422344 ], [ -49.743582158499997, -14.6583835904 ], [ -49.754189540699997, -14.658468813300001 ], [ -49.755218198100003, -14.647594253399999 ], [ -49.758824603199997, -14.6478681171 ], [ -49.763413520900002, -14.656380758099999 ], [ -49.776715024700003, -14.654204783799999 ], [ -49.7753261732, -14.650133094699999 ], [ -49.768995210299998, -14.649493596799999 ], [ -49.768442607399997, -14.645057486500001 ], [ -49.776326017199999, -14.640069119 ], [ -49.784437966299997, -14.619317475800001 ], [ -49.7940211616, -14.618584885800001 ], [ -49.801552070600003, -14.613688124 ], [ -49.80341403, -14.6174102612 ], [ -49.811999323099997, -14.619846389499999 ], [ -49.816274007300002, -14.6117808215 ], [ -49.812716715299999, -14.607525260899999 ], [ -49.820271199499999, -14.607615317200001 ], [ -49.822301512499998, -14.6023551103 ], [ -49.817194809, -14.6010015094 ], [ -49.824166014299998, -14.595104588 ], [ -49.819049085300001, -14.5912072438 ], [ -49.8199713303, -14.5827812716 ], [ -49.814941484800002, -14.5797916629 ], [ -49.809274236599997, -14.5810599913 ], [ -49.806579323400001, -14.5778018264 ], [ -49.815689288800002, -14.575438197900001 ], [ -49.816721341899999, -14.566647225100001 ], [ -49.823497842800002, -14.568004245699999 ], [ -49.824882992, -14.5620245844 ], [ -49.819859074900002, -14.5556873385 ], [ -49.820201188699997, -14.5490597539 ], [ -49.798470541599997, -14.5336618323 ], [ -49.788495779100003, -14.531950441399999 ], [ -49.7779978716, -14.5396514117 ], [ -49.780694125, -14.5230744606 ], [ -49.770637301400001, -14.5063920674 ], [ -49.7634632014, -14.511744933699999 ], [ -49.760497337099999, -14.532042950599999 ], [ -49.755106616699997, -14.531954648799999 ], [ -49.7540759663, -14.527764249800001 ], [ -49.751741164099997, -14.5246151006 ], [ -49.754994969599998, -14.5034038088 ], [ -49.748191429599999, -14.4991606642 ], [ -49.756466744199997, -14.493855140699999 ], [ -49.7519130835, -14.4874347048 ], [ -49.753028223400001, -14.482473372099999 ], [ -49.7701371, -14.4823707619 ], [ -49.7709655122, -14.4773878612 ], [ -49.7633881824, -14.474827361299999 ], [ -49.752631141599998, -14.476923980400001 ], [ -49.746662833499997, -14.473383971400001 ], [ -49.741720833700001, -14.4790190925 ], [ -49.735806908100002, -14.4772983468 ], [ -49.725354499300003, -14.4843858206 ], [ -49.723054758400004, -14.472288992299999 ], [ -49.714996158399998, -14.463909527 ], [ -49.7094974794, -14.469085631800001 ], [ -49.702363398, -14.4687015487 ], [ -49.699665736, -14.473458624299999 ], [ -49.693551368199998, -14.465565740700001 ], [ -49.690049418400001, -14.4744893849 ], [ -49.681299516899998, -14.480786183699999 ], [ -49.679187676799998, -14.4782159641 ], [ -49.664752239, -14.4779618357 ], [ -49.660078126800002, -14.4805407553 ], [ -49.660689222, -14.494508451 ], [ -49.656778190200001, -14.503127897400001 ], [ -49.658992286100002, -14.507109269200001 ], [ -49.656684736099997, -14.511286698699999 ], [ -49.659851959199997, -14.5125522694 ], [ -49.658718553299998, -14.5178962954 ], [ -49.6628324936, -14.5252384559 ], [ -49.661522646900004, -14.53148707 ], [ -49.656023611499997, -14.532666547 ], [ -49.658243777599999, -14.538288867 ], [ -49.652938274900002, -14.5382006697 ], [ -49.6509983021, -14.5525167888 ], [ -49.6453307393, -14.553692742899999 ], [ -49.641689707799998, -14.5613960788 ], [ -49.6340523191, -14.566013933900001 ], [ -49.6345996043, -14.5780779578 ], [ -49.639442643, -14.617031585499999 ], [ -49.643687359600001, -14.627823235199999 ], [ -49.637193143700003, -14.632712537 ], [ -49.625633708, -14.634065790499999 ], [ -49.632237772, -14.647394373799999 ], [ -49.624417871200002, -14.676118578400001 ], [ -49.6149956613, -14.6810896635 ], [ -49.605521660500003, -14.6654123077 ], [ -49.596961560499999, -14.663412707 ], [ -49.588945324400001, -14.653884379499999 ], [ -49.579422985199997, -14.6493862582 ], [ -49.572660726599999, -14.649349084 ], [ -49.566362111700002, -14.6443618335 ], [ -49.574937376699999, -14.626513185 ], [ -49.566545770499999, -14.6052131648 ], [ -49.556880916799997, -14.598405381699999 ], [ -49.553273346799998, -14.5872577172 ], [ -49.5559670711, -14.582728790299999 ], [ -49.555244260499997, -14.5695004572 ], [ -49.551606047500002, -14.5694035241 ], [ -49.551607173699999, -14.5628791898 ], [ -49.547333048299997, -14.559886585899999 ], [ -49.547245489600002, -14.5541754649 ], [ -49.542226451099999, -14.553899017799999 ], [ -49.542769900300001, -14.550549842500001 ], [ -49.539245374300002, -14.550906556 ], [ -49.534691383400002, -14.5424722525 ], [ -49.542329540099999, -14.5345949227 ], [ -49.541135732500003, -14.5154798678 ], [ -49.547656508700001, -14.512313237600001 ], [ -49.545415477200002, -14.5097739561 ], [ -49.553744513300003, -14.5016826635 ], [ -49.548275716900001, -14.4985767777 ], [ -49.543856421, -14.4848091031 ], [ -49.547134633699997, -14.484141813100001 ], [ -49.547496225, -14.479976056 ], [ -49.540526701600001, -14.463286653300001 ], [ -49.522438259399998, -14.474848720100001 ], [ -49.500131366300003, -14.4628590473 ], [ -49.495844413100002, -14.4697987828 ], [ -49.487662847599999, -14.471629930900001 ], [ -49.4836562112, -14.464884316599999 ], [ -49.4731416216, -14.4620483559 ], [ -49.496610432399997, -14.254749538800001 ], [ -49.561191364400003, -14.2324005956 ], [ -49.557328308300001, -14.217175222 ], [ -49.563332068500003, -14.2029455834 ], [ -49.559936236200002, -14.1998972749 ], [ -49.555635251799998, -14.2028203139 ], [ -49.551940747700002, -14.201308711699999 ], [ -49.541105514400002, -14.2089327688 ], [ -49.537328478399999, -14.2073301691 ], [ -49.521918351099998, -14.2126037086 ], [ -49.521662710400001, -14.2152300684 ], [ -49.516943319500001, -14.2143306621 ], [ -49.513965271499998, -14.220181678399999 ], [ -49.500940368499997, -14.226038926499999 ], [ -49.5027442, -14.2290562829 ], [ -49.495360462199997, -14.230854602599999 ], [ -49.491899842499997, -14.2362264509 ], [ -49.490637197300003, -14.2390428272 ], [ -49.482187000700002, -14.2375027153 ], [ -49.481773572599998, -14.2488986326 ], [ -49.4786589749, -14.246694639799999 ], [ -49.475355457399999, -14.2501023377 ], [ -49.473609249200003, -14.2586860099 ], [ -49.480992300700002, -14.2686330493 ], [ -49.479520947, -14.2769533807 ], [ -49.471080106199999, -14.2762247805 ], [ -49.472609740899998, -14.2794084127 ], [ -49.4636652262, -14.2822040455 ], [ -49.464632968700002, -14.287468991800001 ], [ -49.4594696666, -14.2916692042 ], [ -49.4547182632, -14.284648627499999 ], [ -49.449777667699998, -14.286852851600001 ], [ -49.4506056118, -14.280352217900001 ], [ -49.440857893800001, -14.2791560146 ], [ -49.443936771700002, -14.271309502599999 ], [ -49.438992969799997, -14.271431517 ], [ -49.430246706, -14.257934519100001 ], [ -49.426134685599997, -14.259702642500001 ], [ -49.423628381, -14.2684610344 ], [ -49.4221600487, -14.274238003900001 ], [ -49.429301150800001, -14.2840895815 ], [ -49.424664094500002, -14.2906548831 ], [ -49.420887136399998, -14.288525765099999 ], [ -49.417970228900003, -14.2920297991 ], [ -49.425934044900004, -14.299076392 ], [ -49.4148517394, -14.3041288368 ], [ -49.416802876299997, -14.311216023 ], [ -49.4141098451, -14.3273869205 ], [ -49.420491144099998, -14.329449242800001 ], [ -49.411853069800003, -14.3380404781 ], [ -49.414578747699998, -14.343513189799999 ], [ -49.408130470400003, -14.3546634926 ], [ -49.408411625699998, -14.3617347462 ], [ -49.405523965299999, -14.361966431300001 ], [ -49.4063816536, -14.368499054300001 ], [ -49.399632461899998, -14.373398272599999 ], [ -49.409605515199999, -14.3782246235 ], [ -49.41268962, -14.3862207125 ], [ -49.420108714599998, -14.3869462596 ], [ -49.4154953615, -14.392597282500001 ], [ -49.408132490299998, -14.393057778399999 ], [ -49.407776407599997, -14.400026568199999 ], [ -49.396803409, -14.4018983131 ], [ -49.401133207800001, -14.412354772600001 ], [ -49.407216979399998, -14.416768170599999 ], [ -49.408910604699997, -14.4292878556 ], [ -49.403748698599998, -14.4353792006 ], [ -49.403581189500002, -14.441628786300001 ], [ -49.356323551099997, -14.49989207 ], [ -49.355195550700003, -14.504899372600001 ], [ -49.369496552, -14.514321027699999 ], [ -49.374908994199998, -14.5047826845 ], [ -49.387998764300001, -14.5071464688 ], [ -49.396076556200001, -14.523827795700001 ], [ -49.393566486799998, -14.534647507600001 ], [ -49.400718495699998, -14.532996798499999 ], [ -49.416740067900001, -14.536965224299999 ], [ -49.4463562798, -14.557181867 ], [ -49.453151170799998, -14.569101659499999 ], [ -49.450304801500003, -14.5764938447 ], [ -49.4539076736, -14.5849088511 ], [ -49.437611552500002, -14.595812112300001 ], [ -49.428303122700001, -14.601769987799999 ], [ -49.4341514284, -14.6165298573 ], [ -49.434526453700002, -14.6191328505 ], [ -49.423607494599999, -14.624437812 ], [ -49.421050245, -14.6304504998 ], [ -49.3909075272, -14.6375119437 ], [ -49.383134806599998, -14.6224793174 ], [ -49.372051027300003, -14.622783755 ], [ -49.358294304700003, -14.6091499609 ], [ -49.3485194764, -14.612654277 ], [ -49.3317302297, -14.6342396541 ], [ -49.322714123799997, -14.637480978699999 ], [ -49.319969905299999, -14.6678072579 ], [ -49.316881681799998, -14.6728952708 ], [ -49.294663804099997, -14.678847502 ], [ -49.289135266700001, -14.675924312599999 ], [ -49.278352889200001, -14.6829337956 ], [ -49.283940730399998, -14.6876786822 ], [ -49.2810887917, -14.701882635600001 ], [ -49.274794951399997, -14.704075207200001 ], [ -49.274808017600002, -14.707777167 ], [ -49.2664421363, -14.7072484102 ], [ -49.2566370248, -14.712283879399999 ], [ -49.236321828100003, -14.7259141151 ], [ -49.232107580300003, -14.724343641899999 ], [ -49.231301553900003, -14.730941663699999 ], [ -49.200017809, -14.7458387134 ], [ -49.199001780800003, -14.754072714299999 ], [ -49.192605623799999, -14.7605436417 ], [ -49.192604053, -14.76824895 ], [ -49.163602810299999, -14.772491777200001 ], [ -49.151685169799997, -14.768144252100001 ], [ -49.150137359399999, -14.736558799299999 ], [ -49.143019025, -14.733310766100001 ], [ -49.130855396, -14.7360273224 ], [ -49.121663639099999, -14.746704859599999 ], [ -49.115713013499999, -14.745745444 ], [ -49.109079942900003, -14.7352660909 ], [ -49.090825807900003, -14.7300422896 ], [ -49.069739288599997, -14.742917583200001 ], [ -49.069381180100002, -14.743062221200001 ], [ -49.0611093021, -14.738781213599999 ], [ -49.063022737499999, -14.7284981887 ], [ -49.060553429300001, -14.7230847733 ], [ -49.041523504099999, -14.708236663599999 ], [ -49.034158019, -14.7083335832 ], [ -49.02290014, -14.716314606399999 ], [ -49.004828062599998, -14.720072462799999 ], [ -48.998690610899999, -14.711889407199999 ], [ -49.020603046200002, -14.687621843100001 ], [ -49.0144371815, -14.662275002599999 ], [ -49.020437441, -14.6567902721 ], [ -49.028249881800001, -14.6344906729 ], [ -49.0435754497, -14.6279501099 ], [ -49.053633704299997, -14.6166693272 ], [ -49.050450862399998, -14.6098169191 ], [ -49.042352494, -14.605617930899999 ], [ -49.019521963, -14.6213234292 ], [ -49.0155491895, -14.620508257499999 ], [ -49.0180511899, -14.6063289699 ], [ -49.026924449699997, -14.600551577299999 ], [ -49.033963113, -14.6025241883 ], [ -49.044327975500003, -14.589526816899999 ], [ -49.038683156300003, -14.5767066923 ], [ -49.025325936500003, -14.5859164644 ], [ -49.015296862100001, -14.5852268956 ], [ -49.017632879499999, -14.580384328 ], [ -49.010970548899998, -14.575342386 ], [ -49.006463972600002, -14.5813078672 ], [ -49.009551573, -14.595886181699999 ], [ -49.001304774399998, -14.598051484 ], [ -48.991717494600003, -14.596443305599999 ], [ -48.991997767199997, -14.5926390572 ], [ -48.9969366698, -14.5953658073 ], [ -48.999826883, -14.591573992800001 ], [ -48.996104772499997, -14.5842235192 ], [ -48.992576602699998, -14.5846697333 ], [ -48.983603684, -14.5959733575 ], [ -48.975572292099997, -14.619934937 ], [ -48.975748401200001, -14.6242244684 ], [ -48.989607904800003, -14.6218114176 ], [ -48.990805125100003, -14.629958348300001 ], [ -48.984712577700002, -14.638199355 ], [ -48.987052239699999, -14.643545125 ], [ -48.981823804299999, -14.6460720646 ], [ -48.966386805399999, -14.645038198 ], [ -48.9702723714, -14.6532934063 ], [ -48.965800594500003, -14.6572647285 ], [ -48.965406565099997, -14.664698082499999 ], [ -48.959359350299998, -14.660334988400001 ], [ -48.949971881400003, -14.6607616182 ], [ -48.957750264399998, -14.674289358299999 ], [ -48.949831409799998, -14.680604903400001 ], [ -48.937269699200002, -14.676404421200001 ], [ -48.924217899399999, -14.679363970800001 ], [ -48.905907169099997, -14.670533434199999 ], [ -48.896019229399997, -14.6768451452 ], [ -48.880939351499997, -14.6796126799 ], [ -48.880662485800002, -14.685947929 ], [ -48.884078380299997, -14.688409633799999 ], [ -48.875493427199999, -14.694095713599999 ], [ -48.861103526100003, -14.687525734599999 ], [ -48.848440813899998, -14.6861374719 ], [ -48.842871583899999, -14.6890546439 ], [ -48.836742221500003, -14.6820258812 ], [ -48.8238044398, -14.6833410114 ], [ -48.817772394400002, -14.676074595699999 ], [ -48.819101117899997, -14.6680126526 ], [ -48.814741527800003, -14.6632005224 ], [ -48.8066389102, -14.6649934166 ], [ -48.802825488899998, -14.660540922499999 ], [ -48.797156716499998, -14.6599805706 ], [ -48.781331428900003, -14.6655454074 ], [ -48.774360655499997, -14.6584636694 ], [ -48.7796068396, -14.6501460285 ], [ -48.775132356299999, -14.6490437177 ], [ -48.771437659900002, -14.642324399 ], [ -48.755331020900002, -14.647258239499999 ], [ -48.760078057500003, -14.647905956600001 ], [ -48.758465635699999, -14.6527962953 ], [ -48.753132293900002, -14.659203139200001 ], [ -48.739554856600002, -14.665858976399999 ], [ -48.7378256382, -14.6760959387 ], [ -48.732601081699997, -14.6775240481 ], [ -48.728442454899998, -14.671531287800001 ], [ -48.724303718900003, -14.6849289262 ], [ -48.729662507900002, -14.6926507885 ], [ -48.731183967200003, -14.708867061599999 ], [ -48.723436692299998, -14.7186233094 ], [ -48.712333375, -14.726114749800001 ], [ -48.718907755700002, -14.735008236300001 ], [ -48.713380110800003, -14.74186889 ], [ -48.721634641500003, -14.753672187299999 ], [ -48.711637918800001, -14.764054230399999 ], [ -48.7184373857, -14.7637157338 ], [ -48.727686197499999, -14.778882428 ], [ -48.721021187700003, -14.7909062834 ], [ -48.722298714300003, -14.797615699 ], [ -48.715131149599998, -14.7972270461 ], [ -48.712716643199997, -14.8006511202 ], [ -48.726466175299997, -14.803516699199999 ], [ -48.726350908500002, -14.810493346499999 ], [ -48.739938142699998, -14.8112638166 ], [ -48.742791263100003, -14.8184341942 ], [ -48.740156903399999, -14.8262982471 ], [ -48.750211364499997, -14.834125956 ], [ -48.745051862899999, -14.842716038800001 ], [ -48.761329706, -14.847031082199999 ], [ -48.756991495400001, -14.8612419693 ], [ -48.764801173099997, -14.868416201 ], [ -48.762072739300002, -14.874388311700001 ], [ -48.768964211899998, -14.878037905699999 ], [ -48.761385907899999, -14.882449084699999 ], [ -48.758745815499999, -14.889323559 ], [ -48.767667271900002, -14.894955594500001 ], [ -48.771359174, -14.9063073701 ], [ -48.775847400099998, -14.905004628 ], [ -48.792742523400001, -14.918154533399999 ], [ -48.797273221499999, -14.9291291956 ], [ -48.793328167600002, -14.936373572899999 ], [ -48.8061751515, -14.950668904300001 ], [ -48.807931704300003, -14.9702034782 ], [ -48.803742622900003, -14.976620194200001 ], [ -48.8086335522, -14.987421427099999 ], [ -48.803188082600002, -14.995735743599999 ], [ -48.808281177300003, -15.0056042418 ], [ -48.830752006399997, -15.0237205895 ], [ -48.831602489300003, -15.0399689036 ], [ -48.843164928599997, -15.048814088 ], [ -48.845770691600002, -15.0449104797 ], [ -48.8470472546, -15.054126179100001 ], [ -48.855104048299999, -15.0630295962 ], [ -48.852470847600003, -15.086158437 ], [ -48.8557691679, -15.0878181217 ], [ -48.856828398499999, -15.0949378612 ], [ -48.861464543799997, -15.091361083 ], [ -48.866554558399997, -15.0969049374 ], [ -48.870212987400002, -15.101357313 ], [ -48.86799039, -15.105476925 ], [ -48.870548860900001, -15.11128962 ], [ -48.884268926200001, -15.1230839737 ], [ -48.884816159400003, -15.1379386462 ], [ -48.889300971099999, -15.1472622823 ], [ -48.9009654328, -15.1540376996 ], [ -48.907832376099996, -15.1634977827 ], [ -48.909533121099997, -15.1788814255 ], [ -48.914409297100001, -15.1864225128 ], [ -48.914172044799997, -15.2086581094 ], [ -48.920105554300001, -15.215960148500001 ], [ -48.917434480200001, -15.220996854599999 ], [ -48.922019462800002, -15.2428450141 ], [ -48.9276885552, -15.2514201944 ], [ -48.938133915599998, -15.2584870185 ], [ -48.979060564900003, -15.262401582400001 ], [ -49.000213784099998, -15.2648165443 ], [ -49.010108503700003, -15.273628757899999 ], [ -49.013464006699998, -15.2817561717 ], [ -49.019496837699997, -15.2822250612 ], [ -49.026744922900001, -15.276587189500001 ], [ -49.0386879558, -15.2878932356 ], [ -49.045799740500001, -15.304121674199999 ], [ -49.049077147299997, -15.3006447767 ], [ -49.060692095599997, -15.3057922164 ], [ -49.06296327, -15.320868149200001 ], [ -49.078683037799998, -15.3424316243 ], [ -49.080794348200001, -15.357528628700001 ], [ -49.079738764, -15.364905032799999 ], [ -49.084993191899997, -15.3728761055 ], [ -49.085525426700002, -15.381151409299999 ], [ -49.070800754700002, -15.3959242097 ], [ -49.075549648799999, -15.407118493900001 ], [ -49.075297883899999, -15.4208616837 ], [ -49.067377956500003, -15.425542052400001 ], [ -49.0774121018, -15.440673054399999 ], [ -49.066859614099997, -15.446680453600001 ], [ -49.0745492458, -15.4490164299 ], [ -49.074384782599999, -15.4547430739 ], [ -49.091600104100003, -15.468574499300001 ], [ -49.091620345800003, -15.480026756199999 ], [ -49.080982487500002, -15.4877062927 ], [ -49.082187950700003, -15.5124272274 ], [ -49.085191147899998, -15.518781821199999 ], [ -49.093769072800001, -15.5234807579 ], [ -49.119351757499999, -15.5247008463 ], [ -49.088581063699998, -15.538193073 ], [ -49.1073336388, -15.5440677537 ], [ -49.129688602599998, -15.5734999472 ], [ -49.147272319199999, -15.5863756418 ], [ -49.169354663299998, -15.590885542 ], [ -49.184350305700001, -15.597962512800001 ], [ -49.1862718466, -15.6020236965 ], [ -49.188266912099998, -15.610085009100001 ], [ -49.176965453400001, -15.615083376099999 ], [ -49.169829322699997, -15.6270259445 ], [ -49.160047216, -15.622140658099999 ], [ -49.154042317600002, -15.6267961846 ], [ -49.1559083147, -15.6188189076 ], [ -49.148995091499998, -15.615396409400001 ], [ -49.141637187199997, -15.6181361579 ], [ -49.1443795223, -15.623629187100001 ], [ -49.1282455992, -15.6238395564 ], [ -49.155666211300002, -15.695548969800001 ], [ -49.158807767900001, -15.703763719399999 ], [ -49.165857270700002, -15.722215696199999 ], [ -49.1841977164, -15.770155665 ], [ -49.184254424499997, -15.7702839516 ], [ -49.204050026200001, -15.8220236002 ], [ -49.216894365100003, -15.8555701743 ], [ -49.214819899799998, -15.868899813700001 ], [ -49.204770644699998, -15.8739182765 ], [ -49.208184466900001, -15.8783211074 ], [ -49.2043370584, -15.885741338400001 ], [ -49.199351906799997, -15.8862707825 ], [ -49.1981218074, -15.8948785325 ], [ -49.199710490299999, -15.900895310899999 ], [ -49.201511113700001, -15.9034209857 ], [ -49.195983303600002, -15.915072475800001 ], [ -49.198237297799999, -15.9270784264 ], [ -49.1885165343, -15.932892731600001 ], [ -49.1795758134, -15.9325928364 ], [ -49.174151037599998, -15.9396425835 ], [ -49.178115679299999, -15.9430492148 ], [ -49.174991024900002, -15.949344739700001 ], [ -49.182647985099997, -15.9520580057 ], [ -49.180322561799997, -15.9583344845 ], [ -49.162893940700002, -15.9757511452 ], [ -49.152964050500003, -15.9791140977 ], [ -49.1523608989, -15.9886539509 ], [ -49.143304359600002, -15.995046733300001 ], [ -49.137514578500003, -15.9938721086 ], [ -49.131897153200001, -15.9979597928 ], [ -49.133317614600003, -16.001234206300001 ], [ -49.140505986500003, -16.0142307357 ], [ -49.154682121, -16.0262017475 ], [ -49.148671136600001, -16.031919635800001 ], [ -49.145865565500003, -16.043309708799999 ], [ -49.131173533800002, -16.0520568588 ], [ -49.139073547800002, -16.052316729699999 ], [ -49.145215364499997, -16.0569592015 ], [ -49.147991024299998, -16.073879851299999 ], [ -49.152575790299998, -16.077107813600001 ], [ -49.149410076199999, -16.082883262799999 ], [ -49.163628616, -16.0921234439 ], [ -49.157575649, -16.103052956399999 ], [ -49.160240219400002, -16.111835040300001 ], [ -49.154577682800003, -16.120932505100001 ], [ -49.159991984800001, -16.131767000499998 ], [ -49.151685369699997, -16.132597917599998 ], [ -49.148505158799999, -16.124077051 ], [ -49.122561943599997, -16.132364968 ], [ -49.105822083600003, -16.145679599 ], [ -49.100997810400003, -16.142358468099999 ], [ -49.098683558200001, -16.133810346200001 ], [ -49.0830775409, -16.139706896900002 ], [ -49.0708729328, -16.135609243099999 ], [ -49.06586517, -16.136094680399999 ], [ -49.057989776399999, -16.1282037832 ], [ -49.046763370900003, -16.129781060300001 ], [ -49.0285172444, -16.1377983886 ], [ -49.023106696600003, -16.135053164 ], [ -49.019377371300003, -16.142061754899999 ], [ -49.011871194900003, -16.140279909499998 ], [ -49.0054706612, -16.133171376699998 ], [ -48.996050629300001, -16.133618802 ], [ -48.980605422099998, -16.124906542800002 ], [ -48.962830170499998, -16.1256150412 ], [ -48.941601502600001, -16.130798809600002 ], [ -48.939416191900001, -16.134024719 ], [ -48.930800612600002, -16.150434509899998 ], [ -48.922184879699998, -16.1631238732 ], [ -48.929217010400002, -16.1697314862 ], [ -48.933075135400003, -16.191836224700001 ], [ -48.947553174900001, -16.202979658099999 ], [ -48.948582089, -16.2088846041 ], [ -48.959823135699999, -16.219286249900001 ], [ -48.954714925899999, -16.231045450300002 ], [ -48.9465777331, -16.235283812500001 ], [ -48.935135185599997, -16.2298600216 ], [ -48.933387933799999, -16.2284899683 ], [ -48.921483269, -16.2191575232 ], [ -48.9192161657, -16.224113781900002 ], [ -48.899046182699998, -16.2349480488 ], [ -48.8713818178, -16.2380613381 ], [ -48.8479921152, -16.226490665099998 ], [ -48.831371799599999, -16.232380086900001 ], [ -48.8258852596, -16.237086321700001 ], [ -48.825684307800003, -16.2554533078 ], [ -48.815988655799998, -16.2566318955 ], [ -48.805099433499997, -16.268863463 ], [ -48.792270199199997, -16.265669659099999 ], [ -48.779335317700003, -16.275270239800001 ], [ -48.7729628138, -16.2771089869 ], [ -48.769161812699998, -16.290821409100001 ], [ -48.767325089700002, -16.307119604499999 ], [ -48.75040687, -16.331715869899998 ], [ -48.755746860899997, -16.336190145700002 ], [ -48.762244580900003, -16.359599952100002 ], [ -48.750909524299999, -16.368243210700001 ], [ -48.749793844300001, -16.374963430200001 ], [ -48.760562571100003, -16.385075442600002 ], [ -48.800661286599997, -16.382424946499999 ], [ -48.820663945900002, -16.398270490200002 ], [ -48.848798228699998, -16.4002821594 ], [ -48.853745263, -16.403421598200001 ], [ -48.861092118199998, -16.400139796800001 ], [ -48.871436309499998, -16.3933236861 ], [ -48.877492528399998, -16.395489910199998 ], [ -48.883548109499998, -16.404299736399999 ], [ -48.895458828700001, -16.403059088199999 ], [ -48.908953714900001, -16.395930696800001 ], [ -48.916127066199998, -16.403586191799999 ], [ -48.907460933300001, -16.407285872700001 ], [ -48.885657979500003, -16.4331000639 ], [ -48.882631215300002, -16.441753371899999 ], [ -48.862417845800003, -16.452769482800001 ], [ -48.8684344399, -16.466870000899998 ], [ -48.864992541200003, -16.484786761399999 ], [ -48.8398237647, -16.502157456500001 ], [ -48.8371315833, -16.507943886100001 ], [ -48.838522814299999, -16.521469246900001 ], [ -48.828190967200001, -16.5225545694 ], [ -48.803995239199999, -16.561618083599999 ], [ -48.795129870499999, -16.557993787200001 ], [ -48.7853249701, -16.587249485099999 ], [ -48.757618565, -16.603643833900001 ], [ -48.726683042, -16.6040269483 ], [ -48.719161063500003, -16.619582123200001 ], [ -48.7180015932, -16.6400026924 ], [ -48.718230026800001, -16.645273136499998 ], [ -48.7183766375, -16.676126435099999 ], [ -48.723020631700003, -16.6860515949 ], [ -48.766013206, -16.647869027900001 ], [ -48.785266429399996, -16.631061956900002 ], [ -48.795883104200001, -16.629489445899999 ], [ -48.805356480599997, -16.6326839601 ], [ -48.817612357100003, -16.649159816 ], [ -48.830851170199999, -16.657222776800001 ], [ -48.836934660700003, -16.656365199100001 ], [ -48.852705054399998, -16.6566451172 ], [ -48.869727928099998, -16.6589387209 ], [ -48.872211098800001, -16.656686329300001 ], [ -48.8765646628, -16.664781814600001 ], [ -48.879351054200001, -16.664557739399999 ], [ -48.890453504100002, -16.68877523 ], [ -48.901542545200002, -16.700739553399998 ], [ -48.900951865300001, -16.706723169699998 ], [ -48.905754138600003, -16.7149404293 ], [ -48.915496375499998, -16.719944723800001 ], [ -48.916977199500003, -16.723876284 ], [ -48.914804240700001, -16.7309173019 ], [ -48.905686903899998, -16.7370896356 ], [ -48.891668913700002, -16.7337175561 ], [ -48.890189676799999, -16.737714901699999 ], [ -48.880105283100001, -16.741034105400001 ], [ -48.877899563500002, -16.747481849300001 ], [ -48.864223090599999, -16.757149417 ], [ -48.868201830399997, -16.7673814258 ], [ -48.855607645, -16.750981832899999 ], [ -48.841205604300001, -16.7618911649 ], [ -48.834057673, -16.7628457293 ], [ -48.825112407699997, -16.778347254300002 ], [ -48.826604834500003, -16.78417231 ], [ -48.832274606799999, -16.783018267300001 ], [ -48.836487830700001, -16.786235828100001 ], [ -48.830053118099997, -16.793342276699999 ], [ -48.829711249299997, -16.793560656 ], [ -48.816358494500001, -16.7951630775 ], [ -48.806877634199999, -16.790765525400001 ], [ -48.8007101018, -16.7950138733 ], [ -48.789014052900001, -16.809820325499999 ], [ -48.787014599199999, -16.835547957199999 ], [ -48.791571970299998, -16.843232649299999 ], [ -48.791406589099999, -16.8615722967 ], [ -48.798903363599997, -16.869920326399999 ], [ -48.796991229600003, -16.886667994700002 ], [ -48.8033219131, -16.890944295499999 ], [ -48.803685873900001, -16.897796406099999 ], [ -48.800437259399999, -16.9009740276 ], [ -48.805355542900003, -16.9119414026 ], [ -48.802712659699999, -16.9137394577 ], [ -48.785906680899998, -16.9154744957 ], [ -48.777237526599997, -16.919971694699999 ], [ -48.777518180199998, -16.9261929774 ], [ -48.768965016, -16.9366104247 ], [ -48.771907790100002, -16.959431154400001 ], [ -48.7761274056, -16.9634747566 ], [ -48.780051577199998, -16.979099858800001 ], [ -48.765739380299998, -16.992197851299998 ], [ -48.768544455, -16.999355338299999 ], [ -48.769772109100003, -17.012056215699999 ], [ -48.751268516899998, -17.016914008899999 ], [ -48.737177179100001, -17.0296371787 ], [ -48.725271326799998, -17.032328183200001 ], [ -48.7147715463, -17.039159723800001 ], [ -48.704851654099997, -17.056433798899999 ], [ -48.708100366899998, -17.0674389357 ], [ -48.7066289144, -17.079925026800002 ], [ -48.698459486799997, -17.093896014 ], [ -48.687964808499999, -17.0934880981 ], [ -48.682903527199997, -17.097250810599999 ], [ -48.679465426299998, -17.104474445699999 ], [ -48.680485446299997, -17.114467114699998 ], [ -48.680478768, -17.115658103600001 ], [ -48.679711363899997, -17.119825539200001 ], [ -48.675518003199997, -17.1179420076 ], [ -48.66423585, -17.123297429899999 ], [ -48.659128571399997, -17.121390474799998 ], [ -48.6454361216, -17.124228848 ], [ -48.639796285800003, -17.129803317299999 ], [ -48.638243465499997, -17.138393490799999 ], [ -48.646936602700002, -17.1492042687 ], [ -48.640294288100002, -17.154622465900001 ], [ -48.641544758800002, -17.1602094751 ], [ -48.637795299399997, -17.164998069500001 ], [ -48.645384426500001, -17.183869252899999 ], [ -48.651856632499999, -17.178291770800001 ], [ -48.662544199800003, -17.176664967299999 ], [ -48.669181573700001, -17.167295272699999 ], [ -48.690767055899997, -17.161776332799999 ], [ -48.694929419600001, -17.1634960556 ], [ -48.702966946499998, -17.1579708455 ], [ -48.7228889931, -17.158086046 ], [ -48.7300686074, -17.160775020599999 ], [ -48.735127709, -17.167766736600001 ], [ -48.745549198399999, -17.165020785100001 ], [ -48.755473389, -17.168832766 ], [ -48.783125818099997, -17.185263435700001 ], [ -48.7877103541, -17.193701930900001 ], [ -48.794871671599999, -17.189230739900001 ], [ -48.799823851799999, -17.177290530299999 ], [ -48.811186430299998, -17.1572656397 ], [ -48.811130408899999, -17.1444590101 ], [ -48.81563121, -17.141371857900001 ], [ -48.8189054244, -17.132077522500001 ], [ -48.818969682300001, -17.131896357900001 ], [ -48.821628925299997, -17.120457380400001 ], [ -48.827189871800002, -17.115852406199998 ], [ -48.827044704099997, -17.1051774835 ], [ -48.8385159993, -17.091283788199998 ], [ -48.844621460200003, -17.062043870299998 ], [ -48.848970140900001, -17.054844989300001 ], [ -48.859519113300003, -17.051828786600002 ], [ -48.8631598049, -17.036239864500001 ], [ -48.879266852599997, -17.016170868300001 ], [ -48.8989090229, -17.023114484299999 ], [ -48.916384075800003, -17.0207215752 ], [ -48.919325182, -17.0245252243 ], [ -48.92499012, -17.022836962 ], [ -48.9264564259, -17.033833337600001 ], [ -48.935851905200003, -17.042614895700002 ], [ -48.938604845900002, -17.054385479499999 ], [ -48.935489167900002, -17.067862893800001 ], [ -48.940126397, -17.078100662499999 ], [ -48.9382905087, -17.0894771265 ], [ -48.961468140199997, -17.086617372199999 ], [ -48.982096368, -17.092018973599998 ], [ -49.002082321800003, -17.079817154699999 ], [ -49.012630704300001, -17.0685239544 ], [ -49.034989669600002, -17.066368113799999 ], [ -49.040631172099999, -17.053821809199999 ], [ -49.05088456, -17.052333502 ], [ -49.073133669800001, -17.061696106900001 ], [ -49.083103023200003, -17.060688494099999 ], [ -49.0895614521, -17.0781095669 ], [ -49.0915451921, -17.072702002100002 ], [ -49.107326456800003, -17.078344705399999 ], [ -49.107242878599997, -17.089484371899999 ], [ -49.1106586752, -17.095866171400001 ], [ -49.119659780200003, -17.0962247856 ], [ -49.121162435899997, -17.104514552 ], [ -49.119579160299999, -17.106907954699999 ], [ -49.115911423299998, -17.1048289314 ], [ -49.118907779200001, -17.1174580062 ], [ -49.108492216, -17.123582690700001 ], [ -49.109537484100002, -17.134917125499999 ], [ -49.1285812753, -17.131098837700002 ], [ -49.133242827799997, -17.126453168099999 ], [ -49.144382843599999, -17.130394689300001 ], [ -49.154962065699998, -17.122243964399999 ], [ -49.173624680300001, -17.1202785503 ], [ -49.182519861899998, -17.132909120899999 ], [ -49.191463536199997, -17.1368430592 ], [ -49.196541729300002, -17.1224554639 ], [ -49.205908043299999, -17.115378241799998 ], [ -49.212601477299998, -17.100995514899999 ], [ -49.216125894800001, -17.1013307823 ], [ -49.2153209011, -17.091651674600001 ], [ -49.224354258699996, -17.083820145400001 ], [ -49.2312419386, -17.0820878814 ], [ -49.264105644700003, -17.094352705399999 ], [ -49.282662749499998, -17.107239263499999 ], [ -49.293941881599999, -17.109278654400001 ], [ -49.320029084799998, -17.130542245899999 ], [ -49.320327868, -17.130697815600001 ], [ -49.367491680400001, -17.141841354699999 ], [ -49.3865755968, -17.155947798100001 ], [ -49.400766165199997, -17.158758540800001 ], [ -49.424042258699998, -17.1584538842 ], [ -49.433993203599996, -17.1517581373 ], [ -49.4361293256, -17.144376771299999 ], [ -49.4465752276, -17.141649404 ], [ -49.452496008200001, -17.145144734900001 ], [ -49.461573148600003, -17.164994890500001 ], [ -49.488688916699999, -17.1591199181 ], [ -49.4888838703, -17.1529695993 ], [ -49.479410893900003, -17.1451952257 ], [ -49.4795189353, -17.131814153299999 ], [ -49.491940074399999, -17.124186572199999 ], [ -49.493104968300003, -17.119929666099999 ], [ -49.480240025199997, -17.1135962167 ], [ -49.473906228600001, -17.099223635400001 ], [ -49.491079978199998, -17.067070069 ], [ -49.480993685400001, -17.0418348882 ], [ -49.479655755499998, -17.027240140899998 ], [ -49.4831029184, -17.0233230754 ], [ -49.476242126700001, -17.005479581900001 ], [ -49.477708439300002, -16.999775628599998 ], [ -49.4694350364, -16.9916469303 ], [ -49.479099534500001, -16.979592312299999 ], [ -49.489161981300001, -16.9806734945 ], [ -49.502913465399999, -16.995891667199999 ], [ -49.516215587200001, -16.9977244146 ], [ -49.522633129699997, -17.005655088699999 ], [ -49.526102462799997, -17.017330838399999 ], [ -49.523747477199997, -17.022768063699999 ], [ -49.527317252899998, -17.025733231899999 ], [ -49.535078595900004, -17.024686547 ], [ -49.542993259900001, -17.0442108648 ], [ -49.5469399614, -17.0454138988 ], [ -49.553743007199998, -17.0366213599 ], [ -49.559013296899998, -17.0394177214 ], [ -49.5616829465, -17.035026909 ], [ -49.568102219, -17.035002545099999 ], [ -49.575078737399998, -17.040673060700001 ], [ -49.576516784900001, -17.047824022299999 ], [ -49.583940739699997, -17.052914619199999 ], [ -49.589322661200001, -17.0518784245 ], [ -49.598683732600001, -17.062087956700001 ], [ -49.6058028721, -17.063431597499999 ], [ -49.606076763700003, -17.0573982923 ], [ -49.615015814700001, -17.053679020299999 ], [ -49.619980289700003, -17.0446782251 ], [ -49.620033740499998, -17.044521631 ], [ -49.6218478459, -17.0391712025 ], [ -49.633767284199998, -17.010071804599999 ], [ -49.594661258400002, -16.952262279500001 ], [ -49.599137489199997, -16.949580535599999 ], [ -49.624518318600003, -16.955310332 ], [ -49.628992978100001, -16.952681010900001 ], [ -49.673043826799997, -16.9563943906 ], [ -49.683604971699999, -16.950849014100001 ], [ -49.692713545700002, -16.9508669097 ], [ -49.699328994399998, -16.942056193300001 ], [ -49.720329296899997, -16.953865803700001 ], [ -49.7277763218, -16.955562069399999 ], [ -49.732574544, -16.951389958299998 ], [ -49.742886313600003, -16.955976151200002 ], [ -49.744077042699999, -16.947771878600001 ], [ -49.748852034800002, -16.943728606800001 ], [ -49.7437998081, -16.941197665499999 ], [ -49.737017793299998, -16.9450863418 ], [ -49.734548241600002, -16.936680635599998 ], [ -49.7284087464, -16.9367789681 ], [ -49.7258816724, -16.9321808915 ], [ -49.7276589899, -16.9220490262 ], [ -49.733689571, -16.91864072 ], [ -49.736352230199998, -16.911727435900001 ], [ -49.731604691100003, -16.905758979600002 ], [ -49.734462178299999, -16.898938996 ], [ -49.720745380799997, -16.890621119799999 ], [ -49.719599629800001, -16.883990179800001 ], [ -49.714378362300003, -16.8803366432 ], [ -49.701020525, -16.878634117499999 ], [ -49.696057360099999, -16.881496952599999 ], [ -49.685327821599998, -16.872497949300001 ], [ -49.664857724, -16.874850851600002 ], [ -49.646241802500001, -16.8588816173 ], [ -49.6387725027, -16.858381738399999 ], [ -49.628407462, -16.845857515900001 ], [ -49.610273853400003, -16.8413783733 ], [ -49.607921742099997, -16.8335032771 ], [ -49.603292246899997, -16.820707641799999 ], [ -49.596683516500001, -16.813945051699999 ], [ -49.598493938200001, -16.801752017399998 ], [ -49.632105127300001, -16.803801381700001 ], [ -49.636991296799998, -16.799776301400001 ], [ -49.637214363699997, -16.788799056399998 ], [ -49.616466731400003, -16.778778609700002 ], [ -49.640548710700003, -16.7701659168 ], [ -49.637795533400002, -16.760948501600001 ], [ -49.644770552200001, -16.762718123 ], [ -49.653052539599997, -16.760034899899999 ], [ -49.654913716400003, -16.737500256200001 ], [ -49.662331308, -16.7293165699 ], [ -49.675242357, -16.724133700500001 ], [ -49.672741735800003, -16.712343626900001 ], [ -49.690187954499997, -16.690620148 ], [ -49.692412753600003, -16.680029830900001 ], [ -49.688127739499997, -16.6704447742 ], [ -49.685688557200002, -16.670164252500001 ], [ -49.7060446777, -16.662568195399999 ], [ -49.713951442199999, -16.669565685 ], [ -49.718548523599999, -16.6729058964 ], [ -49.727624943499997, -16.669847369500001 ], [ -49.718107896, -16.645868869 ], [ -49.723550348700002, -16.638867042200001 ], [ -49.729464574399998, -16.6402055633 ], [ -49.730049378799997, -16.637594158300001 ], [ -49.734275389799997, -16.638455244199999 ], [ -49.744996379200003, -16.6522617227 ] ] ] } },
{ "type": "Feature", "properties": { "Mesorregiao": "Leste Goiano", "id": "5200100", "name": "Abadiânia", "description": "Abadiânia", "Cod_Munic_Comp": "5200100", "Cod_UF": 52, "UF": "Goiás", "Cod_Regiao_Intermediaria": 5201, "Regiao_Intermediaria": "Goiânia", "Cod_Regiao_Imediata": 520002, "Regiao_Imediata": "Anápolis", "Cod_Mesorregiao": 4, "Cod_Microrregiao": 12, "Microrregiao": "Entorno de Brasília", "Municipio": "Abadiânia", "Regiao_Planejamento": "Região Entorno do Distrito Federal", "latitude": "-16,18267186", "longitude": "-48,71881214", "COD_MUNIC_6": 520010, "AREA": 1044555, "COD_MUNIC_4": 9201, "RIDE": 1, "REGIONAL_IEL": "Leste e Nordeste", "Capital": 0, "MACROREGIAO": "Centro-Oeste", "area_km2": 54356.578228264596 }, "geometry": { "type": "Polygon", "coordinates": [ [ [ -47.902377854599997, -16.915042130700002 ], [ -47.910675976199997, -16.923425434399999 ], [ -47.903043790600002, -16.937161374399999 ], [ -47.9068800039, -16.941392454199999 ], [ -47.900711059800003, -16.947748343299999 ], [ -47.9004904094, -16.952823939400002 ], [ -47.909710589900001, -16.9714994512 ], [ -47.920879694500002, -16.981714161399999 ], [ -47.920893585400002, -16.992819043400001 ], [ -47.9167969063, -16.9963442671 ], [ -47.919045527900003, -17.003821834099998 ], [ -48.000597492600001, -16.951692516600001 ], [ -48.005390714199997, -16.944928217299999 ], [ -48.007856298599997, -16.9325999271 ], [ -48.035649093300002, -16.921324905900001 ], [ -48.066156137500002, -16.932035125700001 ], [ -48.077760281800003, -16.929202726500002 ], [ -48.078485407300001, -16.907245981700001 ], [ -48.089212051099999, -16.890669255599999 ], [ -48.077928279200002, -16.879153151 ], [ -48.084773370699999, -16.8596561206 ], [ -48.088400044099998, -16.8571261648 ], [ -48.078540316199998, -16.844571992 ], [ -48.078452419199998, -16.8369797109 ], [ -48.083461950900002, -16.831839233299998 ], [ -48.079074337100003, -16.824138946800002 ], [ -48.080841887399998, -16.8112976946 ], [ -48.076766177300001, -16.8087502421 ], [ -48.075584087300001, -16.801321842499998 ], [ -48.081160634699998, -16.7957152422 ], [ -48.080261444599998, -16.789170231100002 ], [ -48.089766212, -16.7742892228 ], [ -48.089791038800001, -16.768010757700001 ], [ -48.105322581599999, -16.765799562800002 ], [ -48.100568390299998, -16.7618129727 ], [ -48.104770591200001, -16.747860817100001 ], [ -48.112097219299997, -16.7485368382 ], [ -48.124295328599999, -16.7406152362 ], [ -48.131914839399997, -16.7422254371 ], [ -48.1391576746, -16.739298551 ], [ -48.1457950247, -16.742221911200001 ], [ -48.151630317299997, -16.731602129799999 ], [ -48.156015491, -16.7366271733 ], [ -48.158301971500002, -16.7330028648 ], [ -48.160346437400001, -16.7354526992 ], [ -48.168159563899998, -16.732504667699999 ], [ -48.170960018899997, -16.735364356800002 ], [ -48.173458474900002, -16.730962107100002 ], [ -48.1819892782, -16.7369983934 ], [ -48.194270429, -16.734551559100002 ], [ -48.189326300799998, -16.677410824399999 ], [ -48.1943491356, -16.6682558792 ], [ -48.190126429599999, -16.654669114600001 ], [ -48.194771499, -16.640943588500001 ], [ -48.202754944200002, -16.632960076 ], [ -48.228714683100002, -16.601896271499999 ], [ -48.2428095072, -16.561990419400001 ], [ -48.254090829200003, -16.5359160444 ], [ -48.264876173899999, -16.4969689986 ], [ -48.287050116, -16.483351925 ], [ -48.299174435, -16.4693542198 ], [ -48.2999672049, -16.464779143499999 ], [ -48.300542956900003, -16.457792809400001 ], [ -48.306521283499997, -16.451980281899999 ], [ -48.327267803600002, -16.452698676099999 ], [ -48.341159652199998, -16.4436979806 ], [ -48.347992245900002, -16.423290864799998 ], [ -48.351829844500003, -16.421150138400002 ], [ -48.353240158399998, -16.419800192299999 ], [ -48.358213944699997, -16.401099131700001 ], [ -48.366988343800003, -16.4021353089 ], [ -48.375628902, -16.398359922099999 ], [ -48.401011042299999, -16.382286342 ], [ -48.395772460499998, -16.358823976899998 ], [ -48.402272446399998, -16.340112967300001 ], [ -48.3982377528, -16.3240042354 ], [ -48.373769686300001, -16.309593902900001 ], [ -48.376025618, -16.302761711300001 ], [ -48.380038171499997, -16.303426888400001 ], [ -48.37929297, -16.3003544255 ], [ -48.393149713500001, -16.303484795300001 ], [ -48.397745733699999, -16.298888357 ], [ -48.398266252900001, -16.2918559666 ], [ -48.403630659299999, -16.292769616400001 ], [ -48.405748968600001, -16.288059864699999 ], [ -48.411099727299998, -16.286223385500001 ], [ -48.423997875, -16.289507282900001 ], [ -48.435889097699999, -16.283202881200001 ], [ -48.440510393, -16.289113041099998 ], [ -48.450378925599999, -16.2902892237 ], [ -48.456382069100002, -16.284486602600001 ], [ -48.458071157200003, -16.289347907900002 ], [ -48.467408535899999, -16.295799313500002 ], [ -48.477044085400003, -16.293989876400001 ], [ -48.484355395, -16.298285370399999 ], [ -48.490487541500002, -16.295870283900001 ], [ -48.4882955677, -16.303942359600001 ], [ -48.493742750199999, -16.305667106600001 ], [ -48.495410189799998, -16.3227525026 ], [ -48.500820728800001, -16.320658805400001 ], [ -48.505103324, -16.327952977599999 ], [ -48.517518348199999, -16.331380092 ], [ -48.520244687599998, -16.333081715300001 ], [ -48.517049886899997, -16.337554738400001 ], [ -48.5228482132, -16.340723016799998 ], [ -48.5302921635, -16.340048566099998 ], [ -48.533304214899999, -16.3431950469 ], [ -48.542736546299999, -16.340207610899999 ], [ -48.550184910900001, -16.3458357333 ], [ -48.558905748800001, -16.331134616899998 ], [ -48.5727961674, -16.327291368499999 ], [ -48.584852184100001, -16.3319596905 ], [ -48.588271271799996, -16.3267257149 ], [ -48.588476362800002, -16.326621122799999 ], [ -48.5958228529, -16.325579769400001 ], [ -48.598105912699999, -16.3167416338 ], [ -48.605151332299997, -16.3123998957 ], [ -48.6116809452, -16.312892715699999 ], [ -48.6194384223, -16.307894159100002 ], [ -48.622488165699998, -16.303820272900001 ], [ -48.620907006, -16.2935997479 ], [ -48.630827979400003, -16.282263180099999 ], [ -48.640606247, -16.281653948399999 ], [ -48.649775011400003, -16.290033924599999 ], [ -48.658937534099998, -16.290604063100002 ], [ -48.672651169600002, -16.286077753400001 ], [ -48.696770346400001, -16.290239831899999 ], [ -48.718523478900003, -16.281183826199999 ], [ -48.724692766399997, -16.2846137644 ], [ -48.759049855100002, -16.286076891699999 ], [ -48.766654765299997, -16.292496609099999 ], [ -48.769161812699998, -16.290821409100001 ], [ -48.7729628138, -16.2771089869 ], [ -48.779335317700003, -16.275270239800001 ], [ -48.792270199199997, -16.265669659099999 ], [ -48.805099433499997, -16.268863463 ], [ -48.815988655799998, -16.2566318955 ], [ -48.825684307800003, -16.2554533078 ], [ -48.8258852596, -16.237086321700001 ], [ -48.831371799599999, -16.232380086900001 ], [ -48.8479921152, -16.226490665099998 ], [ -48.8713818178, -16.2380613381 ], [ -48.899046182699998, -16.2349480488 ], [ -48.9192161657, -16.224113781900002 ], [ -48.921483269, -16.2191575232 ], [ -48.933387933799999, -16.2284899683 ], [ -48.935135185599997, -16.2298600216 ], [ -48.9465777331, -16.235283812500001 ], [ -48.954714925899999, -16.231045450300002 ], [ -48.959823135699999, -16.219286249900001 ], [ -48.948582089, -16.2088846041 ], [ -48.947553174900001, -16.202979658099999 ], [ -48.933075135400003, -16.191836224700001 ], [ -48.929217010400002, -16.1697314862 ], [ -48.922184879699998, -16.1631238732 ], [ -48.930800612600002, -16.150434509899998 ], [ -48.939416191900001, -16.134024719 ], [ -48.941601502600001, -16.130798809600002 ], [ -48.962830170499998, -16.1256150412 ], [ -48.980605422099998, -16.124906542800002 ], [ -48.996050629300001, -16.133618802 ], [ -49.0054706612, -16.133171376699998 ], [ -49.011871194900003, -16.140279909499998 ], [ -49.019377371300003, -16.142061754899999 ], [ -49.023106696600003, -16.135053164 ], [ -49.0285172444, -16.1377983886 ], [ -49.046763370900003, -16.129781060300001 ], [ -49.057989776399999, -16.1282037832 ], [ -49.06586517, -16.136094680399999 ], [ -49.0708729328, -16.135609243099999 ], [ -49.0830775409, -16.139706896900002 ], [ -49.098683558200001, -16.133810346200001 ], [ -49.100997810400003, -16.142358468099999 ], [ -49.105822083600003, -16.145679599 ], [ -49.122561943599997, -16.132364968 ], [ -49.148505158799999, -16.124077051 ], [ -49.151685369699997, -16.132597917599998 ], [ -49.159991984800001, -16.131767000499998 ], [ -49.154577682800003, -16.120932505100001 ], [ -49.160240219400002, -16.111835040300001 ], [ -49.157575649, -16.103052956399999 ], [ -49.163628616, -16.0921234439 ], [ -49.149410076199999, -16.082883262799999 ], [ -49.152575790299998, -16.077107813600001 ], [ -49.147991024299998, -16.073879851299999 ], [ -49.145215364499997, -16.0569592015 ], [ -49.139073547800002, -16.052316729699999 ], [ -49.131173533800002, -16.0520568588 ], [ -49.145865565500003, -16.043309708799999 ], [ -49.148671136600001, -16.031919635800001 ], [ -49.154682121, -16.0262017475 ], [ -49.140505986500003, -16.0142307357 ], [ -49.133317614600003, -16.001234206300001 ], [ -49.131897153200001, -15.9979597928 ], [ -49.137514578500003, -15.9938721086 ], [ -49.143304359600002, -15.995046733300001 ], [ -49.1523608989, -15.9886539509 ], [ -49.152964050500003, -15.9791140977 ], [ -49.162893940700002, -15.9757511452 ], [ -49.180322561799997, -15.9583344845 ], [ -49.182647985099997, -15.9520580057 ], [ -49.174991024900002, -15.949344739700001 ], [ -49.178115679299999, -15.9430492148 ], [ -49.174151037599998, -15.9396425835 ], [ -49.1795758134, -15.9325928364 ], [ -49.1885165343, -15.932892731600001 ], [ -49.198237297799999, -15.9270784264 ], [ -49.195983303600002, -15.915072475800001 ], [ -49.201511113700001, -15.9034209857 ], [ -49.199710490299999, -15.900895310899999 ], [ -49.1981218074, -15.8948785325 ], [ -49.199351906799997, -15.8862707825 ], [ -49.2043370584, -15.885741338400001 ], [ -49.208184466900001, -15.8783211074 ], [ -49.204770644699998, -15.8739182765 ], [ -49.214819899799998, -15.868899813700001 ], [ -49.216894365100003, -15.8555701743 ], [ -49.204050026200001, -15.8220236002 ], [ -49.184254424499997, -15.7702839516 ], [ -49.1841977164, -15.770155665 ], [ -49.165857270700002, -15.722215696199999 ], [ -49.158807767900001, -15.703763719399999 ], [ -49.155666211300002, -15.695548969800001 ], [ -49.1282455992, -15.6238395564 ], [ -49.1443795223, -15.623629187100001 ], [ -49.141637187199997, -15.6181361579 ], [ -49.148995091499998, -15.615396409400001 ], [ -49.1559083147, -15.6188189076 ], [ -49.154042317600002, -15.6267961846 ], [ -49.160047216, -15.622140658099999 ], [ -49.169829322699997, -15.6270259445 ], [ -49.176965453400001, -15.615083376099999 ], [ -49.188266912099998, -15.610085009100001 ], [ -49.1862718466, -15.6020236965 ], [ -49.184350305700001, -15.597962512800001 ], [ -49.169354663299998, -15.590885542 ], [ -49.147272319199999, -15.5863756418 ], [ -49.129688602599998, -15.5734999472 ], [ -49.1073336388, -15.5440677537 ], [ -49.088581063699998, -15.538193073 ], [ -49.119351757499999, -15.5247008463 ], [ -49.093769072800001, -15.5234807579 ], [ -49.085191147899998, -15.518781821199999 ], [ -49.082187950700003, -15.5124272274 ], [ -49.080982487500002, -15.4877062927 ], [ -49.091620345800003, -15.480026756199999 ], [ -49.091600104100003, -15.468574499300001 ], [ -49.074384782599999, -15.4547430739 ], [ -49.0745492458, -15.4490164299 ], [ -49.066859614099997, -15.446680453600001 ], [ -49.0774121018, -15.440673054399999 ], [ -49.067377956500003, -15.425542052400001 ], [ -49.075297883899999, -15.4208616837 ], [ -49.075549648799999, -15.407118493900001 ], [ -49.070800754700002, -15.3959242097 ], [ -49.085525426700002, -15.381151409299999 ], [ -49.084993191899997, -15.3728761055 ], [ -49.079738764, -15.364905032799999 ], [ -49.080794348200001, -15.357528628700001 ], [ -49.078683037799998, -15.3424316243 ], [ -49.06296327, -15.320868149200001 ], [ -49.060692095599997, -15.3057922164 ], [ -49.049077147299997, -15.3006447767 ], [ -49.045799740500001, -15.304121674199999 ], [ -49.0386879558, -15.2878932356 ], [ -49.026744922900001, -15.276587189500001 ], [ -49.019496837699997, -15.2822250612 ], [ -49.013464006699998, -15.2817561717 ], [ -49.010108503700003, -15.273628757899999 ], [ -49.000213784099998, -15.2648165443 ], [ -48.979060564900003, -15.262401582400001 ], [ -48.938133915599998, -15.2584870185 ], [ -48.9276885552, -15.2514201944 ], [ -48.922019462800002, -15.2428450141 ], [ -48.917434480200001, -15.220996854599999 ], [ -48.920105554300001, -15.215960148500001 ], [ -48.914172044799997, -15.2086581094 ], [ -48.914409297100001, -15.1864225128 ], [ -48.909533121099997, -15.1788814255 ], [ -48.907832376099996, -15.1634977827 ], [ -48.9009654328, -15.1540376996 ], [ -48.889300971099999, -15.1472622823 ], [ -48.884816159400003, -15.1379386462 ], [ -48.884268926200001, -15.1230839737 ], [ -48.870548860900001, -15.11128962 ], [ -48.86799039, -15.105476925 ], [ -48.870212987400002, -15.101357313 ], [ -48.866554558399997, -15.0969049374 ], [ -48.861464543799997, -15.091361083 ], [ -48.856828398499999, -15.0949378612 ], [ -48.8557691679, -15.0878181217 ], [ -48.852470847600003, -15.086158437 ], [ -48.855104048299999, -15.0630295962 ], [ -48.8470472546, -15.054126179100001 ], [ -48.845770691600002, -15.0449104797 ], [ -48.843164928599997, -15.048814088 ], [ -48.831602489300003, -15.0399689036 ], [ -48.830752006399997, -15.0237205895 ], [ -48.808281177300003, -15.0056042418 ], [ -48.803188082600002, -14.995735743599999 ], [ -48.8086335522, -14.987421427099999 ], [ -48.803742622900003, -14.976620194200001 ], [ -48.807931704300003, -14.9702034782 ], [ -48.8061751515, -14.950668904300001 ], [ -48.793328167600002, -14.936373572899999 ], [ -48.797273221499999, -14.9291291956 ], [ -48.792742523400001, -14.918154533399999 ], [ -48.775847400099998, -14.905004628 ], [ -48.771359174, -14.9063073701 ], [ -48.767667271900002, -14.894955594500001 ], [ -48.758745815499999, -14.889323559 ], [ -48.761385907899999, -14.882449084699999 ], [ -48.768964211899998, -14.878037905699999 ], [ -48.762072739300002, -14.874388311700001 ], [ -48.764801173099997, -14.868416201 ], [ -48.756991495400001, -14.8612419693 ], [ -48.749438694, -14.8622037636 ], [ -48.750242622400002, -14.8721758091 ], [ -48.744380565599997, -14.872699493600001 ], [ -48.736244896800002, -14.8822809054 ], [ -48.743582559899998, -14.885194927200001 ], [ -48.751244848600003, -14.904606403600001 ], [ -48.751962705, -14.9106820271 ], [ -48.7463844782, -14.912563519300001 ], [ -48.745412953399999, -14.919628813799999 ], [ -48.739161493099999, -14.921692740899999 ], [ -48.749858710399998, -14.9271583843 ], [ -48.742383761, -14.933291430800001 ], [ -48.743209951, -14.936013519599999 ], [ -48.748829985199997, -14.934315145399999 ], [ -48.748691878599999, -14.938838607399999 ], [ -48.724575192400003, -14.940653560099999 ], [ -48.724082468500001, -14.947901504200001 ], [ -48.719573298199997, -14.950876280299999 ], [ -48.704323646299997, -14.9459316299 ], [ -48.695271965499998, -14.953322700199999 ], [ -48.683798751399998, -14.9510139956 ], [ -48.685546787900002, -14.9574571323 ], [ -48.681990024100003, -14.962874146600001 ], [ -48.696020047899999, -14.9723491524 ], [ -48.697767627799998, -14.980331125599999 ], [ -48.674957604500001, -14.976487368500001 ], [ -48.674256737, -14.977600127600001 ], [ -48.6751860675, -14.9837793657 ], [ -48.667740840699999, -14.9821195238 ], [ -48.654793660899998, -14.9608728551 ], [ -48.649576475499998, -14.958312103900001 ], [ -48.648330202300002, -14.96691812 ], [ -48.639578749499996, -14.9662453553 ], [ -48.641328102099997, -14.9725066281 ], [ -48.649049554400001, -14.977245565300001 ], [ -48.632522475400002, -14.9833391817 ], [ -48.634410837200001, -14.996754061800001 ], [ -48.626605950399998, -14.9970839841 ], [ -48.6269081282, -14.986126244499999 ], [ -48.617888365, -14.986445461200001 ], [ -48.614875878699998, -14.9889746321 ], [ -48.615882126800003, -14.994500903400001 ], [ -48.621131082200002, -15.0021148949 ], [ -48.6186588797, -15.0050087885 ], [ -48.610523039100002, -15.0020244211 ], [ -48.605544687799998, -14.9898378617 ], [ -48.603576159100001, -14.993450166100001 ], [ -48.593354203799997, -14.9915991185 ], [ -48.586990733, -14.9972850007 ], [ -48.5749954598, -14.993065826200001 ], [ -48.571911630300001, -15.0080185163 ], [ -48.557559412300002, -15.0137959911 ], [ -48.549185489700001, -15.0060013265 ], [ -48.521635203300001, -15.017308716500001 ], [ -48.509635838599998, -15.011878058800001 ], [ -48.501351720899997, -14.997891368099999 ], [ -48.499909182899998, -14.9842078204 ], [ -48.480910634399997, -14.9874023344 ], [ -48.479327813399998, -14.971549127 ], [ -48.473714098800002, -14.964151704400001 ], [ -48.4699964239, -14.965555307 ], [ -48.461520590600003, -14.957049080599999 ], [ -48.448303306600003, -14.9568221628 ], [ -48.434884054800001, -14.947540415800001 ], [ -48.430330828899997, -14.948212076300001 ], [ -48.422439171100002, -14.9381208181 ], [ -48.413052394499999, -14.934903582900001 ], [ -48.404886843200003, -14.940022967599999 ], [ -48.394741009400001, -14.9393263534 ], [ -48.380710296700002, -14.9439800677 ], [ -48.371545324099998, -14.9392628282 ], [ -48.371322234200001, -14.9267657405 ], [ -48.356720414199998, -14.9179075 ], [ -48.355436501500002, -14.908842267800001 ], [ -48.338466316100003, -14.9110187859 ], [ -48.324713345500001, -14.8987371209 ], [ -48.291606700199999, -14.896470557900001 ], [ -48.257863788, -14.873728913600001 ], [ -48.236411345500002, -14.8804656995 ], [ -48.214245019499998, -14.8660845728 ], [ -48.203653453400001, -14.8631527183 ], [ -48.1853261344, -14.848471482700001 ], [ -48.139008245299998, -14.845866562399999 ], [ -48.125739906, -14.8435161162 ], [ -48.114413765400002, -14.849265186 ], [ -48.100909712099998, -14.848200053499999 ], [ -48.082185154900003, -14.858663465499999 ], [ -48.081359462199998, -14.871863325 ], [ -48.0904087519, -14.884825430299999 ], [ -48.088207539899997, -14.8856361688 ], [ -48.077186880600003, -14.8946205169 ], [ -48.068022623, -14.881940221800001 ], [ -48.068576533600002, -14.874523249099999 ], [ -48.059014299399998, -14.858018772 ], [ -48.055051130199999, -14.855706576399999 ], [ -48.042635235399999, -14.8580913823 ], [ -48.035748272399999, -14.8513138482 ], [ -48.034212912, -14.8472237119 ], [ -48.040471827799998, -14.8383361511 ], [ -48.030966183700002, -14.8306159875 ], [ -48.027554402500002, -14.8234218639 ], [ -48.012575874, -14.822611025600001 ], [ -48.003602174100003, -14.809644019 ], [ -47.989794651700002, -14.8021786277 ], [ -47.951160198, -14.8024664024 ], [ -47.922218659400002, -14.793885533899999 ], [ -47.907271567, -14.798366571400001 ], [ -47.888959887299997, -14.7779344122 ], [ -47.866099172399998, -14.7728196226 ], [ -47.856960062500001, -14.7647733451 ], [ -47.8503825604, -14.754931535100001 ], [ -47.834937465899998, -14.743650756599999 ], [ -47.831598971299996, -14.7321242457 ], [ -47.828576674300002, -14.7279248451 ], [ -47.8254417295, -14.7290628267 ], [ -47.821026326099997, -14.721340250900001 ], [ -47.824045236499998, -14.7167426921 ], [ -47.8200752196, -14.7148938609 ], [ -47.810495540600002, -14.695342227899999 ], [ -47.803270006600002, -14.69137297 ], [ -47.790778636, -14.694864962600001 ], [ -47.7802988607, -14.681831534 ], [ -47.778182483899997, -14.6781876024 ], [ -47.780797088500002, -14.6681608522 ], [ -47.775991538200003, -14.66512691 ], [ -47.7761312254, -14.652992387199999 ], [ -47.771159246499998, -14.647781784699999 ], [ -47.770855062499997, -14.6405591386 ], [ -47.767580370700003, -14.642407763 ], [ -47.7589689932, -14.6396050518 ], [ -47.753185439200003, -14.648334735700001 ], [ -47.746105874100003, -14.6507987976 ], [ -47.732911399, -14.6494027654 ], [ -47.716609477399999, -14.6524987344 ], [ -47.704907869800003, -14.6712604734 ], [ -47.691743352099998, -14.741957253500001 ], [ -47.689132425799997, -14.735540395599999 ], [ -47.6742176339, -14.728331108600001 ], [ -47.671407434400003, -14.7188362001 ], [ -47.6661321801, -14.7091413357 ], [ -47.659291266799997, -14.7060778076 ], [ -47.652434896899997, -14.7193313631 ], [ -47.6429656173, -14.726752727899999 ], [ -47.6302966226, -14.7454535605 ], [ -47.632471001799999, -14.7520931498 ], [ -47.640935671299999, -14.7587000128 ], [ -47.642280367799998, -14.7781096378 ], [ -47.645907656699997, -14.830519835400001 ], [ -47.636265711900002, -14.8307393727 ], [ -47.628712564700002, -14.8229725789 ], [ -47.6138588086, -14.793386316199999 ], [ -47.584104246300001, -14.773874621599999 ], [ -47.574435210399997, -14.7563830652 ], [ -47.571190594900003, -14.755441276499999 ], [ -47.569742471, -14.758420359800001 ], [ -47.564859118699999, -14.7543852721 ], [ -47.556829467100002, -14.731204871399999 ], [ -47.542173527099997, -14.7307224547 ], [ -47.533574349699997, -14.7377530029 ], [ -47.531908794300001, -14.7547580084 ], [ -47.525380620100002, -14.7730824903 ], [ -47.505129389300002, -14.7871257508 ], [ -47.472993437, -14.8022249615 ], [ -47.477966887400001, -14.816902841099999 ], [ -47.4521852823, -14.8160092894 ], [ -47.439604012, -14.8239386219 ], [ -47.422066864800001, -14.828767068399999 ], [ -47.392017428499997, -14.8161053345 ], [ -47.374942317200002, -14.8156797171 ], [ -47.359637401900002, -14.8026555177 ], [ -47.360686007699996, -14.797141832099999 ], [ -47.354217668499999, -14.788060721500001 ], [ -47.357242847199998, -14.7757562668 ], [ -47.351461633500001, -14.7712071839 ], [ -47.3417167502, -14.769632551100001 ], [ -47.3373245262, -14.772237966 ], [ -47.3331617085, -14.765346037300001 ], [ -47.325244057399999, -14.7722856441 ], [ -47.321241003, -14.7694672304 ], [ -47.321740082399998, -14.761404672299999 ], [ -47.3156551147, -14.7670884206 ], [ -47.312607537200002, -14.7650844293 ], [ -47.309850366, -14.7591932598 ], [ -47.315824587900003, -14.7534193089 ], [ -47.321879907300001, -14.7529014384 ], [ -47.321966967400002, -14.749453061600001 ], [ -47.314663897899997, -14.744456557199999 ], [ -47.3179857959, -14.742292412699999 ], [ -47.315878251900003, -14.7380281891 ], [ -47.311564197300001, -14.7477949548 ], [ -47.307382952399998, -14.7490421143 ], [ -47.304363884, -14.7306781403 ], [ -47.298075304100003, -14.7247404019 ], [ -47.296912979299996, -14.712147467499999 ], [ -47.289848887600002, -14.710307481599999 ], [ -47.289709448099998, -14.7009863819 ], [ -47.282098412899998, -14.693887734600001 ], [ -47.277096817900002, -14.691875191399999 ], [ -47.263860086500003, -14.6997836028 ], [ -47.249904593499998, -14.6998224167 ], [ -47.246659999499997, -14.6932867871 ], [ -47.242376269799998, -14.6945390598 ], [ -47.2401569126, -14.6915382794 ], [ -47.243051148, -14.6889262267 ], [ -47.239156969100002, -14.686289328399999 ], [ -47.235712158799998, -14.6887129125 ], [ -47.231021285499999, -14.679367816799999 ], [ -47.236162173, -14.6735079756 ], [ -47.227683716199998, -14.6716519345 ], [ -47.231795253, -14.668773401299999 ], [ -47.228130720300001, -14.6596135722 ], [ -47.23155062, -14.661623165 ], [ -47.2328821547, -14.656454314099999 ], [ -47.229884767500003, -14.648546298199999 ], [ -47.233600357599997, -14.643337629 ], [ -47.230356119600003, -14.6416009364 ], [ -47.230545524900002, -14.6369910372 ], [ -47.224713721699999, -14.6339731797 ], [ -47.2262199364, -14.632076441400001 ], [ -47.230850412300001, -14.630287879799999 ], [ -47.224916513700002, -14.6280863739 ], [ -47.219324924799999, -14.630777623 ], [ -47.215354962399999, -14.626415805300001 ], [ -47.219023027699997, -14.6200894442 ], [ -47.215045704600001, -14.6138312705 ], [ -47.216270643400001, -14.6090349523 ], [ -47.220436257499998, -14.6109590067 ], [ -47.2204929245, -14.606826829299999 ], [ -47.219081101100002, -14.6028004682 ], [ -47.217016217800001, -14.605328721299999 ], [ -47.211103501, -14.6022214681 ], [ -47.203993535099997, -14.606986685300001 ], [ -47.20602391, -14.5941413164 ], [ -47.200378145800002, -14.586334061500001 ], [ -47.202273444200003, -14.5793637811 ], [ -47.198628901799999, -14.580434198 ], [ -47.199292812, -14.576635922299999 ], [ -47.196157401100002, -14.575979375699999 ], [ -47.192800394499997, -14.578865245299999 ], [ -47.192548365299999, -14.571986581099999 ], [ -47.198025349399998, -14.5699236524 ], [ -47.185986033900001, -14.559274735600001 ], [ -47.191321393899997, -14.555772416 ], [ -47.183794156099999, -14.5521137013 ], [ -47.184877029399999, -14.5435141757 ], [ -47.177269385599999, -14.539135484699999 ], [ -47.1715423431, -14.540540630400001 ], [ -47.167687407300001, -14.5407172718 ], [ -47.1712947288, -14.543810927499999 ], [ -47.170347222799997, -14.547710326500001 ], [ -47.167377720700003, -14.5453339054 ], [ -47.162797412899998, -14.549663195300001 ], [ -47.159930889, -14.5468406076 ], [ -47.159545091399998, -14.5506394212 ], [ -47.144937998800003, -14.537529619200001 ], [ -47.151935419499999, -14.529599258199999 ], [ -47.149713325299999, -14.526417288199999 ], [ -47.1526262812, -14.521364397199999 ], [ -47.148304600800003, -14.5152735336 ], [ -47.154180973400003, -14.4971045524 ], [ -47.153044328900002, -14.4864438163 ], [ -47.158518179200001, -14.4738042879 ], [ -47.156798348499997, -14.465822968499999 ], [ -47.173771458499999, -14.4548689041 ], [ -47.1758862123, -14.446751796 ], [ -47.183355306800003, -14.438265727499999 ], [ -47.180384053799997, -14.422227536099999 ], [ -47.188766757099998, -14.402626654500001 ], [ -47.186468251500003, -14.3977186065 ], [ -47.191023801500002, -14.368152415899999 ], [ -47.181771208400001, -14.348712387200001 ], [ -47.189686528300001, -14.3296512084 ], [ -47.1830483667, -14.319197348099999 ], [ -47.183997001500003, -14.302273634800001 ], [ -47.180049322800002, -14.2972651623 ], [ -47.175045582400003, -14.2941567996 ], [ -47.177846363, -14.2884738405 ], [ -47.171220140099997, -14.267057619499999 ], [ -47.138565960699999, -14.2539205525 ], [ -47.136523983700002, -14.218321962199999 ], [ -47.128851815399997, -14.2001670601 ], [ -47.090222676800003, -14.1747850033 ], [ -47.082968839199999, -14.1641969819 ], [ -47.0838577902, -14.141933439700001 ], [ -47.067684738399997, -14.1292370826 ], [ -47.060489345, -14.111170916400001 ], [ -47.053211247599997, -14.103425759 ], [ -47.030215687499997, -14.088516695599999 ], [ -47.008580661499998, -14.0893653757 ], [ -46.994530443199999, -14.081760296 ], [ -46.993051003399998, -14.091826751299999 ], [ -46.988964280700003, -14.0939812408 ], [ -46.985005733199998, -14.093647778699999 ], [ -46.985465333900002, -14.088150905399999 ], [ -46.9789959067, -14.0966371201 ], [ -46.977268049700001, -14.088740858 ], [ -46.968052229100003, -14.095303901299999 ], [ -46.962134396700002, -14.088920351700001 ], [ -46.954771557900003, -14.0904162382 ], [ -46.937605879700001, -14.102560001800001 ], [ -46.921992015199997, -14.0877642806 ], [ -46.922349417600003, -14.0765160045 ], [ -46.899579909, -14.077996432799999 ], [ -46.888662692799997, -14.0701275905 ], [ -46.883544325899997, -14.0411523145 ], [ -46.875154851300003, -14.0329438593 ], [ -46.855549893400003, -14.0343546441 ], [ -46.8514607989, -14.044933561100001 ], [ -46.8427114542, -14.0480525173 ], [ -46.826579024, -14.0298944921 ], [ -46.832771144, -14.0219524817 ], [ -46.8318544483, -14.0057051462 ], [ -46.850524208400003, -13.9860012215 ], [ -46.837187996099999, -13.967918279099999 ], [ -46.836025323, -13.9600383516 ], [ -46.840805711599998, -13.949828743499999 ], [ -46.836741487099999, -13.9112371516 ], [ -46.845161131099999, -13.8981529515 ], [ -46.861776841599998, -13.895973442300001 ], [ -46.867465431600003, -13.8862320289 ], [ -46.866290502399998, -13.880341725199999 ], [ -46.855240296799998, -13.8675209324 ], [ -46.834241953300001, -13.8615238616 ], [ -46.826438545400002, -13.851612057 ], [ -46.825156682299998, -13.844172482 ], [ -46.826572660700002, -13.8406565461 ], [ -46.844252089100003, -13.8335974549 ], [ -46.851215285899997, -13.825674765800001 ], [ -46.845991240399997, -13.8161291958 ], [ -46.817658331799997, -13.798503737100001 ], [ -46.817127646800003, -13.793345331799999 ], [ -46.825071839300001, -13.7801659048 ], [ -46.835494609, -13.7746142226 ], [ -46.837191003900003, -13.764739457699999 ], [ -46.830849522699999, -13.7544585243 ], [ -46.820908596300001, -13.749722071900001 ], [ -46.818825091599997, -13.7406700937 ], [ -46.810794164, -13.725388780399999 ], [ -46.7918539701, -13.727825874800001 ], [ -46.783486727, -13.717379639800001 ], [ -46.785324172700001, -13.702442870900001 ], [ -46.802822956599996, -13.6925429771 ], [ -46.809020496099997, -13.676325545499999 ], [ -46.796630351899999, -13.6701882838 ], [ -46.794217462799999, -13.662023103799999 ], [ -46.7984685833, -13.656347691300001 ], [ -46.808658119500002, -13.6579407052 ], [ -46.817200479299999, -13.6547460502 ], [ -46.8426541762, -13.6342238132 ], [ -46.8514923858, -13.6314684937 ], [ -46.854016309, -13.624066107299999 ], [ -46.850920194499999, -13.6150276881 ], [ -46.836819461300003, -13.6030426422 ], [ -46.8429112086, -13.5944829351 ], [ -46.834436663399998, -13.5880029481 ], [ -46.8256319292, -13.5872300476 ], [ -46.821246099500001, -13.594088595200001 ], [ -46.816102754200003, -13.587182004600001 ], [ -46.802072878099999, -13.593798891500001 ], [ -46.792070224699998, -13.5907044641 ], [ -46.792992096600003, -13.5802552228 ], [ -46.786825662600002, -13.576873305399999 ], [ -46.782164026099998, -13.5660728197 ], [ -46.788271004599999, -13.5505283403 ], [ -46.771961241699998, -13.5397567869 ], [ -46.773841423500002, -13.531915660899999 ], [ -46.773884562200003, -13.527901609900001 ], [ -46.779964340100001, -13.533741575200001 ], [ -46.784137211900003, -13.5305026681 ], [ -46.776712574800001, -13.51905275 ], [ -46.784824561699999, -13.509949170300001 ], [ -46.779466356199997, -13.506565050300001 ], [ -46.779378196400003, -13.4978040221 ], [ -46.770493363600004, -13.4945964136 ], [ -46.765357186499998, -13.496682308600001 ], [ -46.764579803399997, -13.4898833793 ], [ -46.768802394600002, -13.4879050313 ], [ -46.765151125099997, -13.484254741599999 ], [ -46.762631617399997, -13.4799395144 ], [ -46.767526696099999, -13.482850854500001 ], [ -46.771248355, -13.4785156914 ], [ -46.770071831400003, -13.4712754505 ], [ -46.762747192100001, -13.4650523387 ], [ -46.763967027299998, -13.4506920812 ], [ -46.769082442799998, -13.4458840714 ], [ -46.761877742499998, -13.4476439366 ], [ -46.762440569, -13.442186468799999 ], [ -46.760823219, -13.445207781200001 ], [ -46.7583302301, -13.439987091100001 ], [ -46.761603056799999, -13.4374859784 ], [ -46.751046265799999, -13.4331174623 ], [ -46.752912111299999, -13.427553727899999 ], [ -46.7454402149, -13.424503623 ], [ -46.745268101500002, -13.4213308261 ], [ -46.749321409099998, -13.4201731108 ], [ -46.7461354008, -13.4125169261 ], [ -46.749274515700002, -13.411006388 ], [ -46.748192003600003, -13.4070501887 ], [ -46.738302514700003, -13.3990368242 ], [ -46.731519060399997, -13.397872142800001 ], [ -46.7288827279, -13.3910242443 ], [ -46.733658560400002, -13.388494454 ], [ -46.732962760200003, -13.3858703601 ], [ -46.719137003299998, -13.384919977199999 ], [ -46.716048415700001, -13.387516570900001 ], [ -46.714087011399997, -13.384998100900001 ], [ -46.704802758, -13.380356884 ], [ -46.706908195700002, -13.3751479459 ], [ -46.698630642600001, -13.3684752773 ], [ -46.7005512012, -13.3602747871 ], [ -46.696051028699998, -13.352724204799999 ], [ -46.701383195699997, -13.349457877200001 ], [ -46.700104415, -13.3411308574 ], [ -46.7083517059, -13.3303810719 ], [ -46.708213964, -13.322659961599999 ], [ -46.706521490500002, -13.325231951199999 ], [ -46.701163660399999, -13.310621254699999 ], [ -46.703201749599998, -13.306347908599999 ], [ -46.703188257800001, -13.3061519047 ], [ -46.701936225700003, -13.296269775800001 ], [ -46.6893608942, -13.297377548 ], [ -46.684910115900003, -13.292921937399999 ], [ -46.686239229500003, -13.2901773184 ], [ -46.677055803499997, -13.283247421900001 ], [ -46.6771922159, -13.275443105 ], [ -46.684966233799997, -13.259155333900001 ], [ -46.6779052451, -13.2468399057 ], [ -46.682749553699999, -13.2432172188 ], [ -46.67438061, -13.2397855847 ], [ -46.667857225, -13.238926814699999 ], [ -46.667239061899998, -13.236216492900001 ], [ -46.6639843743, -13.2399882534 ], [ -46.646609398199999, -13.236281979399999 ], [ -46.62860611, -13.2201476327 ], [ -46.615328241900002, -13.2233651186 ], [ -46.606908687100002, -13.2179640662 ], [ -46.605856165900001, -13.211267986 ], [ -46.6015742441, -13.215145550900001 ], [ -46.593323072499999, -13.210021009 ], [ -46.589769393899999, -13.213345049400001 ], [ -46.589440014600001, -13.2096295451 ], [ -46.580353906600003, -13.2040502083 ], [ -46.5729346257, -13.193285062599999 ], [ -46.568603252199999, -13.193715727100001 ], [ -46.565519439, -13.1874110508 ], [ -46.55818589, -13.1849015746 ], [ -46.554577531500001, -13.175703179 ], [ -46.542076676299999, -13.169277063899999 ], [ -46.5401540744, -13.1608594442 ], [ -46.537693672700001, -13.1618075384 ], [ -46.530327790400001, -13.1535712004 ], [ -46.531187559499998, -13.145028570099999 ], [ -46.528165376, -13.139729783 ], [ -46.523658073, -13.142604775300001 ], [ -46.524049699499997, -13.133071933 ], [ -46.518768456899998, -13.1322468749 ], [ -46.519301535799997, -13.1256146111 ], [ -46.512137742299998, -13.1179262257 ], [ -46.513964092, -13.110085421799999 ], [ -46.507773792599998, -13.1061934626 ], [ -46.5058541195, -13.0966938945 ], [ -46.480413287799998, -13.0863694575 ], [ -46.472856878899997, -13.078814256099999 ], [ -46.473183368400001, -13.0747328922 ], [ -46.460388464700003, -13.0727474818 ], [ -46.457740575700001, -13.0665998348 ], [ -46.452656895899999, -13.065456216599999 ], [ -46.450680072499999, -13.0545567326 ], [ -46.448990934800001, -13.054654917900001 ], [ -46.2954906756, -13.0635061258 ], [ -46.301160273699999, -13.0756860988 ], [ -46.322240051800001, -13.097848007 ], [ -46.313523653799997, -13.108071951499999 ], [ -46.308148331600002, -13.1236276943 ], [ -46.298302621200001, -13.1255082188 ], [ -46.294804440199997, -13.1294318381 ], [ -46.291216089300001, -13.1431593945 ], [ -46.293200759900003, -13.150920899400001 ], [ -46.309384398900001, -13.157542639600001 ], [ -46.3035261733, -13.1667497143 ], [ -46.314051415500003, -13.1776497703 ], [ -46.309663449799999, -13.181575588 ], [ -46.302607931499999, -13.1818103389 ], [ -46.300385150799997, -13.193171235099999 ], [ -46.304072356900001, -13.205097411400001 ], [ -46.311826423600003, -13.2110462138 ], [ -46.313773693500004, -13.224915771899999 ], [ -46.320742215400003, -13.238910131500001 ], [ -46.330717656499999, -13.2491011177 ], [ -46.329743025900001, -13.2523753318 ], [ -46.316291757499997, -13.2520205416 ], [ -46.301856073499998, -13.251851694899999 ], [ -46.297523135200002, -13.2554267249 ], [ -46.301049521400003, -13.266279833900001 ], [ -46.298554037899997, -13.281367383299999 ], [ -46.3134102255, -13.2976684987 ], [ -46.314930697800001, -13.3044638777 ], [ -46.298160759799998, -13.313026921900001 ], [ -46.2882454927, -13.314181092 ], [ -46.287237495699998, -13.326255419100001 ], [ -46.278963944600001, -13.3474615857 ], [ -46.271169431899999, -13.344975658399999 ], [ -46.266075262199998, -13.347918226099999 ], [ -46.237187876699998, -13.3357880282 ], [ -46.217782145400001, -13.3167943886 ], [ -46.204630673399997, -13.319865442099999 ], [ -46.171877352300001, -13.311838124499999 ], [ -46.128854363400002, -13.2902690976 ], [ -46.122497194300003, -13.281965598699999 ], [ -46.112214272899998, -13.2838448944 ], [ -46.089242430399999, -13.2702967043 ], [ -46.079242440500003, -13.2693677223 ], [ -46.063442042200002, -13.260851860200001 ], [ -46.051796892, -13.264001542100001 ], [ -46.0488608896, -13.2708324083 ], [ -46.041739900499998, -13.272236699400001 ], [ -46.0407043823, -13.277182488499999 ], [ -46.040836968299999, -13.280037996 ], [ -46.048051434900003, -13.3087615521 ], [ -46.061278218600002, -13.317862267100001 ], [ -46.082988243700001, -13.3299434077 ], [ -46.094659757899997, -13.3320472423 ], [ -46.111998188800001, -13.358238998299999 ], [ -46.126019191499999, -13.3640420058 ], [ -46.133602351599997, -13.3747900715 ], [ -46.154322649599997, -13.3829034052 ], [ -46.169989606500003, -13.3835176074 ], [ -46.1913619002, -13.390179783600001 ], [ -46.213938556400002, -13.4002760025 ], [ -46.2179897416, -13.410134383100001 ], [ -46.2428881676, -13.429822318399999 ], [ -46.242297521499999, -13.436718082600001 ], [ -46.225330712599998, -13.4340281281 ], [ -46.222076745800003, -13.447930351 ], [ -46.205992893500003, -13.465194417199999 ], [ -46.2094657377, -13.4723319164 ], [ -46.2253550816, -13.4764882595 ], [ -46.229828076799997, -13.4809895462 ], [ -46.227911530900002, -13.4850832036 ], [ -46.219881503499998, -13.487319768800001 ], [ -46.2215180512, -13.497194391500001 ], [ -46.218164926900002, -13.500070192700001 ], [ -46.226378189899997, -13.5131306632 ], [ -46.2409070275, -13.525090962 ], [ -46.234240870800001, -13.5404974724 ], [ -46.238263496400002, -13.5541458538 ], [ -46.235076089499998, -13.562471091 ], [ -46.228072838499997, -13.568521456699999 ], [ -46.220161241699998, -13.567833333899999 ], [ -46.214042509400002, -13.5718117891 ], [ -46.183906180500003, -13.5671317549 ], [ -46.164351833200001, -13.584027213200001 ], [ -46.161540396100001, -13.590490167800001 ], [ -46.193274790799997, -13.6213552246 ], [ -46.212778848799999, -13.6295436703 ], [ -46.227989195699998, -13.6471636068 ], [ -46.242519581499998, -13.6585417788 ], [ -46.253353238599999, -13.681827797 ], [ -46.261109193899998, -13.6886004548 ], [ -46.237965667, -13.7001866179 ], [ -46.235089002300001, -13.7077218446 ], [ -46.237484142600003, -13.715796828 ], [ -46.264274339099998, -13.732887080499999 ], [ -46.266467113499999, -13.739885631 ], [ -46.254827662099999, -13.7482854856 ], [ -46.236743172, -13.7443893001 ], [ -46.223901876500001, -13.7649444048 ], [ -46.227206867600003, -13.7737608197 ], [ -46.273326323299997, -13.786761912199999 ], [ -46.282023929799998, -13.796050649 ], [ -46.262157470699997, -13.808138208800001 ], [ -46.271343699500001, -13.821468402100001 ], [ -46.2691383198, -13.82841429 ], [ -46.249276486600003, -13.8302833061 ], [ -46.235289998100001, -13.841052767600001 ], [ -46.233236544500002, -13.8451758246 ], [ -46.243437338500001, -13.868187321200001 ], [ -46.261742211799998, -13.902176124 ], [ -46.261819086800003, -13.9277458352 ], [ -46.267708159900003, -13.943320043 ], [ -46.233021028, -13.967136397 ], [ -46.222023326299997, -13.9707187715 ], [ -46.215857339599999, -13.979447453100001 ], [ -46.218442491799998, -14.002040388199999 ], [ -46.209581475, -14.012409246300001 ], [ -46.210164007700001, -14.018851939599999 ], [ -46.231709972700003, -14.047377553 ], [ -46.247991342600002, -14.0560955854 ], [ -46.242439064800003, -14.0594754408 ], [ -46.232330931299998, -14.0560783064 ], [ -46.224778572399998, -14.0691818928 ], [ -46.241562177799999, -14.092268773900001 ], [ -46.2473263093, -14.0934317014 ], [ -46.253056498799999, -14.0866131798 ], [ -46.2653565938, -14.0975198202 ], [ -46.254438222799998, -14.104457503900001 ], [ -46.235967392100001, -14.106796768400001 ], [ -46.216434680799999, -14.1195687377 ], [ -46.201766427499997, -14.119184796500001 ], [ -46.197436142900003, -14.1260872749 ], [ -46.196858009499998, -14.1427579874 ], [ -46.185218290500003, -14.1514153688 ], [ -46.150879722799999, -14.1599813239 ], [ -46.133299770900003, -14.1527957155 ], [ -46.117716275699998, -14.1599229194 ], [ -46.113129210499999, -14.1694562519 ], [ -46.115713666600001, -14.187386824800001 ], [ -46.101243048, -14.192348437 ], [ -46.098017433700001, -14.2019352548 ], [ -46.090960794600001, -14.205239056 ], [ -46.076634509100003, -14.1950567869 ], [ -46.060736954799999, -14.193929001600001 ], [ -46.052173357900003, -14.2043989788 ], [ -46.060602935799999, -14.2320813494 ], [ -46.045884431300003, -14.244100381399999 ], [ -46.028883831599998, -14.245602095200001 ], [ -46.0261288624, -14.255945540500001 ], [ -46.021515145099997, -14.2599515668 ], [ -46.01454468, -14.2604103179 ], [ -46.007025023099999, -14.2555671769 ], [ -45.995630043299997, -14.2567816893 ], [ -45.991379993400002, -14.2623572421 ], [ -45.994875319099997, -14.278464162900001 ], [ -45.975602774599999, -14.2770929328 ], [ -45.962844547300001, -14.285462881300001 ], [ -45.958739074500002, -14.3057913519 ], [ -45.955811984699999, -14.3144678479 ], [ -45.953626087899998, -14.3249136179 ], [ -45.9460456439, -14.3298700413 ], [ -45.942244844800001, -14.34333074 ], [ -45.929660908899997, -14.3501595792 ], [ -45.913161868, -14.346755207 ], [ -45.906876254099998, -14.352789955900001 ], [ -45.906544327500001, -14.357607724699999 ], [ -45.9124048519, -14.366085285500001 ], [ -45.911712535900001, -14.3745283891 ], [ -45.922093321399998, -14.3796980716 ], [ -45.925682839399997, -14.3857524975 ], [ -45.927215034299998, -14.4098698367 ], [ -45.934923797300002, -14.414894732 ], [ -45.949517151899997, -14.416397192 ], [ -45.9574115044, -14.4253964618 ], [ -45.972275187500003, -14.4315951958 ], [ -45.998408950699996, -14.428940240199999 ], [ -46.004351748700003, -14.4206618506 ], [ -46.007069244699998, -14.406880317600001 ], [ -46.011821288100002, -14.407408838 ], [ -46.016910473099998, -14.420259658399999 ], [ -46.011603266, -14.4208182989 ], [ -46.009661116799997, -14.4270788566 ], [ -46.000409107099998, -14.434091967700001 ], [ -46.001103247700001, -14.4483105182 ], [ -46.011829233699999, -14.4541743154 ], [ -46.014518720600002, -14.4603969479 ], [ -46.015964139499999, -14.4690072193 ], [ -46.013067601499998, -14.474808121700001 ], [ -46.012838564200003, -14.475266401200001 ], [ -45.996792107600001, -14.487020293800001 ], [ -45.9932431732, -14.494947423899999 ], [ -45.993747738800003, -14.500197668 ], [ -46.000935684, -14.5038823988 ], [ -45.998440628899999, -14.5092733386 ], [ -46.00384967, -14.5153632458 ], [ -46.000625816899998, -14.5206731029 ], [ -45.980348772100001, -14.5300281919 ], [ -45.976659179400002, -14.5383950714 ], [ -45.979300759099999, -14.5456980937 ], [ -45.989771975, -14.541492225200001 ], [ -45.996214756900002, -14.5425286554 ], [ -45.988718294599998, -14.5498564551 ], [ -45.993464887800002, -14.553301599599999 ], [ -45.9891608175, -14.5560804791 ], [ -45.990691259400002, -14.5632563504 ], [ -45.995381620099998, -14.565698752899999 ], [ -45.987575665, -14.566436556199999 ], [ -45.984879689499998, -14.5731131199 ], [ -45.988939346400002, -14.588682654 ], [ -46.000603234499998, -14.601158567800001 ], [ -45.984407756499998, -14.6203655804 ], [ -45.985045522299998, -14.6260721022 ], [ -45.994807874700001, -14.638775509 ], [ -45.988573996699998, -14.645296247399999 ], [ -45.989326141900001, -14.658741882799999 ], [ -45.9998725632, -14.6641962045 ], [ -46.006825075599998, -14.662991397 ], [ -46.007880749800002, -14.6570501563 ], [ -46.012133949599999, -14.661412247099999 ], [ -46.020557841699997, -14.6629052107 ], [ -46.024241975400003, -14.6646902285 ], [ -46.0221004757, -14.6705087518 ], [ -46.0254632352, -14.677570274100001 ], [ -46.149129736100001, -14.6635587104 ], [ -46.161597491499997, -14.664522701 ], [ -46.171909240799998, -14.645989977 ], [ -46.182965017199997, -14.6383853433 ], [ -46.183017728899998, -14.6248836993 ], [ -46.192319972, -14.6188503629 ], [ -46.209322983200003, -14.607819022899999 ], [ -46.217320973100001, -14.6111158119 ], [ -46.2523788504, -14.602991018599999 ], [ -46.262052617, -14.5803482036 ], [ -46.279355129499997, -14.5688426185 ], [ -46.282652809399998, -14.5518103885 ], [ -46.295076158699999, -14.5351958168 ], [ -46.300045628, -14.535141725900001 ], [ -46.317569371, -14.5210762028 ], [ -46.317181319299998, -14.494853018300001 ], [ -46.332929189799998, -14.4666850376 ], [ -46.3341887339, -14.452688330799999 ], [ -46.356597063199999, -14.4412055966 ], [ -46.370681882600003, -14.4458453399 ], [ -46.380354704699997, -14.444984546100001 ], [ -46.3887717335, -14.4571732067 ], [ -46.384769570400003, -14.471867530200001 ], [ -46.396696209799998, -14.475850120200001 ], [ -46.382128780400002, -14.481995686399999 ], [ -46.384189541399998, -14.486528085 ], [ -46.377509812100001, -14.4886073425 ], [ -46.384472645099997, -14.500012848600001 ], [ -46.384980024599997, -14.507611821499999 ], [ -46.383027923299998, -14.5149809549 ], [ -46.375708062299999, -14.5193914869 ], [ -46.387765000400002, -14.5411926809 ], [ -46.378216092899997, -14.557595919900001 ], [ -46.380359904099997, -14.5694224835 ], [ -46.370197008799998, -14.5752906585 ], [ -46.368252986500003, -14.5819590756 ], [ -46.374555647299999, -14.586821238300001 ], [ -46.373372651099999, -14.5895298494 ], [ -46.3833828848, -14.586299797700001 ], [ -46.383988499700003, -14.5902143094 ], [ -46.386390308199999, -14.588318969299999 ], [ -46.389200253799999, -14.590733526099999 ], [ -46.3869832018, -14.593059072300001 ], [ -46.389469304599999, -14.591868653 ], [ -46.391238434500004, -14.598364270199999 ], [ -46.404292745500001, -14.6053035886 ], [ -46.404228160300001, -14.610400183499999 ], [ -46.4085469069, -14.6099818191 ], [ -46.411032804199998, -14.6212551147 ], [ -46.421104065199998, -14.6359350601 ], [ -46.443070583500003, -14.6361912756 ], [ -46.4495323254, -14.625214289500001 ], [ -46.453447511699999, -14.6238969218 ], [ -46.465484515900002, -14.628524264399999 ], [ -46.484306781100003, -14.642064189599999 ], [ -46.498882852500003, -14.6627293133 ], [ -46.496832152, -14.674814891 ], [ -46.501500204700001, -14.693832884400001 ], [ -46.503016490900002, -14.7036315168 ], [ -46.509294863699999, -14.715631871099999 ], [ -46.507080676900003, -14.731705164299999 ], [ -46.509852369, -14.7378161488 ], [ -46.521965551, -14.7446558361 ], [ -46.537012939299998, -14.7472669479 ], [ -46.543762493599999, -14.7525678869 ], [ -46.542798361199999, -14.7682285897 ], [ -46.565463773899999, -14.785928935 ], [ -46.562989418100003, -14.798528452399999 ], [ -46.557281540300004, -14.8065536766 ], [ -46.560049601400003, -14.814569651499999 ], [ -46.558075566900001, -14.8217086967 ], [ -46.533465168600003, -14.8278256544 ], [ -46.5211262734, -14.8507344018 ], [ -46.5220815817, -14.854239682 ], [ -46.529994159099999, -14.883265272199999 ], [ -46.541914181599999, -14.895582039800001 ], [ -46.546105877899997, -14.924998991800001 ], [ -46.544251146699999, -14.930212363 ], [ -46.538932218900001, -14.9408801759 ], [ -46.540407470700004, -14.951157912699999 ], [ -46.5319948466, -14.9575147712 ], [ -46.533299808099997, -14.960562464100001 ], [ -46.520577790700003, -14.966948242100001 ], [ -46.5168586932, -14.972418788400001 ], [ -46.516327909899999, -14.981571531 ], [ -46.526875828, -14.987706599199999 ], [ -46.530380589, -15.0048325707 ], [ -46.520241565200003, -15.0132937682 ], [ -46.519634069699997, -15.0197249606 ], [ -46.511432697700002, -15.0294318082 ], [ -46.502169998900001, -15.0518048518 ], [ -46.5134374963, -15.060854062900001 ], [ -46.525704463, -15.055922091599999 ], [ -46.531568009, -15.0559476739 ], [ -46.544150419200001, -15.0648236353 ], [ -46.550889298, -15.063429372 ], [ -46.560510387800001, -15.069913426 ], [ -46.574877807, -15.0831855311 ], [ -46.5875750139, -15.080676782399999 ], [ -46.599878474299999, -15.0873646084 ], [ -46.6101849183, -15.083563077899999 ], [ -46.6250123887, -15.0890682624 ], [ -46.640588256199997, -15.087141191700001 ], [ -46.655974925, -15.08106026 ], [ -46.681237800300003, -15.058174431099999 ], [ -46.699794608700003, -15.05299384 ], [ -46.732194636199999, -15.0357320017 ], [ -46.7528275377, -15.032299904 ], [ -46.781424776599998, -15.018875858199999 ], [ -46.829435870600001, -15.0088186005 ], [ -46.8564662721, -15.0098206062 ], [ -46.863737668299997, -15.019939663800001 ], [ -46.917622662200003, -15.0485726641 ], [ -46.924626795099996, -15.057059998 ], [ -46.925604028, -15.073116801599999 ], [ -46.909600852200001, -15.0875008749 ], [ -46.897330191899997, -15.0937714527 ], [ -46.896576895700001, -15.1026410816 ], [ -46.888568192400001, -15.1106729304 ], [ -46.892542664899999, -15.1246554221 ], [ -46.913642102, -15.157832691299999 ], [ -46.920163044200002, -15.1777694789 ], [ -46.9369131821, -15.204573465799999 ], [ -46.933046575200002, -15.2230403038 ], [ -46.940432782800002, -15.2302550881 ], [ -46.932469301099999, -15.247099847699999 ], [ -46.927221577, -15.254648680100001 ], [ -46.912396607700003, -15.2464082232 ], [ -46.905912814399997, -15.2361721683 ], [ -46.891051117899998, -15.2348130118 ], [ -46.8875797038, -15.267800814699999 ], [ -46.890887141100002, -15.2776868722 ], [ -46.888884828, -15.281800050499999 ], [ -46.873265028200002, -15.284956143 ], [ -46.836799540800001, -15.320869286900001 ], [ -46.835464640600001, -15.3260888377 ], [ -46.847523681200002, -15.346313088900001 ], [ -46.8605243481, -15.3505140394 ], [ -46.869046733899999, -15.361026815200001 ], [ -46.865989832, -15.3647180008 ], [ -46.8502888732, -15.368073843499999 ], [ -46.849045009199997, -15.372716501599999 ], [ -46.865910857099998, -15.3855557989 ], [ -46.883439483799997, -15.3918945308 ], [ -46.896586745299999, -15.401835241500001 ], [ -46.914690649800001, -15.4143872425 ], [ -46.928879148699998, -15.4394919805 ], [ -46.932843000600002, -15.4597789432 ], [ -46.931996182399999, -15.482723819 ], [ -46.943780129099999, -15.517738809800001 ], [ -46.946682309, -15.5393855627 ], [ -46.948253430900003, -15.557396109200001 ], [ -46.942545753300003, -15.5665468081 ], [ -46.919092369600001, -15.588364585400001 ], [ -46.8966263537, -15.592731042700001 ], [ -46.882142763499999, -15.6096355222 ], [ -46.877214118, -15.6116933965 ], [ -46.854449532099999, -15.617851723199999 ], [ -46.854018068099997, -15.6276918312 ], [ -46.8585788444, -15.6391862897 ], [ -46.852158927200001, -15.652576926 ], [ -46.855268566399999, -15.6826753024 ], [ -46.842019222099999, -15.7142215815 ], [ -46.826713566800002, -15.729521651200001 ], [ -46.826980957499998, -15.747125413199999 ], [ -46.812715003800001, -15.7867544292 ], [ -46.814428798500003, -15.7954459751 ], [ -46.8235223557, -15.8084883326 ], [ -46.820569213100001, -15.816445162899999 ], [ -46.822787603099997, -15.8241830887 ], [ -46.805067760900002, -15.8589445474 ], [ -46.805685202100001, -15.8715496901 ], [ -46.811287066, -15.8856407648 ], [ -46.8244337362, -15.885268224100001 ], [ -46.928928153100003, -15.9107833351 ], [ -46.955243754599998, -15.916914439899999 ], [ -47.020039158300001, -15.928379317 ], [ -47.052353730900002, -15.9374646661 ], [ -47.073490346299998, -15.954882999200001 ], [ -47.088652547599999, -15.9612718175 ], [ -47.109319384199999, -15.9560246367 ], [ -47.111848428, -15.954007857700001 ], [ -47.125221091699999, -15.9433400484 ], [ -47.134132568, -15.9497387951 ], [ -47.131077721, -15.9338011229 ], [ -47.134737687799998, -15.927710551100001 ], [ -47.141516736900002, -15.9261867992 ], [ -47.138807856699998, -15.930675642800001 ], [ -47.1419960128, -15.935036455500001 ], [ -47.145369276899999, -15.9318367857 ], [ -47.150899020099999, -15.9345361532 ], [ -47.148497774299997, -15.9399519184 ], [ -47.150988809499999, -15.9389203901 ], [ -47.1521681706, -15.942565675100001 ], [ -47.156914767700002, -15.940557055799999 ], [ -47.160075396, -15.942062416300001 ], [ -47.158100214500003, -15.945178895 ], [ -47.162128941699997, -15.943422374500001 ], [ -47.169097322200003, -15.9535125135 ], [ -47.166022975700002, -15.955670166499999 ], [ -47.170038211200001, -15.957445852599999 ], [ -47.168508837600001, -15.9620414835 ], [ -47.165710665699997, -15.961821218 ], [ -47.168261638099999, -15.9640034983 ], [ -47.16434847, -15.9642214105 ], [ -47.168587553899997, -15.9664533546 ], [ -47.1664643063, -15.9675989957 ], [ -47.169819732500002, -15.972753749300001 ], [ -47.177820242499998, -15.976848589799999 ], [ -47.1806993414, -15.970300354900001 ], [ -47.186498566499999, -15.970856529700001 ], [ -47.182457947700001, -15.976687463699999 ], [ -47.186309701399999, -15.978254896699999 ], [ -47.184674168900003, -15.982454843299999 ], [ -47.189018425599997, -15.980811236699999 ], [ -47.194825375599997, -15.980983987 ], [ -47.197589460099998, -15.9867856731 ], [ -47.207363595099999, -15.987010963 ], [ -47.207328294900002, -15.9969233597 ], [ -47.211443546600002, -15.9980128514 ], [ -47.210591899699999, -16.0032222669 ], [ -47.216355478, -16.004610512599999 ], [ -47.219091567100001, -16.013793510300001 ], [ -47.221211094899999, -16.0112216821 ], [ -47.227908017399997, -16.015311511299998 ], [ -47.227961950299999, -16.012173569800002 ], [ -47.2333475537, -16.015293305699998 ], [ -47.238115472300002, -16.013075475200001 ], [ -47.253640611800002, -16.018742553100001 ], [ -47.261222929399999, -16.013676158100001 ], [ -47.2674327203, -16.014295596099998 ], [ -47.267732543599998, -16.0116654893 ], [ -47.276853795900003, -16.011603618799999 ], [ -47.276097289399999, -16.005715346900001 ], [ -47.280604818299999, -16.011254033299998 ], [ -47.2873091704, -16.0092253766 ], [ -47.288409395, -16.015493657299999 ], [ -47.289290803699998, -16.0134088627 ], [ -47.296407831499998, -16.014629771399999 ], [ -47.295783610199997, -16.018051375799999 ], [ -47.300063300200001, -16.0166020375 ], [ -47.299485672899998, -16.022483230900001 ], [ -47.2989660183, -16.025740992199999 ], [ -47.308323971900002, -16.0290689108 ], [ -47.310688254399999, -16.032700062100002 ], [ -47.308570487700003, -16.0356352204 ], [ -47.318685865500001, -16.036237999899999 ], [ -47.316988667700002, -16.0313580063 ], [ -47.320681795600002, -16.030511879399999 ], [ -47.321401816399998, -16.025753417099999 ], [ -47.323542995099999, -16.0285698669 ], [ -47.327967715299998, -16.0268100021 ], [ -47.334791699900002, -16.016401589099999 ], [ -47.339096204299999, -16.018546111199999 ], [ -47.336909625899999, -16.011560278200001 ], [ -47.344323724100001, -16.010854373600001 ], [ -47.347351701800001, -16.005565577599999 ], [ -47.359410667100001, -16.007274369800001 ], [ -47.363637277899997, -16.0004118431 ], [ -47.368575598100001, -15.999931721799999 ], [ -47.368125562800003, -15.9936236527 ], [ -47.370987618500003, -15.994133722799999 ], [ -47.375410460099999, -15.9861724333 ], [ -47.371073255399999, -15.9799645297 ], [ -47.376458126300001, -15.9779468283 ], [ -47.377375583400003, -15.973374315699999 ], [ -47.373161749, -15.9662627723 ], [ -47.376318084600001, -15.962377850899999 ], [ -47.371792338100001, -15.960470189400001 ], [ -47.3730673078, -15.9566706077 ], [ -47.369825934300003, -15.9554932082 ], [ -47.366740871399998, -15.946189712700001 ], [ -47.3671003539, -15.9403961704 ], [ -47.372072973199998, -15.9361084825 ], [ -47.362794237099997, -15.9330124169 ], [ -47.363047255399998, -15.9298483489 ], [ -47.360347295899999, -15.931247430699999 ], [ -47.3593502202, -15.924371972299999 ], [ -47.361320082799999, -15.919326795 ], [ -47.365243505800002, -15.920489002 ], [ -47.3671271483, -15.917230955899999 ], [ -47.363237062099998, -15.9085401493 ], [ -47.372270862500002, -15.9062739185 ], [ -47.3707387436, -15.899710972699999 ], [ -47.375263725300002, -15.896235858300001 ], [ -47.375679979099999, -15.882428883399999 ], [ -47.378959701699998, -15.8813264401 ], [ -47.373905138200001, -15.8795803726 ], [ -47.370133901, -15.871871974699999 ], [ -47.369236560099999, -15.864692296599999 ], [ -47.372327700699998, -15.8632929982 ], [ -47.366847793700003, -15.854115717799999 ], [ -47.3669580408, -15.8487350648 ], [ -47.369797579599997, -15.8481924618 ], [ -47.369035547899998, -15.8410951146 ], [ -47.366880478399999, -15.836062499800001 ], [ -47.363268553, -15.833391856900001 ], [ -47.365517962200002, -15.8277375233 ], [ -47.361017927600003, -15.8261226306 ], [ -47.359630962200001, -15.8201717739 ], [ -47.356981096600002, -15.8232863048 ], [ -47.353432714299998, -15.821790115200001 ], [ -47.351930102099999, -15.8117700287 ], [ -47.346600177500001, -15.807454915499999 ], [ -47.348153604799997, -15.803343037299999 ], [ -47.338295253399998, -15.79418284 ], [ -47.333819401100001, -15.780056236 ], [ -47.3294099704, -15.779015341799999 ], [ -47.329743744799998, -15.773400174 ], [ -47.326435096799997, -15.770630911 ], [ -47.328301916699999, -15.7669501531 ], [ -47.319550682200003, -15.7565191991 ], [ -47.321517072200002, -15.753499205400001 ], [ -47.318163575299998, -15.7541238652 ], [ -47.316239381199999, -15.745341245 ], [ -47.313718036499999, -15.746783667500001 ], [ -47.312488142299998, -15.7376431215 ], [ -47.318406575600001, -15.732497391500001 ], [ -47.318143449700003, -15.717030593200001 ], [ -47.3119333888, -15.7067197548 ], [ -47.3136801371, -15.700411001899999 ], [ -47.312271320299999, -15.6940952266 ], [ -47.319322764, -15.686556743500001 ], [ -47.3275702818, -15.6874727401 ], [ -47.331106688, -15.6812331387 ], [ -47.326545346, -15.673153367299999 ], [ -47.328764358, -15.6554668685 ], [ -47.326159109300001, -15.6483602295 ], [ -47.332690561200003, -15.629464325900001 ], [ -47.322046893200003, -15.5975178831 ], [ -47.3159632829, -15.595831926200001 ], [ -47.316822578599997, -15.5888526945 ], [ -47.3222918413, -15.585663863100001 ], [ -47.325403049499997, -15.5886768048 ], [ -47.338724068799998, -15.583982003099999 ], [ -47.343919888499997, -15.581213720599999 ], [ -47.3532440404, -15.5784766876 ], [ -47.356960367399999, -15.5808740266 ], [ -47.362301020799997, -15.577537186900001 ], [ -47.3737980509, -15.5773810579 ], [ -47.3791025684, -15.572776554400001 ], [ -47.380019622500001, -15.566938263300001 ], [ -47.389188178700003, -15.566976608799999 ], [ -47.404381154299998, -15.5459973457 ], [ -47.417294415, -15.5463809533 ], [ -47.416912042, -15.4998642998 ], [ -47.492644967, -15.499945440099999 ], [ -47.495527285800001, -15.499850023600001 ], [ -47.523785236899997, -15.4999980517 ], [ -47.561639732800003, -15.500019721499999 ], [ -47.616617777599998, -15.5000391574 ], [ -47.620492811399998, -15.500040717599999 ], [ -47.662006059600003, -15.5000459921 ], [ -47.688309992199997, -15.500045521300001 ], [ -47.771610615100002, -15.5000225858 ], [ -47.8525373218, -15.4999702191 ], [ -47.9786162901, -15.4998303954 ], [ -48.035698604700002, -15.4997438052 ], [ -48.052792229600001, -15.499715393600001 ], [ -48.139975398200001, -15.499731986500001 ], [ -48.200101125400003, -15.4997229872 ], [ -48.200043125500002, -15.504858090700001 ], [ -48.199941751200001, -15.5139356216 ], [ -48.199398358800003, -15.615878116199999 ], [ -48.199879271699999, -15.6214142658 ], [ -48.218524717100003, -15.6221818474 ], [ -48.232548818300003, -15.638692087800001 ], [ -48.236106621, -15.649205654499999 ], [ -48.234462518199997, -15.6586013813 ], [ -48.242235613, -15.68870787 ], [ -48.240906551499997, -15.705446133400001 ], [ -48.2322925721, -15.709080018 ], [ -48.217682197599999, -15.707588815499999 ], [ -48.207050198600001, -15.7178904004 ], [ -48.205628428499999, -15.7410033722 ], [ -48.211844083800003, -15.7554972316 ], [ -48.215923010499999, -15.762217419400001 ], [ -48.233291325700002, -15.781418459299999 ], [ -48.237828775399997, -15.784281612 ], [ -48.241541222, -15.798237258 ], [ -48.246306435400001, -15.796799933200001 ], [ -48.267462556600002, -15.806433030599999 ], [ -48.282155049700002, -15.829145634 ], [ -48.286655161, -15.842689533 ], [ -48.278370459400001, -15.868056450499999 ], [ -48.275663644399998, -15.878378397200001 ], [ -48.271743824600001, -15.8812283824 ], [ -48.276768472699999, -15.8911051989 ], [ -48.273988899599999, -15.892606650699999 ], [ -48.276910853700002, -15.905876299599999 ], [ -48.270189783399999, -15.9112518149 ], [ -48.272862939299998, -15.9205412581 ], [ -48.274413346800003, -15.9210834185 ], [ -48.276521333399998, -15.922190995599999 ], [ -48.276324690599999, -15.9300954304 ], [ -48.267766055, -15.9324067276 ], [ -48.260748616699999, -15.928532587599999 ], [ -48.252551667900001, -15.935449068900001 ], [ -48.252274611700003, -15.942301881700001 ], [ -48.252098548299998, -15.9536582264 ], [ -48.258864282899999, -15.964234341499999 ], [ -48.259923846600003, -15.9772801863 ], [ -48.272410988200001, -16.0080305149 ], [ -48.271187000799998, -16.028262344200002 ], [ -48.2769333886, -16.0381441422 ], [ -48.278683391199998, -16.0511034365 ], [ -48.259460878, -16.051125213900001 ], [ -48.145192949, -16.051265935899998 ], [ -48.144613769099998, -16.051218695 ], [ -48.086242976199998, -16.051310895099999 ], [ -48.064864719399999, -16.051247071900001 ], [ -48.0502489024, -16.051202593100001 ], [ -48.033994383900001, -16.051151303600001 ], [ -48.020714442900001, -16.051108553500001 ], [ -47.981352314799999, -16.05097796 ], [ -47.938785639, -16.0509541785 ], [ -47.889523478599997, -16.050786984399998 ], [ -47.838879972400001, -16.050686844200001 ], [ -47.814070623600003, -16.050600723500001 ], [ -47.813013869400002, -16.050609937200001 ], [ -47.738502513299998, -16.050371251400001 ], [ -47.683040486099998, -16.050177163699999 ], [ -47.673501993099997, -16.0501831708 ], [ -47.6170826281, -16.050208319799999 ], [ -47.596152589299997, -16.050212942200002 ], [ -47.555324639299997, -16.0502181968 ], [ -47.5372995058, -16.050217672500001 ], [ -47.415219588, -16.050176566 ], [ -47.3083749997, -16.050082483699999 ], [ -47.307049199, -16.050081758699999 ], [ -47.303098480899997, -16.059726012900001 ], [ -47.315321784200002, -16.066878152099999 ], [ -47.311117608899998, -16.067966832300002 ], [ -47.307785069399998, -16.074366271599999 ], [ -47.307767799099999, -16.078386287899999 ], [ -47.316224711099999, -16.0791782473 ], [ -47.310009858599997, -16.081820682699998 ], [ -47.312720031399998, -16.085157323400001 ], [ -47.310906051899998, -16.087682193700001 ], [ -47.321793992700002, -16.090421163399999 ], [ -47.3231136749, -16.084173727500001 ], [ -47.328866645600002, -16.089979350499998 ], [ -47.33269601, -16.0854358321 ], [ -47.336707817600001, -16.0931442915 ], [ -47.331134574099998, -16.093853857500001 ], [ -47.333482041499998, -16.097366051400002 ], [ -47.331435361099999, -16.1070259898 ], [ -47.3385307223, -16.1139030101 ], [ -47.336122193900003, -16.119036870199999 ], [ -47.341047897599999, -16.121314613399999 ], [ -47.337324285, -16.1280330592 ], [ -47.349568251299999, -16.1287838569 ], [ -47.352293170300001, -16.132379679900001 ], [ -47.347085758200002, -16.1401099152 ], [ -47.3499356584, -16.147677525700001 ], [ -47.340517551600001, -16.147648475899999 ], [ -47.348187024, -16.1546532441 ], [ -47.339987406500001, -16.156492115199999 ], [ -47.344573316499996, -16.1636159812 ], [ -47.340243689099999, -16.163337666899999 ], [ -47.331517752099998, -16.171288284100001 ], [ -47.330965106400001, -16.1791355256 ], [ -47.340072216099998, -16.184805599299999 ], [ -47.3295202567, -16.184497582799999 ], [ -47.332020429, -16.1902629384 ], [ -47.3295238, -16.1954556126 ], [ -47.335883831899999, -16.201136516 ], [ -47.3278229354, -16.203178917599999 ], [ -47.322733521099998, -16.209184437800001 ], [ -47.328598843, -16.2105123 ], [ -47.329752444100002, -16.213896072400001 ], [ -47.322023072599997, -16.230864877199998 ], [ -47.328648095, -16.243799092500002 ], [ -47.327560629200001, -16.2487696273 ], [ -47.333393571099997, -16.2480733507 ], [ -47.334464729899999, -16.257624585599999 ], [ -47.344605639400001, -16.2650532197 ], [ -47.350416659700002, -16.274291759400001 ], [ -47.347221310199998, -16.286807089700002 ], [ -47.355764979600004, -16.293317922500002 ], [ -47.352533041199997, -16.306153878300002 ], [ -47.357666808399998, -16.3107279613 ], [ -47.365834926700003, -16.3310467278 ], [ -47.3708675699, -16.332876172 ], [ -47.377978759100003, -16.346421172500001 ], [ -47.403178898299998, -16.3753750688 ], [ -47.4147060317, -16.3803393355 ], [ -47.418686172900003, -16.383430389699999 ], [ -47.418881732099997, -16.390408018500001 ], [ -47.426736354100001, -16.3937093909 ], [ -47.4231870423, -16.419764583500001 ], [ -47.431400674599999, -16.439689767699999 ], [ -47.429081279599998, -16.442206538400001 ], [ -47.445016070299999, -16.450465880300001 ], [ -47.447493211199998, -16.464246723 ], [ -47.453383730500001, -16.4651406869 ], [ -47.455712155599997, -16.486952211399998 ], [ -47.452548414900001, -16.490232839899999 ], [ -47.459167547600003, -16.501076516299999 ], [ -47.459629070799998, -16.504644297700001 ], [ -47.458907202200002, -16.505484582400001 ], [ -47.453727969399999, -16.5097412965 ], [ -47.447213630900002, -16.5169128153 ], [ -47.444906231, -16.529001639 ], [ -47.4416821871, -16.5287472901 ], [ -47.443970614199998, -16.5403136268 ], [ -47.434905332900001, -16.542227422500002 ], [ -47.4301047306, -16.540724698799998 ], [ -47.433596999400002, -16.544400764199999 ], [ -47.428595163700003, -16.551926679699999 ], [ -47.425934590300002, -16.5478856756 ], [ -47.420126119800003, -16.551340325 ], [ -47.413073810900002, -16.547666444400001 ], [ -47.4046336217, -16.556040485 ], [ -47.411929804899998, -16.5580374472 ], [ -47.412599320200002, -16.5617949554 ], [ -47.408820851800002, -16.560411823799999 ], [ -47.411934878399997, -16.565056736300001 ], [ -47.408725058, -16.5663729284 ], [ -47.412433614500003, -16.575405669399998 ], [ -47.4004058911, -16.571828923 ], [ -47.3935756407, -16.573680418599999 ], [ -47.395988588800002, -16.579543468499999 ], [ -47.386458101300001, -16.588409159400001 ], [ -47.387350473600002, -16.5788512522 ], [ -47.381993553699999, -16.577099649699999 ], [ -47.376079447599999, -16.5797800285 ], [ -47.373645604499998, -16.591994487899999 ], [ -47.375385666200003, -16.597503873699999 ], [ -47.376238038300002, -16.6004179597 ], [ -47.3665390926, -16.600636290699999 ], [ -47.364233564899997, -16.594266133400001 ], [ -47.356432827200003, -16.5882805689 ], [ -47.350346952599999, -16.592898957900001 ], [ -47.341169097, -16.592698800699999 ], [ -47.344368398900002, -16.594999243299998 ], [ -47.340545367300003, -16.598724155199999 ], [ -47.336520567, -16.597518700199998 ], [ -47.3380438549, -16.6033814641 ], [ -47.3324977264, -16.606734068 ], [ -47.3375159315, -16.611208636800001 ], [ -47.333904764099998, -16.616676841499999 ], [ -47.320093409499997, -16.606593416399999 ], [ -47.318100986099999, -16.603105664499999 ], [ -47.315522622300001, -16.606447379799999 ], [ -47.3208282075, -16.6182154149 ], [ -47.315832426900002, -16.616151841299999 ], [ -47.304022156199999, -16.623626400900001 ], [ -47.306661543300002, -16.6316614598 ], [ -47.297629307599998, -16.6251895981 ], [ -47.294240892799998, -16.626110496700001 ], [ -47.293656835299998, -16.6363142352 ], [ -47.286071668399998, -16.633605206599999 ], [ -47.283165673299997, -16.639308421199999 ], [ -47.286572273700003, -16.643964950499999 ], [ -47.277873950699998, -16.6477566567 ], [ -47.276795038099998, -16.659595392699998 ], [ -47.271518176400001, -16.663256947499999 ], [ -47.265403315, -16.659446190800001 ], [ -47.263463158599997, -16.661836162499998 ], [ -47.261651225500003, -16.655210361400002 ], [ -47.2577727201, -16.6551623159 ], [ -47.253410558299997, -16.6632100498 ], [ -47.259377216099999, -16.667337054099999 ], [ -47.250354064200003, -16.665544849500002 ], [ -47.247966537, -16.674686664399999 ], [ -47.258514720599997, -16.678521078100001 ], [ -47.254788842899998, -16.6862964036 ], [ -47.247189414099999, -16.68161669 ], [ -47.2452916632, -16.685154939499999 ], [ -47.245262532399998, -16.7005170288 ], [ -47.251041240299998, -16.7050445683 ], [ -47.248299859600003, -16.708286811299999 ], [ -47.241106826699998, -16.7040654109 ], [ -47.237960857, -16.708662524899999 ], [ -47.227210111399998, -16.713030918499999 ], [ -47.225668466099997, -16.719597894100001 ], [ -47.2229134317, -16.722119581400001 ], [ -47.221208599699999, -16.725846886700001 ], [ -47.222652011599997, -16.730965065900001 ], [ -47.230655065900002, -16.7339209778 ], [ -47.226097103100003, -16.741231361099999 ], [ -47.234068086400001, -16.7442302748 ], [ -47.235549227600004, -16.754931251799999 ], [ -47.231654841900003, -16.764625062699999 ], [ -47.222989479500001, -16.761366842600001 ], [ -47.229487627600001, -16.767035575400001 ], [ -47.230464575799999, -16.774954980099999 ], [ -47.216792299799998, -16.7796124075 ], [ -47.219156677500003, -16.786191008700001 ], [ -47.215963236299999, -16.793148236 ], [ -47.218625350799996, -16.796510734 ], [ -47.215237685600002, -16.801668464900001 ], [ -47.219014914900001, -16.802324030400001 ], [ -47.219924636899997, -16.807396181400001 ], [ -47.2070197265, -16.819410214099999 ], [ -47.2123457422, -16.8226510406 ], [ -47.212462849799998, -16.827539073600001 ], [ -47.1930858148, -16.824751534800001 ], [ -47.2055232047, -16.839413220400001 ], [ -47.199571712400001, -16.861074099100001 ], [ -47.208903585599998, -16.8650375305 ], [ -47.207266042100002, -16.875603544899999 ], [ -47.200466711099999, -16.8749195523 ], [ -47.201184798600003, -16.881770371799998 ], [ -47.192740036399996, -16.882703522900002 ], [ -47.194185862200001, -16.886886123899998 ], [ -47.202544781500002, -16.889937744400001 ], [ -47.200909923899999, -16.894188509199999 ], [ -47.1929923247, -16.8970253092 ], [ -47.196650916099998, -16.910378163800001 ], [ -47.180487298300001, -16.901873852400001 ], [ -47.172437036200002, -16.9180409133 ], [ -47.163782484, -16.918050024500001 ], [ -47.159632982700003, -16.920145181100001 ], [ -47.167184183400003, -16.929488230400001 ], [ -47.1737575398, -16.931482385900001 ], [ -47.169075389100001, -16.935075356799999 ], [ -47.168878274, -16.939786473800002 ], [ -47.163956952500001, -16.937664679099999 ], [ -47.156489511300002, -16.940964294299999 ], [ -47.166153352599999, -16.9521807743 ], [ -47.151506803300002, -16.954738039900001 ], [ -47.157910040700003, -16.9642428772 ], [ -47.151211871, -16.967045692300001 ], [ -47.142794376700003, -16.964715838899998 ], [ -47.143711349500002, -16.970615452200001 ], [ -47.128130063500002, -16.976612589 ], [ -47.1254927405, -16.9813125206 ], [ -47.131099520900001, -16.991091364900001 ], [ -47.1506855469, -16.996895316700002 ], [ -47.1397367155, -16.996716867100002 ], [ -47.139849158099999, -17.004256679899999 ], [ -47.1444357831, -17.003176043700002 ], [ -47.144325885199997, -17.0092686212 ], [ -47.132351187200001, -17.0048785458 ], [ -47.1313205712, -17.009979034600001 ], [ -47.140239633100002, -17.016882545600001 ], [ -47.137990470399998, -17.019535958700001 ], [ -47.143954926200003, -17.024730825799999 ], [ -47.148542768699997, -17.0236826288 ], [ -47.146401975300002, -17.0307976868 ], [ -47.151375881600003, -17.032303513799999 ], [ -47.154603700899997, -17.025861563300001 ], [ -47.156740310300002, -17.033360612199999 ], [ -47.159224869299997, -17.0282751851 ], [ -47.161788196700002, -17.034414194 ], [ -47.162238833399996, -17.041092507799998 ], [ -47.168020308700001, -17.038687977599999 ], [ -47.164241248899998, -17.0452734765 ], [ -47.166533182199998, -17.047036134599999 ], [ -47.178599664899998, -17.0390393379 ], [ -47.179872553499997, -17.0346182324 ], [ -47.184011271899998, -17.0355044613 ], [ -47.181294649800002, -17.052363633799999 ], [ -47.174742253799998, -17.053991753199998 ], [ -47.181656607, -17.063497377299999 ], [ -47.186987937399998, -17.0572354245 ], [ -47.189849739099998, -17.061244721200001 ], [ -47.195766081, -17.059612038899999 ], [ -47.195818363900003, -17.0661813032 ], [ -47.191183007799999, -17.0660079379 ], [ -47.190598762800001, -17.0691693345 ], [ -47.197654411199998, -17.0718039098 ], [ -47.2051003459, -17.0702255928 ], [ -47.207428846799999, -17.066395362600002 ], [ -47.209937238099997, -17.073469583400001 ], [ -47.2072405555, -17.079899008799998 ], [ -47.223352157100003, -17.075235962200001 ], [ -47.223346050499998, -17.082088372800001 ], [ -47.228438840800003, -17.078575991899999 ], [ -47.2337388248, -17.081896974500001 ], [ -47.230308015, -17.085903950500001 ], [ -47.221877508399999, -17.085070617300001 ], [ -47.231378418600002, -17.089258022300001 ], [ -47.240210493399999, -17.083161697400001 ], [ -47.242024606100003, -17.087063266200001 ], [ -47.247288418099998, -17.0813118407 ], [ -47.247735812899997, -17.098100444100002 ], [ -47.254569087199997, -17.0978316538 ], [ -47.254793727299997, -17.092242063299999 ], [ -47.258901266400002, -17.100302726 ], [ -47.264017226500002, -17.097083947 ], [ -47.266706885200001, -17.113202361900001 ], [ -47.274209727900001, -17.103640303300001 ], [ -47.281516838400002, -17.114437110299999 ], [ -47.2747079767, -17.117374867799999 ], [ -47.275488729899998, -17.122626824099999 ], [ -47.281731471, -17.122304646100002 ], [ -47.275908201, -17.126946862699999 ], [ -47.282983077899999, -17.130121965699999 ], [ -47.282269345099998, -17.1436433171 ], [ -47.295377948599999, -17.1381667339 ], [ -47.303734820300001, -17.146472574099999 ], [ -47.3025386005, -17.153993826499999 ], [ -47.306934406, -17.158556455599999 ], [ -47.310600856699999, -17.1458620921 ], [ -47.323240881499999, -17.155173643099999 ], [ -47.327238927400003, -17.147879661899999 ], [ -47.331850344800003, -17.1535766135 ], [ -47.328986264599997, -17.1580201196 ], [ -47.3334636493, -17.1648367791 ], [ -47.351546102299999, -17.166043159200001 ], [ -47.348046333900001, -17.175766711 ], [ -47.352763429299998, -17.179775102099999 ], [ -47.339735940399997, -17.186930731899999 ], [ -47.342346497199998, -17.189093821499998 ], [ -47.349184355200002, -17.185767957 ], [ -47.356234602500002, -17.188166246600002 ], [ -47.362603287200002, -17.186036643600001 ], [ -47.3568545531, -17.194099048199998 ], [ -47.349791406900003, -17.1960420576 ], [ -47.350126424199999, -17.205137348400001 ], [ -47.355632760799999, -17.202181959499999 ], [ -47.360404284099999, -17.204163266799998 ], [ -47.363739678400002, -17.211549983600001 ], [ -47.362204705, -17.222251937300001 ], [ -47.365686002700002, -17.221319175200001 ], [ -47.369039375299998, -17.2172847649 ], [ -47.375539150800002, -17.216698584500001 ], [ -47.373878854700003, -17.221612547599999 ], [ -47.378162687900002, -17.219517868899999 ], [ -47.3848770253, -17.226592686899998 ], [ -47.378572889899999, -17.2358209179 ], [ -47.386816709599998, -17.2386802505 ], [ -47.3814910766, -17.2429002533 ], [ -47.387130119699997, -17.2493578122 ], [ -47.398475407900001, -17.242189956299999 ], [ -47.406370788, -17.2452314069 ], [ -47.410627011, -17.2487759473 ], [ -47.407828396200003, -17.2571229168 ], [ -47.422464569699997, -17.2601078446 ], [ -47.416492647, -17.264245787099998 ], [ -47.4174060944, -17.2700062298 ], [ -47.427513234700001, -17.2710650408 ], [ -47.434016878599998, -17.275761831499999 ], [ -47.432327779799998, -17.283031078499999 ], [ -47.425107611599998, -17.283173491399999 ], [ -47.419100990499999, -17.291897793299999 ], [ -47.420768170700001, -17.303457636099999 ], [ -47.428928745699999, -17.307580784799999 ], [ -47.421269347500001, -17.3155114817 ], [ -47.421354001200001, -17.320806431699999 ], [ -47.423742892100002, -17.323572306399999 ], [ -47.434934726599998, -17.3165484156 ], [ -47.441488984300001, -17.3225574505 ], [ -47.449904519, -17.323596029200001 ], [ -47.453850592599998, -17.331444167499999 ], [ -47.443410293600003, -17.341483475899999 ], [ -47.441119693300003, -17.347927017100002 ], [ -47.459601093, -17.3436935537 ], [ -47.460381787499998, -17.347996806499999 ], [ -47.456098785400002, -17.350366746199999 ], [ -47.463568879, -17.355390784499999 ], [ -47.472780455200002, -17.344242785 ], [ -47.478400899500002, -17.348366890699999 ], [ -47.487511914400002, -17.349049384800001 ], [ -47.490379505600004, -17.3443688841 ], [ -47.494630913100004, -17.344389531499999 ], [ -47.498182740799997, -17.335364733500001 ], [ -47.509481027500001, -17.331532883800001 ], [ -47.510772639400003, -17.3251239113 ], [ -47.505383026099999, -17.3235490002 ], [ -47.5024862852, -17.317884071799998 ], [ -47.498882193199996, -17.303010010400001 ], [ -47.5039908006, -17.300045106 ], [ -47.5003524595, -17.2955859132 ], [ -47.507485472200003, -17.2919418691 ], [ -47.509238718500001, -17.284374786800001 ], [ -47.518046491600003, -17.287869253 ], [ -47.521212184299998, -17.284763089799998 ], [ -47.526040479899997, -17.272457832800001 ], [ -47.5263522296, -17.268638897599999 ], [ -47.523623364199999, -17.268667366500001 ], [ -47.527905877499997, -17.262701700600001 ], [ -47.5277629785, -17.250985611800001 ], [ -47.531659236499998, -17.247164503899999 ], [ -47.530321448400002, -17.242132384800001 ], [ -47.548153639299997, -17.223412897500001 ], [ -47.553520196699999, -17.222989718600001 ], [ -47.560530120499998, -17.214856129 ], [ -47.566599594899998, -17.214444981100002 ], [ -47.569073627599998, -17.208805838499998 ], [ -47.571100064699998, -17.2102625098 ], [ -47.5709245452, -17.204745948700001 ], [ -47.5749637447, -17.203005295899999 ], [ -47.572266322600001, -17.1994150423 ], [ -47.577402678699997, -17.199396292700001 ], [ -47.580830862299997, -17.1916045762 ], [ -47.587829443899999, -17.187771096599999 ], [ -47.593678134299999, -17.1715670938 ], [ -47.597848606500001, -17.166503877899999 ], [ -47.607875796899997, -17.1645266823 ], [ -47.6119877358, -17.1589865356 ], [ -47.621735981100002, -17.157447391400002 ], [ -47.624490724399998, -17.152581570100001 ], [ -47.641044169499999, -17.1447030922 ], [ -47.643125977700002, -17.127821624 ], [ -47.653678056700002, -17.110869831199999 ], [ -47.658990404299999, -17.108088452899999 ], [ -47.655401304100003, -17.093645798099999 ], [ -47.662020173599998, -17.091459545 ], [ -47.6622933644, -17.086982917499999 ], [ -47.666240513600002, -17.089172431600002 ], [ -47.668739390799999, -17.085115521300001 ], [ -47.6839314391, -17.083875063200001 ], [ -47.69473702, -17.077849707 ], [ -47.696818058399998, -17.06608612 ], [ -47.703047634400001, -17.0642474982 ], [ -47.703486300500003, -17.058446806399999 ], [ -47.712794172599999, -17.0538760321 ], [ -47.709182362100002, -17.044449517 ], [ -47.719317935399999, -17.032847677300001 ], [ -47.716927741100001, -17.024196989699998 ], [ -47.709215127900002, -17.020543387099998 ], [ -47.699708616099997, -17.002232789400001 ], [ -47.696399697300002, -16.960835779899998 ], [ -47.685097446, -16.949087554 ], [ -47.688598427400002, -16.9146739848 ], [ -47.691069196800001, -16.901125739899999 ], [ -47.694770848099999, -16.911794887500001 ], [ -47.704119089800002, -16.916691641700002 ], [ -47.711448365099997, -16.916631826100001 ], [ -47.7161824326, -16.922787787299999 ], [ -47.730238475900002, -16.9288291887 ], [ -47.742883062399997, -16.929367481700002 ], [ -47.771156765, -16.9187344911 ], [ -47.789156484599999, -16.927641490500001 ], [ -47.791354067900002, -16.9222219856 ], [ -47.805384170799996, -16.9228269798 ], [ -47.8075106147, -16.9166667555 ], [ -47.833127397200002, -16.924746755099999 ], [ -47.8630676354, -16.925689914199999 ], [ -47.872463792600001, -16.922372258900001 ], [ -47.882408896199998, -16.925808959499999 ], [ -47.886655454100001, -16.919441386199999 ], [ -47.893490009200001, -16.917773067700001 ], [ -47.902377854599997, -16.915042130700002 ] ] ] } },
{ "type": "Feature", "properties": { "Mesorregiao": "Noroeste Goiano", "id": "5201702", "name": "Aragarças", "description": "Aragarças", "Cod_Munic_Comp": "5201702", "Cod_UF": 52, "UF": "Goiás", "Cod_Regiao_Intermediaria": 5204, "Regiao_Intermediaria": "São Luís de Montes Belos - Iporá", "Cod_Regiao_Imediata": 520014, "Regiao_Imediata": "Iporá", "Cod_Mesorregiao": 1, "Cod_Microrregiao": 3, "Microrregiao": "Aragarças", "Municipio": "Aragarças", "Regiao_Planejamento": "Região Oeste Goiano ", "latitude": "-15,89776817", "longitude": "-52,24685473", "COD_MUNIC_6": 520170, "AREA": 661677, "COD_MUNIC_4": 9233, "RIDE": 0, "REGIONAL_IEL": "Centro Oeste", "Capital": 0, "MACROREGIAO": "Centro-Oeste", "area_km2": 55720.239740715042 }, "geometry": { "type": "Polygon", "coordinates": [ [ [ -51.638882900600002, -16.597705880300001 ], [ -51.654217215400003, -16.596760443200001 ], [ -51.6578542094, -16.601028289199999 ], [ -51.6686093167, -16.598628783199999 ], [ -51.673632091100004, -16.607623756700001 ], [ -51.671634184200002, -16.613511518599999 ], [ -51.674353264399997, -16.619415938300001 ], [ -51.683748547100002, -16.620901505 ], [ -51.675355554100001, -16.6252243908 ], [ -51.674385803, -16.6364675869 ], [ -51.681520417, -16.637764581700001 ], [ -51.688964223200003, -16.632980343 ], [ -51.695635818, -16.639448639800001 ], [ -51.707074262699997, -16.643025645800002 ], [ -51.717469849499999, -16.633532956100002 ], [ -51.720868208, -16.634047962 ], [ -51.742916108499998, -16.621103483599999 ], [ -51.743332816600002, -16.609507631500001 ], [ -51.747385101100001, -16.606880369399999 ], [ -51.748632919899997, -16.599446523899999 ], [ -51.764839916500001, -16.601847213500001 ], [ -51.796915290199998, -16.619099091799999 ], [ -51.807223524299999, -16.629648415799998 ], [ -51.813909319399997, -16.6314798469 ], [ -51.821446742200003, -16.628876889400001 ], [ -51.837277727100002, -16.644702578299999 ], [ -51.867580966299997, -16.657737921199999 ], [ -51.875244852599998, -16.6555976374 ], [ -51.876608292, -16.6467160696 ], [ -51.887612809399997, -16.6457437095 ], [ -51.899022679300003, -16.6337126524 ], [ -51.908996337700003, -16.636271565400001 ], [ -51.909166306899998, -16.643071931400002 ], [ -51.917523090400003, -16.650444990499999 ], [ -51.927139541, -16.6399476122 ], [ -51.935223276899997, -16.6423220906 ], [ -51.938054067499998, -16.6345291182 ], [ -51.947018899699998, -16.637424854599999 ], [ -51.948332151499997, -16.6331054941 ], [ -51.954054593599999, -16.632573085899999 ], [ -51.960582047199999, -16.624247990899999 ], [ -51.968827058899997, -16.625347481599999 ], [ -51.971629043500002, -16.628786032400001 ], [ -51.975521740200001, -16.6269951214 ], [ -51.987893228600001, -16.601082740700001 ], [ -52.001664913200003, -16.5923888421 ], [ -51.995831447800001, -16.5821487246 ], [ -52.001998145800002, -16.574637644500001 ], [ -52.0025545548, -16.5678430488 ], [ -52.0155295924, -16.568371595 ], [ -52.0145787298, -16.561585144399999 ], [ -52.018247843399998, -16.5588473054 ], [ -52.018730887799997, -16.552563999299998 ], [ -52.021881781099999, -16.550363055599998 ], [ -52.023862045599998, -16.545988769099999 ], [ -52.0294956185, -16.544794746400001 ], [ -52.044130565099998, -16.546319702200002 ], [ -52.04696164, -16.5452289734 ], [ -52.043550466699998, -16.538158494299999 ], [ -52.0527990179, -16.5050923957 ], [ -52.048695298799998, -16.497901776100001 ], [ -52.051581295200002, -16.491061691799999 ], [ -52.074360018100002, -16.485417928499999 ], [ -52.088305702699998, -16.473154575799999 ], [ -52.097692596599998, -16.472885055 ], [ -52.106085185799998, -16.477687636399999 ], [ -52.110837993399997, -16.47201949 ], [ -52.121359731299997, -16.471863001100001 ], [ -52.129305405899999, -16.468054723800002 ], [ -52.137141388099998, -16.472654241499999 ], [ -52.155536543099998, -16.46894932 ], [ -52.170306658199998, -16.477517846600001 ], [ -52.174581832699999, -16.472947677800001 ], [ -52.176204278199997, -16.461397497499998 ], [ -52.181882251200001, -16.465413905599998 ], [ -52.193735468100002, -16.4657404039 ], [ -52.211605052800003, -16.503174953799999 ], [ -52.210326242299999, -16.507983818300001 ], [ -52.232220977300003, -16.5383600296 ], [ -52.244415160400003, -16.5636136366 ], [ -52.244829382299997, -16.5790115629 ], [ -52.259253160599997, -16.598213378 ], [ -52.285726297700002, -16.5820791698 ], [ -52.292003019200003, -16.583965318600001 ], [ -52.309472722, -16.5783096161 ], [ -52.310939595900003, -16.572142063699999 ], [ -52.3190262452, -16.5670496121 ], [ -52.324078104, -16.5666657413 ], [ -52.326827412699998, -16.5739142541 ], [ -52.330196752, -16.564482782300001 ], [ -52.335165862300002, -16.5629227702 ], [ -52.3326891639, -16.5526052843 ], [ -52.339333062500003, -16.544708255900002 ], [ -52.348326646899999, -16.5447715034 ], [ -52.364600979, -16.535806861 ], [ -52.374716926799998, -16.5372724596 ], [ -52.387138843899997, -16.546376791299998 ], [ -52.406690015700001, -16.5544655098 ], [ -52.412134866599999, -16.553280303099999 ], [ -52.416807504600001, -16.542122550399998 ], [ -52.429990613900003, -16.5454335288 ], [ -52.429188995300002, -16.538908062899999 ], [ -52.434327211800003, -16.536175200700001 ], [ -52.441604832899998, -16.5454808456 ], [ -52.453467201, -16.552594472700001 ], [ -52.456592788499997, -16.557300604800002 ], [ -52.464853432699996, -16.559716629499999 ], [ -52.477966909499997, -16.554962628599998 ], [ -52.48185902, -16.561650578 ], [ -52.491246005100002, -16.563154169200001 ], [ -52.504107878600003, -16.550030568099999 ], [ -52.508134240399997, -16.540709505100001 ], [ -52.511052789, -16.5400699809 ], [ -52.515638691900001, -16.548033369300001 ], [ -52.5369555973, -16.549069263100002 ], [ -52.547581187399999, -16.551546515399998 ], [ -52.550748899600002, -16.543393808400001 ], [ -52.562862922699999, -16.547281765299999 ], [ -52.580336458300003, -16.5359436229 ], [ -52.5706470314, -16.5297967604 ], [ -52.564084151899998, -16.5175749096 ], [ -52.589697058, -16.523983714700002 ], [ -52.5880319344, -16.532682145399999 ], [ -52.590755841499998, -16.534669057799999 ], [ -52.599111196199999, -16.532754065500001 ], [ -52.607460670199998, -16.517912745699999 ], [ -52.610050097299997, -16.5123749292 ], [ -52.628949094399999, -16.5173330185 ], [ -52.634745421200002, -16.512167292400001 ], [ -52.637079290899997, -16.502471689 ], [ -52.632104589400001, -16.499943972699999 ], [ -52.615216200299997, -16.503944263499999 ], [ -52.605023344700001, -16.485761374100001 ], [ -52.6059672226, -16.475711809100002 ], [ -52.612829062599999, -16.4695590577 ], [ -52.6039142204, -16.464215793800001 ], [ -52.612003395099997, -16.457799282100002 ], [ -52.620255513799997, -16.4644143642 ], [ -52.6209183247, -16.456630376500001 ], [ -52.615666812199997, -16.4497478792 ], [ -52.6198665354, -16.445393986799999 ], [ -52.638083431200002, -16.436639626800002 ], [ -52.644663558799998, -16.425787809500001 ], [ -52.640637968199997, -16.416283047099999 ], [ -52.642969744, -16.412297746499998 ], [ -52.650028963700002, -16.408230802599999 ], [ -52.676163321899999, -16.411865326899999 ], [ -52.687915511900002, -16.395858672900001 ], [ -52.687052675399997, -16.390784073700001 ], [ -52.679386774900003, -16.387709569 ], [ -52.677145204600002, -16.379736182 ], [ -52.692501945099998, -16.367895800599999 ], [ -52.689246429199997, -16.356401810099999 ], [ -52.692721235100002, -16.350704568699999 ], [ -52.6818292313, -16.343091186399999 ], [ -52.6852240638, -16.328069087599999 ], [ -52.681195429, -16.320645638199998 ], [ -52.686445240700003, -16.3150408391 ], [ -52.681671519799998, -16.303624050700002 ], [ -52.676445443799999, -16.301823348500001 ], [ -52.673169167799998, -16.293671799199998 ], [ -52.661928361500003, -16.283269207899998 ], [ -52.652831475399999, -16.279539006899999 ], [ -52.647301296899997, -16.284969542900001 ], [ -52.6370097215, -16.283150837899999 ], [ -52.623027516800001, -16.286935138299999 ], [ -52.610320512500003, -16.27192202 ], [ -52.589855210099998, -16.269249919 ], [ -52.585662700100002, -16.266542418499998 ], [ -52.580440639199999, -16.251149360100001 ], [ -52.575944385299998, -16.249510217299999 ], [ -52.561858625399999, -16.26461055 ], [ -52.552975101, -16.265326989199998 ], [ -52.547206193400001, -16.261938572199998 ], [ -52.545861244400001, -16.2580781198 ], [ -52.567913694, -16.234476579500001 ], [ -52.569221230799997, -16.22841353 ], [ -52.566227474100003, -16.224617046199999 ], [ -52.547503821100001, -16.2245891518 ], [ -52.544577972100001, -16.222689118800002 ], [ -52.545697074, -16.2191897469 ], [ -52.549766935100003, -16.188711118099999 ], [ -52.543141899699997, -16.180325545700001 ], [ -52.548136728099998, -16.1646763896 ], [ -52.5266119351, -16.155772754400001 ], [ -52.525054251500002, -16.140114931399999 ], [ -52.516040058199998, -16.134507297599999 ], [ -52.513054016600002, -16.133489148700001 ], [ -52.500246837500001, -16.142260982700002 ], [ -52.491582899800001, -16.1377660048 ], [ -52.488002593799997, -16.130303892099999 ], [ -52.476499083299998, -16.125950839200001 ], [ -52.470547785100003, -16.1261675571 ], [ -52.457942332099996, -16.127055239899999 ], [ -52.437024772599997, -16.1096648047 ], [ -52.397363451499999, -16.0930020007 ], [ -52.3746380145, -16.097952546 ], [ -52.370010839300001, -16.094758282099999 ], [ -52.367105468299997, -16.084027731399999 ], [ -52.360554147599998, -16.081524127200002 ], [ -52.349780514199999, -16.083503672199999 ], [ -52.327608957099997, -16.0701617201 ], [ -52.324249361600003, -16.049567262899998 ], [ -52.320356934199999, -16.045451893500001 ], [ -52.322887039199998, -16.037142874499999 ], [ -52.314940967299997, -16.027377831700001 ], [ -52.310002433100003, -16.0069587618 ], [ -52.289656882599999, -15.984919977400001 ], [ -52.288586497, -15.965658702400001 ], [ -52.264831291500002, -15.9465376486 ], [ -52.263667845900002, -15.936940373200001 ], [ -52.257951267099997, -15.9326576975 ], [ -52.250997140599999, -15.908010282 ], [ -52.2521608188, -15.8922205391 ], [ -52.235300360300002, -15.8885308836 ], [ -52.21652506, -15.890702043399999 ], [ -52.1906686405, -15.881330564800001 ], [ -52.172830014399999, -15.8879590157 ], [ -52.153770943700003, -15.8886119824 ], [ -52.128055611500002, -15.894515205 ], [ -52.106989344200002, -15.8818415156 ], [ -52.096834479499996, -15.888216186799999 ], [ -52.0913312948, -15.8822062125 ], [ -52.078775029299997, -15.8800257694 ], [ -52.057633426, -15.8869736104 ], [ -52.010838644499998, -15.885788893 ], [ -51.9958767882, -15.8726427643 ], [ -51.982806350399997, -15.843542857199999 ], [ -51.972206848399999, -15.8374097173 ], [ -51.959330218200002, -15.8398179636 ], [ -51.953664322599998, -15.837223005 ], [ -51.956083423899997, -15.822161490199999 ], [ -51.9483558835, -15.809946972500001 ], [ -51.911554838699999, -15.813132405099999 ], [ -51.889773683900003, -15.831554302500001 ], [ -51.879134787700004, -15.824954187 ], [ -51.873381944400002, -15.7998172055 ], [ -51.858922245800002, -15.7887534984 ], [ -51.846976686399998, -15.7690915167 ], [ -51.829131153900001, -15.739737563 ], [ -51.824976720499997, -15.735014319 ], [ -51.802756367299999, -15.722529998400001 ], [ -51.804119098400001, -15.7128278266 ], [ -51.768781048699999, -15.656153541 ], [ -51.757339263699997, -15.635508206100001 ], [ -51.753214401400001, -15.609736420799999 ], [ -51.777167710299999, -15.5538163231 ], [ -51.7770788013, -15.5385588839 ], [ -51.770940912299999, -15.5319863616 ], [ -51.761385119300002, -15.531203334400001 ], [ -51.751221267799998, -15.5546731785 ], [ -51.741637720500002, -15.556345351799999 ], [ -51.727245424199999, -15.550351730399999 ], [ -51.725524764399999, -15.5421726774 ], [ -51.733817210399998, -15.5297896946 ], [ -51.734994288199999, -15.5104292085 ], [ -51.725495926400001, -15.5020339995 ], [ -51.704203551500001, -15.4962582491 ], [ -51.698317202399998, -15.484523771399999 ], [ -51.699103949200001, -15.473300204899999 ], [ -51.707943147, -15.4560369942 ], [ -51.6924127391, -15.4328101732 ], [ -51.691053977199999, -15.4260951269 ], [ -51.697474901200003, -15.41734665 ], [ -51.697161119299999, -15.409549696299999 ], [ -51.670912967299998, -15.371290094 ], [ -51.673167464700001, -15.3569889104 ], [ -51.685777105, -15.345480097199999 ], [ -51.687832302799997, -15.3084175974 ], [ -51.678328907599997, -15.290220335100001 ], [ -51.66149674, -15.280940362100001 ], [ -51.646469131400004, -15.267508756 ], [ -51.647081486700003, -15.2602625717 ], [ -51.658996413499999, -15.255454543500001 ], [ -51.667553044199998, -15.2459067574 ], [ -51.661537051899998, -15.2242134674 ], [ -51.6524387694, -15.2062746588 ], [ -51.651627294800001, -15.179436474399999 ], [ -51.626551387900001, -15.164036641599999 ], [ -51.606695755399997, -15.1630674896 ], [ -51.598526518, -15.1562990081 ], [ -51.587659461400001, -15.1377744857 ], [ -51.573465919500002, -15.1130516543 ], [ -51.5522771, -15.105454809699999 ], [ -51.535493188099998, -15.0692511757 ], [ -51.521774495700001, -15.0579928927 ], [ -51.511912031900003, -15.054199884499999 ], [ -51.477279883800001, -15.0562831598 ], [ -51.460357137400003, -15.0442447838 ], [ -51.451944705899997, -15.033613814100001 ], [ -51.441221373300003, -15.029672983 ], [ -51.427294444, -15.0078962992 ], [ -51.397891517300003, -15.003040457299999 ], [ -51.376337836200001, -15.0124267519 ], [ -51.356818194100001, -15.002056791 ], [ -51.346943304100002, -14.9897445981 ], [ -51.337330525200002, -14.9729323859 ], [ -51.322615018599997, -14.971323805100001 ], [ -51.301459717199997, -14.986093416499999 ], [ -51.298277142, -14.996670955200001 ], [ -51.298167188500003, -15.0219079211 ], [ -51.290027528899998, -15.033891662 ], [ -51.271440719099999, -15.0373721555 ], [ -51.242137784599997, -15.034960292899999 ], [ -51.198195537399997, -15.0044481034 ], [ -51.150305529100002, -14.9833133539 ], [ -51.145500113600001, -14.977018688 ], [ -51.146442480799998, -14.959077708600001 ], [ -51.134222147899997, -14.9431551202 ], [ -51.126604708499997, -14.936666149900001 ], [ -51.102353170599997, -14.926077128899999 ], [ -51.083591142499998, -14.9160117338 ], [ -51.081927936900001, -14.910040587399999 ], [ -51.082505359899997, -14.905406031 ], [ -51.090719353700003, -14.8938315147 ], [ -51.0913250336, -14.881598798800001 ], [ -51.086414720500002, -14.8621924731 ], [ -51.090167821900003, -14.8477156304 ], [ -51.088975961899997, -14.839920646 ], [ -51.067912069599998, -14.809866639 ], [ -51.044048358700003, -14.794585015399999 ], [ -51.041997414100003, -14.784149469400001 ], [ -51.052081014, -14.7639922138 ], [ -51.053499090300001, -14.7462255672 ], [ -51.0488326308, -14.734873909299999 ], [ -51.039272664099997, -14.7261111076 ], [ -51.036362690600001, -14.717480928900001 ], [ -51.026742935599998, -14.7063591635 ], [ -51.0260498532, -14.6971976587 ], [ -51.031107299799999, -14.6796412715 ], [ -51.026081306499997, -14.665285238899999 ], [ -51.018553930800003, -14.6610698634 ], [ -50.996916347400003, -14.6255369212 ], [ -50.9941485851, -14.6196463929 ], [ -50.991130801899999, -14.6123570681 ], [ -50.996916411299999, -14.577760640399999 ], [ -50.9623826009, -14.5265808881 ], [ -50.972466899099999, -14.500170346 ], [ -50.967757072200001, -14.481867314600001 ], [ -50.975333744499999, -14.466581111 ], [ -50.986586716799998, -14.4566737036 ], [ -50.986130781100002, -14.437099137300001 ], [ -50.998609730399998, -14.4187967666 ], [ -50.994466787900002, -14.4047692968 ], [ -50.988611959499998, -14.398791159 ], [ -50.986708201900001, -14.385523360900001 ], [ -50.9868964299, -14.37854153 ], [ -50.989388899300003, -14.3622667073 ], [ -50.980110446700003, -14.353779837399999 ], [ -50.968830312500003, -14.333488842 ], [ -50.975518732899999, -14.3014848786 ], [ -50.974803844299998, -14.290419524 ], [ -50.961768100699999, -14.2504196969 ], [ -50.936582416599997, -14.2099606526 ], [ -50.926690818399997, -14.1843317268 ], [ -50.913977868899998, -14.171815649899999 ], [ -50.909889697700002, -14.14908918 ], [ -50.918165527600003, -14.1253631516 ], [ -50.9170259212, -14.114382970299999 ], [ -50.913354635200001, -14.111147777899999 ], [ -50.904332864700002, -14.1127291119 ], [ -50.892302373500002, -14.1269634544 ], [ -50.867363770700003, -14.124664554100001 ], [ -50.840970021799997, -14.104471524 ], [ -50.833190043800002, -14.0894115563 ], [ -50.831249744899999, -14.0722438518 ], [ -50.851412009900002, -14.0286958955 ], [ -50.848774647699997, -14.0003328773 ], [ -50.862688158600001, -13.9848487199 ], [ -50.865496849199999, -13.9747853618 ], [ -50.862272690700003, -13.9564934511 ], [ -50.845246751399998, -13.9412340527 ], [ -50.8408346366, -13.9268424378 ], [ -50.845218667600001, -13.9030870483 ], [ -50.8408075125, -13.891231923099999 ], [ -50.841031583, -13.8595311257 ], [ -50.856274567600003, -13.831114445200001 ], [ -50.853057148600001, -13.811097049600001 ], [ -50.856888031799997, -13.7909702767 ], [ -50.853354264399997, -13.765341726400001 ], [ -50.870338002099999, -13.7388330026 ], [ -50.871332627900003, -13.732658817600001 ], [ -50.865436199299999, -13.7227073498 ], [ -50.855992301500002, -13.7154151223 ], [ -50.834195086900003, -13.710945501199999 ], [ -50.822504055, -13.712791424400001 ], [ -50.803501028900001, -13.690532344299999 ], [ -50.801478171500001, -13.6843857222 ], [ -50.787454261299999, -13.647969988 ], [ -50.780890153, -13.618686404 ], [ -50.768028329300002, -13.596612518100001 ], [ -50.762994201, -13.5295815148 ], [ -50.744610064200003, -13.5071575207 ], [ -50.714722703600003, -13.491261661399999 ], [ -50.69650199, -13.475503893799999 ], [ -50.683695518900002, -13.443731077900001 ], [ -50.665001449099996, -13.441850107600001 ], [ -50.662848197899997, -13.4193267714 ], [ -50.668687845800001, -13.3987833632 ], [ -50.6651942138, -13.3757062881 ], [ -50.645905361300002, -13.3607437817 ], [ -50.638491463400001, -13.345181544900001 ], [ -50.623773047100002, -13.3342549449 ], [ -50.611690976200002, -13.316188332899999 ], [ -50.606748044299998, -13.310427027899999 ], [ -50.604748722300002, -13.273117944 ], [ -50.601933634799998, -13.2688930668 ], [ -50.587304624799998, -13.248110392 ], [ -50.584077096599998, -13.214865423499999 ], [ -50.586074525100003, -13.21202587 ], [ -50.602934961, -13.196443285399999 ], [ -50.601328803100003, -13.1803581953 ], [ -50.594441124500001, -13.1692939971 ], [ -50.598688173699998, -13.143041687 ], [ -50.589830860600003, -13.109204328400001 ], [ -50.5939396164, -13.094729878800001 ], [ -50.601106636499999, -13.0892542263 ], [ -50.6032433711, -13.078018606900001 ], [ -50.611247446100002, -13.063928535300001 ], [ -50.605939725, -13.056717772500001 ], [ -50.576468824899997, -13.0506554854 ], [ -50.568718906299999, -13.038701268200001 ], [ -50.571548184500003, -13.0321057113 ], [ -50.587083530100003, -13.023979860600001 ], [ -50.5925503956, -13.0024286473 ], [ -50.5783537151, -12.9974385465 ], [ -50.564943147400001, -13.003484183199999 ], [ -50.556365706699999, -13.002033362 ], [ -50.542942479499999, -12.9832474052 ], [ -50.5254746309, -12.9759915715 ], [ -50.525661632099997, -12.939479046800001 ], [ -50.5164163285, -12.920118582700001 ], [ -50.513911886800003, -12.9000312084 ], [ -50.501414478299999, -12.8822680709 ], [ -50.501988360399999, -12.8726589465 ], [ -50.510826878300001, -12.8603775848 ], [ -50.495024646, -12.8415998335 ], [ -50.490611454, -12.8284104558 ], [ -50.493724652799997, -12.8189479865 ], [ -50.49069482, -12.813630532 ], [ -50.484385230599997, -12.8115341904 ], [ -50.493418294900003, -12.785230761499999 ], [ -50.484220008199998, -12.775544228799999 ], [ -50.475306528, -12.771662686599999 ], [ -50.477023989899998, -12.7598536453 ], [ -50.468078941900004, -12.7549717786 ], [ -50.4714727844, -12.751846993499999 ], [ -50.482749212900003, -12.752169309599999 ], [ -50.485557559500002, -12.7481440614 ], [ -50.481938639600003, -12.7388484614 ], [ -50.467855000500002, -12.7356644714 ], [ -50.465773133, -12.7310608453 ], [ -50.467666619699997, -12.7208793899 ], [ -50.478333075499997, -12.7158585865 ], [ -50.477610144, -12.709524245500001 ], [ -50.463942595500001, -12.703069488 ], [ -50.4613281118, -12.693852261 ], [ -50.439415977499998, -12.6975545785 ], [ -50.432106921699997, -12.689570209299999 ], [ -50.4363887218, -12.677644491100001 ], [ -50.431948003, -12.668803495200001 ], [ -50.4365502538, -12.6608694129 ], [ -50.427497671600001, -12.652539769500001 ], [ -50.4323609793, -12.6495792898 ], [ -50.438083241699999, -12.657679353600001 ], [ -50.440415062699998, -12.6528459339 ], [ -50.426914792600002, -12.642036016400001 ], [ -50.418059827299999, -12.651205043099999 ], [ -50.412887545899999, -12.6497144195 ], [ -50.411251844699997, -12.6457501963 ], [ -50.418195589, -12.6241758662 ], [ -50.4067174276, -12.614252497900001 ], [ -50.392298696499999, -12.613235614400001 ], [ -50.390942034600002, -12.6062686864 ], [ -50.398359707899999, -12.6017397045 ], [ -50.386858566400001, -12.5898206326 ], [ -50.3818110928, -12.5768334887 ], [ -50.370313167600003, -12.5751416365 ], [ -50.3660538958, -12.5710201257 ], [ -50.3693265494, -12.559559357199999 ], [ -50.366134350300001, -12.5542387556 ], [ -50.358077335700003, -12.5533348207 ], [ -50.365688188699998, -12.5478084707 ], [ -50.359270674900003, -12.541252349700001 ], [ -50.345888044799999, -12.542685107900001 ], [ -50.346135357100003, -12.5334411473 ], [ -50.3308308939, -12.5350609884 ], [ -50.334079097699998, -12.519974423600001 ], [ -50.329790921499999, -12.5146009018 ], [ -50.313690124499999, -12.5211137528 ], [ -50.312438085300002, -12.516046813499999 ], [ -50.318356789799999, -12.5088159402 ], [ -50.324718998599998, -12.508380297 ], [ -50.3073880297, -12.4939506226 ], [ -50.289282177899999, -12.487652197599999 ], [ -50.280919361800002, -12.4785007062 ], [ -50.274165281199998, -12.4810349295 ], [ -50.262750086600001, -12.477754877100001 ], [ -50.2534475008, -12.4618731388 ], [ -50.229742785200003, -12.455310129700001 ], [ -50.222110775099999, -12.445686070100001 ], [ -50.207161241500003, -12.448382193200001 ], [ -50.207723518599998, -12.442038093300001 ], [ -50.2152811164, -12.4409618792 ], [ -50.211884374100002, -12.436693314899999 ], [ -50.198230322100002, -12.431689416899999 ], [ -50.183552130700001, -12.431026905 ], [ -50.186526091300003, -12.4233276165 ], [ -50.197615883799998, -12.4191718561 ], [ -50.1961312707, -12.412916446800001 ], [ -50.188585096600001, -12.4132608692 ], [ -50.188191680700001, -12.420248604899999 ], [ -50.184824211900001, -12.422525180399999 ], [ -50.174640736, -12.4233047726 ], [ -50.170776049200001, -12.419577827199999 ], [ -50.171965479699999, -12.4080665663 ], [ -50.142224655699998, -12.395505072600001 ], [ -50.157771088899999, -12.4119428796 ], [ -50.159107255199999, -12.430615277199999 ], [ -50.164367906899997, -12.436617372800001 ], [ -50.179308864200003, -12.439456986 ], [ -50.183800337699999, -12.454876064800001 ], [ -50.196157052700002, -12.458061170400001 ], [ -50.204804686800003, -12.4654266541 ], [ -50.204523082199998, -12.4766660276 ], [ -50.214022503400003, -12.481940506 ], [ -50.2172211261, -12.4884717258 ], [ -50.219441872399997, -12.517176713 ], [ -50.228941558400003, -12.5334773114 ], [ -50.222500726600003, -12.543155523799999 ], [ -50.213333778900001, -12.547974028 ], [ -50.21160638, -12.561045165499999 ], [ -50.2059960741, -12.561561426800001 ], [ -50.205631847399999, -12.553585029100001 ], [ -50.203054937099999, -12.55315803 ], [ -50.197465416199996, -12.5550249319 ], [ -50.192721626, -12.563882486800001 ], [ -50.2036049365, -12.563768552499999 ], [ -50.207893553200002, -12.5726050907 ], [ -50.226774838300003, -12.5860894394 ], [ -50.231364948, -12.584943274900001 ], [ -50.234506084, -12.5773830768 ], [ -50.237752908399997, -12.579161663900001 ], [ -50.2452544653, -12.5969393353 ], [ -50.236525616800002, -12.6236038722 ], [ -50.248139144500001, -12.6306433733 ], [ -50.254718154899997, -12.6245836746 ], [ -50.256664665099997, -12.6345312875 ], [ -50.261971121199998, -12.637286849300001 ], [ -50.259110728499998, -12.6453881009 ], [ -50.269364502099997, -12.654424433599999 ], [ -50.263742117500001, -12.6634677663 ], [ -50.270079996299998, -12.677180457 ], [ -50.266367024399997, -12.682024614099999 ], [ -50.2724780064, -12.682772423899999 ], [ -50.277938957700002, -12.677635008599999 ], [ -50.280752962800001, -12.6885701733 ], [ -50.285559697700002, -12.6816271655 ], [ -50.290083228199997, -12.6825770874 ], [ -50.292276689799998, -12.688083148900001 ], [ -50.294804081, -12.6758139638 ], [ -50.299975224599997, -12.681829635 ], [ -50.296861964199998, -12.6914544926 ], [ -50.2938323598, -12.695224162 ], [ -50.295142299600002, -12.7046443597 ], [ -50.299079044099997, -12.7055120842 ], [ -50.2966929464, -12.710611548899999 ], [ -50.283779324800001, -12.7177571604 ], [ -50.288303706100002, -12.734819765199999 ], [ -50.297938501799997, -12.7394302743 ], [ -50.296224478799999, -12.7421653046 ], [ -50.301805282399997, -12.745277359 ], [ -50.295052874699998, -12.7530593645 ], [ -50.3062278393, -12.766892161099999 ], [ -50.3035894697, -12.7855961767 ], [ -50.308889794099997, -12.7889913293 ], [ -50.310828560499999, -12.7981200302 ], [ -50.305474164899998, -12.805436137099999 ], [ -50.306719600400001, -12.819202475399999 ], [ -50.304080679, -12.8219524404 ], [ -50.301384664, -12.819907202 ], [ -50.301608137300001, -12.823966688200001 ], [ -50.294915119700001, -12.8287626479 ], [ -50.2921966798, -12.8394895064 ], [ -50.286804991300002, -12.8365625679 ], [ -50.284194051599997, -12.8430161401 ], [ -50.282860526500002, -12.8402257668 ], [ -50.275497445600003, -12.8436682026 ], [ -50.271222289500002, -12.8406295589 ], [ -50.261834368300001, -12.844357732600001 ], [ -50.263077279400001, -12.847341740599999 ], [ -50.250638735199999, -12.8493732977 ], [ -50.250395595199997, -12.853460247399999 ], [ -50.241886083300002, -12.852282371499999 ], [ -50.235670389799999, -12.857244635900001 ], [ -50.231087581899999, -12.8537264744 ], [ -50.231327444500003, -12.8580232276 ], [ -50.224968971300001, -12.861172503100001 ], [ -50.224667302699999, -12.8738703021 ], [ -50.212887641599998, -12.877806295699999 ], [ -50.210717878200001, -12.875831810199999 ], [ -50.204274780799999, -12.884970156 ], [ -50.199559274800002, -12.8838356088 ], [ -50.195335524199997, -12.890220902399999 ], [ -50.182973092300003, -12.8963415816 ], [ -50.180606317500001, -12.8919346527 ], [ -50.176054818499999, -12.891527348 ], [ -50.172530162, -12.896732419299999 ], [ -50.160197618799998, -12.893231568099999 ], [ -50.1493828861, -12.902501430099999 ], [ -50.126504495600003, -12.9047432867 ], [ -50.1092636403, -12.9109752926 ], [ -50.103495205900003, -12.9076125063 ], [ -50.078442447500002, -12.9055096388 ], [ -50.0708106855, -12.917554169800001 ], [ -50.049884173899997, -12.922118084899999 ], [ -50.044006803400002, -12.9330621557 ], [ -50.038471897699999, -12.9348373225 ], [ -50.017500711700002, -12.928791526199999 ], [ -50.002560734900001, -12.9333177461 ], [ -49.989326457399997, -12.945541675199999 ], [ -49.978724300899998, -12.9389301813 ], [ -49.952315086, -12.9593685824 ], [ -49.9389732526, -12.956497321700001 ], [ -49.911021780299997, -12.9663420527 ], [ -49.908742141399998, -12.9736111295 ], [ -49.896925346700002, -12.980130518899999 ], [ -49.7972399079, -13.035997246499999 ], [ -49.607964469, -13.142838341099999 ], [ -49.529338231, -13.187135810199999 ], [ -49.431406097699998, -13.240711107899999 ], [ -49.369080464900001, -13.2741884704 ], [ -49.377018284599998, -13.276558286 ], [ -49.385726157, -13.2741894933 ], [ -49.408604370500001, -13.267386870899999 ], [ -49.419716988899999, -13.258706673900001 ], [ -49.435078780700003, -13.2541124146 ], [ -49.441856088199998, -13.245969042900001 ], [ -49.467034748899998, -13.2482855231 ], [ -49.477936082299998, -13.254093831800001 ], [ -49.486076750400002, -13.249952481 ], [ -49.508694158099999, -13.2682800547 ], [ -49.5202463806, -13.2719081476 ], [ -49.5308044553, -13.280142703499999 ], [ -49.552638503700003, -13.2782162145 ], [ -49.569943089200002, -13.2893985098 ], [ -49.578829663299999, -13.287017694399999 ], [ -49.578446287, -13.2918167891 ], [ -49.584164339, -13.2925838129 ], [ -49.590208262899999, -13.301402985099999 ], [ -49.586334177499999, -13.309902697 ], [ -49.58769133, -13.3154369437 ], [ -49.592197906599999, -13.3194616661 ], [ -49.604753336900004, -13.3217070594 ], [ -49.608826357300003, -13.332984811299999 ], [ -49.6125265529, -13.332110186 ], [ -49.624578929199998, -13.3538478129 ], [ -49.629999825500001, -13.3525410599 ], [ -49.631129948, -13.3556112581 ], [ -49.636467862899998, -13.348860399099999 ], [ -49.6478253298, -13.351749887900001 ], [ -49.646429159100002, -13.354384612700001 ], [ -49.650388643, -13.3539412686 ], [ -49.650132379900001, -13.3616351764 ], [ -49.655833964700001, -13.3685674609 ], [ -49.669971438600001, -13.370025307900001 ], [ -49.670134334899998, -13.373823682 ], [ -49.677444706499998, -13.375508085 ], [ -49.690749789800002, -13.3905475846 ], [ -49.688409997400001, -13.3933387554 ], [ -49.698385199, -13.4088084212 ], [ -49.707109559700001, -13.405251891400001 ], [ -49.717992612300002, -13.4205401179 ], [ -49.730577649700002, -13.4228095677 ], [ -49.732297849299997, -13.4278877456 ], [ -49.738603307699996, -13.424305561100001 ], [ -49.747855838600003, -13.428086007399999 ], [ -49.7509924043, -13.425661034899999 ], [ -49.752550393, -13.4293821919 ], [ -49.757022574700002, -13.426157270899999 ], [ -49.765157692599999, -13.4277454042 ], [ -49.767942107300001, -13.439630946699999 ], [ -49.773166399700003, -13.4339666912 ], [ -49.774731611199996, -13.438138778700001 ], [ -49.779366962099999, -13.4383515534 ], [ -49.778493215899999, -13.4499433471 ], [ -49.782771039300002, -13.4503322804 ], [ -49.783209624599998, -13.454766873300001 ], [ -49.793275245499999, -13.455565245500001 ], [ -49.8004646415, -13.461499228799999 ], [ -49.804992171199999, -13.4594474892 ], [ -49.810353165499997, -13.463468089099999 ], [ -49.821998843599999, -13.452399782900001 ], [ -49.826771866, -13.4567800358 ], [ -49.826747931699998, -13.461406403 ], [ -49.831025576400002, -13.462460070200001 ], [ -49.842474602199999, -13.4746171052 ], [ -49.848830683099997, -13.495603754499999 ], [ -49.857053059, -13.4988251553 ], [ -49.86112908, -13.497045478 ], [ -49.874326625199998, -13.5052412579 ], [ -49.876494340299999, -13.495332942399999 ], [ -49.885222342299997, -13.4928489995 ], [ -49.900190452099999, -13.503100708 ], [ -49.913526745600002, -13.5073706434 ], [ -49.927501548899997, -13.501003369799999 ], [ -49.930297945699998, -13.494032413399999 ], [ -49.933165153399997, -13.4954053926 ], [ -49.938278158899998, -13.4915379749 ], [ -49.949387238600004, -13.4932394424 ], [ -49.95132658, -13.4899888293 ], [ -49.957412541700002, -13.4960037984 ], [ -49.969463223699996, -13.493640449400001 ], [ -49.971191293799997, -13.4974532947 ], [ -49.978887569, -13.4974944324 ], [ -49.9786139984, -13.4884090348 ], [ -49.989329676099999, -13.4866834213 ], [ -49.997795663700003, -13.491895919299999 ], [ -49.998109463, -13.486373175900001 ], [ -50.001636505100002, -13.486915375600001 ], [ -50.011128797200001, -13.4971990231 ], [ -50.010139866099998, -13.5022250083 ], [ -50.013750673200001, -13.5018556991 ], [ -50.0152173265, -13.4958162835 ], [ -50.017740051, -13.5011631337 ], [ -50.0194875436, -13.495895646699999 ], [ -50.0254136999, -13.504358357 ], [ -50.037023372599997, -13.5027820417 ], [ -50.032835050099997, -13.5108071928 ], [ -50.035436766499998, -13.5160975293 ], [ -50.042696484399997, -13.5156447336 ], [ -50.0489711771, -13.509824969 ], [ -50.053941759399997, -13.5137833032 ], [ -50.056500161, -13.5227979407 ], [ -50.068467590300003, -13.5220386431 ], [ -50.083965663, -13.513331491900001 ], [ -50.088106971800002, -13.517646193399999 ], [ -50.094254669400001, -13.5155275276 ], [ -50.097277723099999, -13.5104097178 ], [ -50.109772261800003, -13.5124707086 ], [ -50.1185542662, -13.5081335094 ], [ -50.124298026600002, -13.5213556045 ], [ -50.136470858499997, -13.520956975500001 ], [ -50.142303356, -13.536535562399999 ], [ -50.150883575, -13.539364556400001 ], [ -50.153028682600002, -13.5312249485 ], [ -50.160827843, -13.530676039599999 ], [ -50.167693159400002, -13.5529915576 ], [ -50.182192710400003, -13.5479972514 ], [ -50.1912228005, -13.5399275752 ], [ -50.20434254, -13.5345805334 ], [ -50.2269124265, -13.5393478903 ], [ -50.226882416499997, -13.5430641533 ], [ -50.230141595699997, -13.5427442431 ], [ -50.229135224700002, -13.5472658477 ], [ -50.233881169100002, -13.54741122 ], [ -50.2339473177, -13.5573977957 ], [ -50.245745655, -13.5543553132 ], [ -50.250907201300002, -13.5564056294 ], [ -50.254558708799998, -13.546925567 ], [ -50.261220480699997, -13.555719974400001 ], [ -50.261053624500001, -13.562244509299999 ], [ -50.269972180400003, -13.568691786600001 ], [ -50.2748544608, -13.5791853763 ], [ -50.267854626099997, -13.5835466026 ], [ -50.259301298300002, -13.568576632599999 ], [ -50.246328313, -13.5762317351 ], [ -50.245745990400003, -13.5867427412 ], [ -50.239745988899998, -13.598021083200001 ], [ -50.241047903499997, -13.606284317 ], [ -50.2331870716, -13.619447644799999 ], [ -50.2416378108, -13.6262581508 ], [ -50.236111145499997, -13.632002419299999 ], [ -50.244021461300001, -13.643258599 ], [ -50.243598667500002, -13.648242781 ], [ -50.236895188200002, -13.654594338900001 ], [ -50.234280766300003, -13.6455913217 ], [ -50.227969303, -13.6512304514 ], [ -50.216186733400001, -13.6504570099 ], [ -50.214641601300002, -13.6343860492 ], [ -50.210497219399997, -13.6387739593 ], [ -50.208572199099997, -13.6516473001 ], [ -50.201824341799998, -13.6571823984 ], [ -50.195419178199998, -13.651485254500001 ], [ -50.196432142, -13.642965240400001 ], [ -50.190541841600002, -13.6417259061 ], [ -50.176772980099997, -13.6509007771 ], [ -50.158215049200003, -13.651319363900001 ], [ -50.149103566299999, -13.660190739100001 ], [ -50.147020009599999, -13.6542753787 ], [ -50.1531628794, -13.6464496395 ], [ -50.147717742499999, -13.644842764 ], [ -50.13743783, -13.6789270609 ], [ -50.118025359599997, -13.6888521819 ], [ -50.113358434299997, -13.6843502926 ], [ -50.116302941800001, -13.663792761 ], [ -50.110352784500002, -13.6579169909 ], [ -50.1010305629, -13.6611534624 ], [ -50.097247072400002, -13.6730905371 ], [ -50.083695002500001, -13.6880782272 ], [ -50.079050086400002, -13.688922183200001 ], [ -50.075834249, -13.679361911699999 ], [ -50.068050488300003, -13.6853423371 ], [ -50.0563030932, -13.7057023327 ], [ -50.046134285400001, -13.7011298621 ], [ -50.040858495899997, -13.6871820692 ], [ -50.031936221899997, -13.6794543928 ], [ -50.018830385800001, -13.6880914708 ], [ -49.9958843625, -13.684341140100001 ], [ -49.981993441299998, -13.6860909023 ], [ -49.970856814299999, -13.6898262766 ], [ -49.962718194700003, -13.702319087699999 ], [ -49.9622744359, -13.7131251061 ], [ -49.9565361796, -13.7255825631 ], [ -49.959993032699998, -13.7431322228 ], [ -49.949916034600001, -13.752752359700001 ], [ -49.941575707600002, -13.7520392563 ], [ -49.935717209300002, -13.7470622886 ], [ -49.924245609499998, -13.7537840439 ], [ -49.921019554200001, -13.7729349042 ], [ -49.9251893518, -13.7819633287 ], [ -49.931054974299997, -13.7861282836 ], [ -49.927081650399998, -13.7965598364 ], [ -49.940998871, -13.798890760300001 ], [ -49.941666956200002, -13.8136647438 ], [ -49.955552624900001, -13.811567467 ], [ -49.957162478599997, -13.8169048861 ], [ -49.940938344300001, -13.8237270716 ], [ -49.938527987299999, -13.8278086315 ], [ -49.941051159600001, -13.8343353534 ], [ -49.958414236, -13.846274252500001 ], [ -49.962136069700001, -13.8613052802 ], [ -49.9604662964, -13.8671145502 ], [ -49.974501440499999, -13.882043871700001 ], [ -49.964420631700001, -13.896920894300001 ], [ -49.951437047200002, -13.908452904600001 ], [ -49.950610509400001, -13.9139855135 ], [ -49.942640331100002, -13.9141699135 ], [ -49.936305648299999, -13.8953293435 ], [ -49.945853787, -13.8916945625 ], [ -49.948275261600003, -13.894412193 ], [ -49.945777768200003, -13.9003057993 ], [ -49.949659410499997, -13.901118603600001 ], [ -49.955134131199998, -13.894399364 ], [ -49.952162578399999, -13.884889959300001 ], [ -49.936144622900002, -13.884093566900001 ], [ -49.925719525300003, -13.8899986166 ], [ -49.922466072399999, -13.885560769 ], [ -49.918193167399998, -13.8939936223 ], [ -49.903076802400001, -13.9010834904 ], [ -49.872473199300003, -13.896942337 ], [ -49.864970546199999, -13.912543148 ], [ -49.855135756, -13.914999805400001 ], [ -49.848469833199999, -13.912101250599999 ], [ -49.847889354300001, -13.899420234100001 ], [ -49.837495482500003, -13.899064238499999 ], [ -49.8336910202, -13.903779520900001 ], [ -49.827692687599999, -13.9177458348 ], [ -49.829080378500002, -13.9291572611 ], [ -49.817971575599998, -13.940048344399999 ], [ -49.830696227899999, -13.9484653175 ], [ -49.831797183600003, -13.9550765743 ], [ -49.855277489899997, -13.9475306829 ], [ -49.866495639100002, -13.957316543199999 ], [ -49.8519432099, -13.9713727192 ], [ -49.8510282668, -13.976451936 ], [ -49.853166168100003, -13.980707578700001 ], [ -49.872472616899998, -13.980232238 ], [ -49.881387320800002, -13.9859308845 ], [ -49.8728002975, -14.013640622600001 ], [ -49.883826230300002, -14.03285768 ], [ -49.8754080414, -14.037089122599999 ], [ -49.872965919499997, -14.044757576 ], [ -49.880472389099999, -14.0573836719 ], [ -49.894908147499997, -14.0630691863 ], [ -49.895910630499998, -14.0682236009 ], [ -49.888577476499997, -14.078452348300001 ], [ -49.869944092899999, -14.07745047 ], [ -49.868603425899998, -14.0850464472 ], [ -49.880387428299997, -14.098648579500001 ], [ -49.879276497900001, -14.1043386623 ], [ -49.869222707600002, -14.1046448085 ], [ -49.866692490600002, -14.1176687017 ], [ -49.846109753299999, -14.1146379843 ], [ -49.836018063099999, -14.1247850792 ], [ -49.8309091697, -14.135529036499999 ], [ -49.819549006199999, -14.1422482557 ], [ -49.831805038200002, -14.1488744978 ], [ -49.846167936699999, -14.1761220965 ], [ -49.860834502499998, -14.182684578 ], [ -49.843691059900003, -14.1963950178 ], [ -49.837771488400001, -14.1939479928 ], [ -49.837497329500003, -14.1831488315 ], [ -49.833774579, -14.1834531017 ], [ -49.830943612299997, -14.2039105968 ], [ -49.8172442125, -14.1992529692 ], [ -49.808217761599998, -14.2068256158 ], [ -49.805805474, -14.217034653700001 ], [ -49.810589325400002, -14.224746555199999 ], [ -49.825246834700003, -14.2336596032 ], [ -49.817858322699998, -14.2423411108 ], [ -49.821637592499997, -14.2559172155 ], [ -49.813300024500002, -14.2663905425 ], [ -49.809257029599998, -14.257478684100001 ], [ -49.804025905499998, -14.258636666899999 ], [ -49.803846565699999, -14.275310022199999 ], [ -49.800498877199999, -14.281884786599999 ], [ -49.810216502400003, -14.2901986214 ], [ -49.805802401100003, -14.292841432099999 ], [ -49.799243777500003, -14.289119353 ], [ -49.780049837, -14.302786041599999 ], [ -49.784345231300001, -14.307024971700001 ], [ -49.791634868199999, -14.305063735799999 ], [ -49.791604001499998, -14.3124847737 ], [ -49.80013338, -14.3209694142 ], [ -49.798523777699998, -14.3287377519 ], [ -49.790970684500003, -14.329524903499999 ], [ -49.77890567, -14.3222693629 ], [ -49.773165571, -14.326892151899999 ], [ -49.783465709200001, -14.339574435699999 ], [ -49.784161013199999, -14.347646641400001 ], [ -49.7744657127, -14.349403132300001 ], [ -49.779026755899999, -14.366337766 ], [ -49.774965531799999, -14.3810633068 ], [ -49.781244605600001, -14.383969262900001 ], [ -49.781188258699999, -14.387952647800001 ], [ -49.766099147399999, -14.3932576167 ], [ -49.755519587800002, -14.3922740965 ], [ -49.754137844, -14.3986869282 ], [ -49.7654344834, -14.4069397383 ], [ -49.764556243599998, -14.415176664900001 ], [ -49.759329084500003, -14.4160036437 ], [ -49.755858882399998, -14.411234081 ], [ -49.749102434900003, -14.414843767100001 ], [ -49.743331421500002, -14.4101238303 ], [ -49.736893944800002, -14.417917788 ], [ -49.731829314300001, -14.419015720499999 ], [ -49.729192375399997, -14.426406306 ], [ -49.738473555, -14.427556430799999 ], [ -49.735971461699997, -14.4332283938 ], [ -49.737695637500003, -14.442138462500001 ], [ -49.733026226900002, -14.4485934889 ], [ -49.720805845100003, -14.450671485299999 ], [ -49.714245397900001, -14.4424653865 ], [ -49.710268379299997, -14.440361083 ], [ -49.707928239700003, -14.44334698 ], [ -49.711435687200002, -14.4540618671 ], [ -49.703498294200003, -14.4553880488 ], [ -49.693551368199998, -14.465565740700001 ], [ -49.699665736, -14.473458624299999 ], [ -49.702363398, -14.4687015487 ], [ -49.7094974794, -14.469085631800001 ], [ -49.714996158399998, -14.463909527 ], [ -49.723054758400004, -14.472288992299999 ], [ -49.725354499300003, -14.4843858206 ], [ -49.735806908100002, -14.4772983468 ], [ -49.741720833700001, -14.4790190925 ], [ -49.746662833499997, -14.473383971400001 ], [ -49.752631141599998, -14.476923980400001 ], [ -49.7633881824, -14.474827361299999 ], [ -49.7709655122, -14.4773878612 ], [ -49.7701371, -14.4823707619 ], [ -49.753028223400001, -14.482473372099999 ], [ -49.7519130835, -14.4874347048 ], [ -49.756466744199997, -14.493855140699999 ], [ -49.748191429599999, -14.4991606642 ], [ -49.754994969599998, -14.5034038088 ], [ -49.751741164099997, -14.5246151006 ], [ -49.7540759663, -14.527764249800001 ], [ -49.755106616699997, -14.531954648799999 ], [ -49.760497337099999, -14.532042950599999 ], [ -49.7634632014, -14.511744933699999 ], [ -49.770637301400001, -14.5063920674 ], [ -49.780694125, -14.5230744606 ], [ -49.7779978716, -14.5396514117 ], [ -49.788495779100003, -14.531950441399999 ], [ -49.798470541599997, -14.5336618323 ], [ -49.820201188699997, -14.5490597539 ], [ -49.819859074900002, -14.5556873385 ], [ -49.824882992, -14.5620245844 ], [ -49.823497842800002, -14.568004245699999 ], [ -49.816721341899999, -14.566647225100001 ], [ -49.815689288800002, -14.575438197900001 ], [ -49.806579323400001, -14.5778018264 ], [ -49.809274236599997, -14.5810599913 ], [ -49.814941484800002, -14.5797916629 ], [ -49.8199713303, -14.5827812716 ], [ -49.819049085300001, -14.5912072438 ], [ -49.824166014299998, -14.595104588 ], [ -49.817194809, -14.6010015094 ], [ -49.822301512499998, -14.6023551103 ], [ -49.820271199499999, -14.607615317200001 ], [ -49.812716715299999, -14.607525260899999 ], [ -49.816274007300002, -14.6117808215 ], [ -49.811999323099997, -14.619846389499999 ], [ -49.80341403, -14.6174102612 ], [ -49.801552070600003, -14.613688124 ], [ -49.7940211616, -14.618584885800001 ], [ -49.784437966299997, -14.619317475800001 ], [ -49.776326017199999, -14.640069119 ], [ -49.768442607399997, -14.645057486500001 ], [ -49.768995210299998, -14.649493596799999 ], [ -49.7753261732, -14.650133094699999 ], [ -49.776715024700003, -14.654204783799999 ], [ -49.763413520900002, -14.656380758099999 ], [ -49.758824603199997, -14.6478681171 ], [ -49.755218198100003, -14.647594253399999 ], [ -49.754189540699997, -14.658468813300001 ], [ -49.743582158499997, -14.6583835904 ], [ -49.745157330200001, -14.672422344 ], [ -49.739665604599999, -14.6755956661 ], [ -49.733525595899998, -14.673697217 ], [ -49.738467914700003, -14.685112630600001 ], [ -49.7316665914, -14.686745202799999 ], [ -49.731944419500003, -14.693900793399999 ], [ -49.745359390700003, -14.701243938799999 ], [ -49.746191245600002, -14.706236002700001 ], [ -49.752523528099999, -14.7048731583 ], [ -49.765548945, -14.7234506708 ], [ -49.761362323900002, -14.728521616 ], [ -49.762883607, -14.7311171987 ], [ -49.772913580699999, -14.7410322709 ], [ -49.775522737099998, -14.755164177699999 ], [ -49.780636052399998, -14.7611450124 ], [ -49.796022728499999, -14.7654001365 ], [ -49.7987219846, -14.768938517900001 ], [ -49.815469851899998, -14.768476289500001 ], [ -49.818628154300001, -14.773286065900001 ], [ -49.8168856096, -14.7790892964 ], [ -49.820689229300001, -14.777814532300001 ], [ -49.824331706099997, -14.781170513699999 ], [ -49.824886057900002, -14.7891423435 ], [ -49.814463333500001, -14.7914984371 ], [ -49.818387444300001, -14.8004671398 ], [ -49.8241604205, -14.798842115399999 ], [ -49.829082070200002, -14.8038262266 ], [ -49.828247393300003, -14.816788155299999 ], [ -49.835524669400002, -14.8234838411 ], [ -49.837380333900001, -14.8338173263 ], [ -49.833751345499998, -14.840520748799999 ], [ -49.8386907179, -14.8421536634 ], [ -49.836741397600001, -14.8507647535 ], [ -49.842801622099998, -14.8535693599 ], [ -49.838051837599998, -14.8585600944 ], [ -49.842992920599997, -14.861094747099999 ], [ -49.839914156500001, -14.862635128399999 ], [ -49.837884925700003, -14.875872209900001 ], [ -49.848689885399999, -14.8829294041 ], [ -49.842915216, -14.892174722 ], [ -49.845129220300002, -14.899340861400001 ], [ -49.850191966499999, -14.900425159799999 ], [ -49.8429139482, -14.906315946299999 ], [ -49.849634739800003, -14.9092138718 ], [ -49.844418368900001, -14.917559350299999 ], [ -49.848138244799998, -14.919368776 ], [ -49.846269951899998, -14.9231761771 ], [ -49.849991233, -14.9360386461 ], [ -49.846272742, -14.938586193600001 ], [ -49.849157315399999, -14.941208304 ], [ -49.842351934100002, -14.946559066800001 ], [ -49.845716581700003, -14.952445965200001 ], [ -49.838075931699997, -14.963416866599999 ], [ -49.849743861199997, -14.974466314700001 ], [ -49.850574272800003, -14.982176472500001 ], [ -49.858886849, -14.981721307500001 ], [ -49.867831961199997, -14.98072001 ], [ -49.869140325, -14.9842522371 ], [ -49.874161429700003, -14.979807301199999 ], [ -49.879491779399999, -14.9875050092 ], [ -49.882851373100003, -14.983966780599999 ], [ -49.892896810400003, -14.9825596011 ], [ -49.896822395599997, -14.984235224500001 ], [ -49.9051382297, -14.9802363533 ], [ -49.909132657400001, -14.9647435912 ], [ -49.924325831899999, -14.9700827395 ], [ -49.921445824899997, -14.9758910761 ], [ -49.9295583472, -14.983577216300001 ], [ -49.965494981900001, -14.999547165599999 ], [ -49.968694661, -15.019469706 ], [ -49.987332044799999, -15.0143703902 ], [ -49.994696590700002, -15.0228490542 ], [ -50.018546318799999, -15.0420923022 ], [ -50.033909817800001, -15.0482866738 ], [ -50.0431886955, -15.056706718799999 ], [ -50.049601099500002, -15.066444916 ], [ -50.052834600799997, -15.081706034 ], [ -50.054523738699999, -15.095113121 ], [ -50.060607155500001, -15.106257105199999 ], [ -50.054436122600002, -15.123980168399999 ], [ -50.049105243600003, -15.1280007502 ], [ -50.045971504400001, -15.1368575414 ], [ -50.035243719199997, -15.1452746423 ], [ -50.039827141099998, -15.1544990111 ], [ -50.051465921899997, -15.164687303499999 ], [ -50.055135315900003, -15.1825753822 ], [ -50.039049759199997, -15.1961554866 ], [ -50.040883125500002, -15.2015520115 ], [ -50.056193739900003, -15.221864738400001 ], [ -50.066402056699999, -15.2284746827 ], [ -50.078881102099999, -15.235562205900001 ], [ -50.084169486699999, -15.246135406 ], [ -50.086661392700002, -15.252889919599999 ], [ -50.0848032002, -15.260208142 ], [ -50.105580847399999, -15.2856275376 ], [ -50.101825515100003, -15.314975909699999 ], [ -50.1122185308, -15.321498056699999 ], [ -50.120719549100002, -15.332710537500001 ], [ -50.131385451500002, -15.337587168300001 ], [ -50.131023070200001, -15.350722316300001 ], [ -50.123331864599997, -15.356163047500001 ], [ -50.123270419900003, -15.366030133700001 ], [ -50.139049820499999, -15.3999600197 ], [ -50.154025477399998, -15.4072714737 ], [ -50.163884120699997, -15.4286658979 ], [ -50.166541258099997, -15.446982178600001 ], [ -50.1672146935, -15.454647082899999 ], [ -50.157534859499997, -15.4589274642 ], [ -50.155131061, -15.468627104399999 ], [ -50.158470747199999, -15.4779941614 ], [ -50.152884939899998, -15.486708648700001 ], [ -50.162384200699996, -15.5062043381 ], [ -50.164382305799997, -15.5244236334 ], [ -50.156889543200002, -15.5238335996 ], [ -50.157444188200003, -15.533285918300001 ], [ -50.158775187, -15.5451617921 ], [ -50.1520321944, -15.5486351778 ], [ -50.155839333400003, -15.5557430869 ], [ -50.155604953500003, -15.5606763537 ], [ -50.136214240199998, -15.5704594797 ], [ -50.131145292699998, -15.5832052688 ], [ -50.134784197400002, -15.597181558200001 ], [ -50.124770184, -15.6167182908 ], [ -50.123521769, -15.6469416485 ], [ -50.124993844899997, -15.652476615499999 ], [ -50.121938198099997, -15.6591790231 ], [ -50.099086372599999, -15.6691605207 ], [ -50.0917336678, -15.6823534373 ], [ -50.089832021799999, -15.687013004900001 ], [ -50.0856944935, -15.687631809899999 ], [ -50.078440371, -15.6879269302 ], [ -50.076090950500003, -15.695338957100001 ], [ -50.0753283, -15.7003731385 ], [ -50.066965848300001, -15.702918840700001 ], [ -50.067742722600002, -15.7110496763 ], [ -50.060687694499997, -15.7265909954 ], [ -50.086048091599999, -15.768046312199999 ], [ -50.068052962099998, -15.788008593400001 ], [ -50.065044228300003, -15.781207399 ], [ -50.048846363400003, -15.7724983384 ], [ -50.022755071500001, -15.780587973399999 ], [ -50.008544824600001, -15.774093135399999 ], [ -50.002157327, -15.776673476 ], [ -49.996049938799999, -15.7740165393 ], [ -49.983079146900003, -15.762423571299999 ], [ -49.967860141199999, -15.7659051925 ], [ -49.938161365799999, -15.7486522136 ], [ -49.930692156299997, -15.7553953267 ], [ -49.933191454599999, -15.7648101376 ], [ -49.918583715099999, -15.7536445251 ], [ -49.914572514500001, -15.7613703883 ], [ -49.916045259, -15.766686595 ], [ -49.9097202118, -15.770757551299999 ], [ -49.904407993100001, -15.7677516597 ], [ -49.902939390100002, -15.758852990699999 ], [ -49.894579029200003, -15.7605895415 ], [ -49.883215826700003, -15.753451416100001 ], [ -49.872765760100002, -15.766534269199999 ], [ -49.852465872, -15.776293220499999 ], [ -49.854966087500003, -15.785486392299999 ], [ -49.844522428499999, -15.780913629900001 ], [ -49.8471948217, -15.788925319900001 ], [ -49.838888398599998, -15.7925457472 ], [ -49.837499249, -15.802906262900001 ], [ -49.833408437800003, -15.8006280217 ], [ -49.824052204099999, -15.8090514074 ], [ -49.823303128100001, -15.8131566266 ], [ -49.809409678, -15.823728945499999 ], [ -49.813412510399999, -15.835077266900001 ], [ -49.809660413099998, -15.839169586300001 ], [ -49.811877357900002, -15.8456661536 ], [ -49.794859841200001, -15.8676640275 ], [ -49.796392947900003, -15.8852093002 ], [ -49.814965721199997, -15.8923091843 ], [ -49.8158538534, -15.906293452 ], [ -49.829492415099999, -15.9053041777 ], [ -49.8318875533, -15.901985358399999 ], [ -49.839387690300001, -15.905609935099999 ], [ -49.841769792, -15.9114443025 ], [ -49.838244728900001, -15.912937316500001 ], [ -49.8321878482, -15.927067641500001 ], [ -49.8371991235, -15.9349093033 ], [ -49.836518426300003, -15.9418578089 ], [ -49.84257072, -15.9440923093 ], [ -49.848378030500001, -15.956447577200001 ], [ -49.855191055600002, -15.9590589426 ], [ -49.853204977, -15.9646715193 ], [ -49.863409276100001, -15.9764853787 ], [ -49.865526120299997, -15.987267599200001 ], [ -49.867466804099998, -15.9832734267 ], [ -49.877933233100002, -15.980064521899999 ], [ -49.8809075144, -15.985388117 ], [ -49.885622340899999, -15.975170007699999 ], [ -49.892381354800001, -15.9734332171 ], [ -49.903327220900003, -15.979203121399999 ], [ -49.907496896399998, -15.9730712923 ], [ -49.911604372600003, -15.9742582939 ], [ -49.9131372282, -15.968760705299999 ], [ -49.920326154100003, -15.970816530900001 ], [ -49.924577857400003, -15.967100606600001 ], [ -49.929077092900002, -15.972334441599999 ], [ -49.936631779300001, -15.972532788500001 ], [ -49.942238621599998, -15.9650789863 ], [ -49.949774921, -15.9731830541 ], [ -49.9530228562, -15.9737760534 ], [ -49.9547995617, -15.9699868258 ], [ -49.962750224700002, -15.9727959711 ], [ -49.963356887800003, -15.9835762239 ], [ -49.972549997500003, -15.9816749919 ], [ -49.978023391599997, -15.9924623647 ], [ -49.9929956593, -15.997980756400001 ], [ -49.997502494199999, -16.0046801415 ], [ -50.004877604299999, -16.012268726399999 ], [ -50.021937231800003, -16.0110786979 ], [ -50.021581173900003, -16.017250484400002 ], [ -50.034917380700001, -16.017980959300001 ], [ -50.041301654500003, -16.02992613 ], [ -50.051518426900003, -16.027844961900001 ], [ -50.0613300813, -16.0289132431 ], [ -50.083861242499999, -16.044332043200001 ], [ -50.097022980399998, -16.033206891199999 ], [ -50.107330562100003, -16.034749363900001 ], [ -50.114142948400001, -16.04245134 ], [ -50.138331553900002, -16.054016369700001 ], [ -50.160660265099999, -16.061907507 ], [ -50.172796309500001, -16.061685048299999 ], [ -50.179939795099997, -16.067488382 ], [ -50.1853194706, -16.072081319900001 ], [ -50.196848053099998, -16.074484191300002 ], [ -50.212406993599998, -16.078453236 ], [ -50.2261127206, -16.076142283 ], [ -50.256915578399997, -16.093802781899999 ], [ -50.283552360100003, -16.0916624111 ], [ -50.296411815799999, -16.082915921 ], [ -50.306439721, -16.087555144900001 ], [ -50.324248134599998, -16.087004433200001 ], [ -50.335770826100003, -16.091333414 ], [ -50.3474143181, -16.088014964500001 ], [ -50.354942616599999, -16.078432832499999 ], [ -50.366968915599998, -16.075282006799998 ], [ -50.380941405, -16.077938768300001 ], [ -50.390914475700001, -16.0842045158 ], [ -50.397573828299997, -16.0813674509 ], [ -50.405522676499999, -16.090646984399999 ], [ -50.420387496300002, -16.0900767557 ], [ -50.433693811700003, -16.0951064321 ], [ -50.439967461599998, -16.10124644 ], [ -50.439939144699999, -16.112728968700001 ], [ -50.443353555500003, -16.116919581699999 ], [ -50.477498347800001, -16.119505648200001 ], [ -50.473106473500003, -16.091877908299999 ], [ -50.474863732400003, -16.067737416700002 ], [ -50.483545273399997, -16.051160859700001 ], [ -50.4883541397, -16.048225246200001 ], [ -50.489158273199997, -16.040263604100002 ], [ -50.509439868199998, -16.036406865499998 ], [ -50.513690713400003, -16.0327324651 ], [ -50.512359910100002, -16.0254279227 ], [ -50.504668663499999, -16.018088665899999 ], [ -50.505771769799999, -16.007870642499999 ], [ -50.557897855, -16.029919113 ], [ -50.574970257700002, -16.0419903588 ], [ -50.584415987900002, -16.037785380100001 ], [ -50.5917983828, -16.0053896264 ], [ -50.603191221099998, -16.000234347500001 ], [ -50.606826153, -15.9863967662 ], [ -50.612359246300002, -15.9818530961 ], [ -50.614604608, -15.970628175 ], [ -50.621744699399997, -15.962084940700001 ], [ -50.682967472100003, -15.9516741444 ], [ -50.679324487700001, -15.9425861424 ], [ -50.683689361699997, -15.936243556799999 ], [ -50.683661726899999, -15.9094421419 ], [ -50.689306188300002, -15.9046827398 ], [ -50.700456797299999, -15.9023840897 ], [ -50.710665412099999, -15.899474011300001 ], [ -50.714185007600001, -15.8834563531 ], [ -50.723028275600001, -15.8766678213 ], [ -50.7417756209, -15.899459089500001 ], [ -50.741580034199998, -15.9115325425 ], [ -50.746020392299997, -15.9223005124 ], [ -50.772909528299998, -15.9241493878 ], [ -50.773055210800003, -15.9390430293 ], [ -50.783020187299996, -15.9431445128 ], [ -50.789028124700003, -15.9407611871 ], [ -50.7936814348, -15.943079302 ], [ -50.7822658929, -15.9562776647 ], [ -50.779798744700003, -15.9677246778 ], [ -50.783446220499997, -15.9955145355 ], [ -50.794881527599998, -15.995539811900001 ], [ -50.796251393699997, -15.999459786799999 ], [ -50.813802746100002, -16.0231876623 ], [ -50.828358921400003, -16.01298908 ], [ -50.839295969, -16.009943521099999 ], [ -50.8519978454, -16.013983543599998 ], [ -50.8716034678, -16.0105079543 ], [ -50.882326169, -16.0226484262 ], [ -50.879939954100003, -16.033127396400001 ], [ -50.885080749700002, -16.0434719629 ], [ -50.908789040800002, -16.0524448878 ], [ -50.921614401799999, -16.050834999100001 ], [ -50.938077432299998, -16.021491409100001 ], [ -50.953273113599998, -16.020127842299999 ], [ -50.9561890779, -16.015357460800001 ], [ -50.969259773600001, -16.015813803299999 ], [ -50.978029264500002, -16.019122543799998 ], [ -50.983667090099999, -16.0290500829 ], [ -50.993823976599998, -16.0266389646 ], [ -50.998771141100001, -16.018961863299999 ], [ -51.007047632400003, -16.018400303899998 ], [ -51.0058078327, -16.014690405300001 ], [ -51.011882290899997, -16.012014685499999 ], [ -51.018910523599999, -16.000533266800002 ], [ -51.029362883300003, -15.9983544405 ], [ -51.033194753399997, -15.988098212700001 ], [ -51.042106861699999, -15.9818959642 ], [ -51.051611765200001, -15.975939674099999 ], [ -51.057774758699999, -15.9767271013 ], [ -51.063162662099998, -15.9685953859 ], [ -51.067691810699998, -15.967438449499999 ], [ -51.0792197325, -15.9783386299 ], [ -51.086553307199999, -15.977787109 ], [ -51.091268678799999, -15.9689223742 ], [ -51.103634315199997, -15.970396913 ], [ -51.109798246300002, -15.963376338 ], [ -51.118341820799998, -15.9611969356 ], [ -51.131603816499997, -15.965897271599999 ], [ -51.137106073299996, -15.959406768 ], [ -51.143522960399999, -15.9613803619 ], [ -51.150992387400002, -15.951493233400001 ], [ -51.159050065700001, -15.9593909783 ], [ -51.178050051699998, -15.9534007065 ], [ -51.195298832, -15.965156583600001 ], [ -51.203776689199998, -15.963541553600001 ], [ -51.211301175400003, -15.944941829399999 ], [ -51.219150159400002, -15.9447596496 ], [ -51.221061417900003, -15.940821997700001 ], [ -51.229241698, -15.947175296299999 ], [ -51.233611854, -15.944560944599999 ], [ -51.240854552400002, -15.9477240481 ], [ -51.251886253599999, -15.9606845032 ], [ -51.257358962700003, -15.9621706792 ], [ -51.256971531700003, -15.9689412293 ], [ -51.250684432500002, -15.965919816 ], [ -51.244936773200003, -15.9675924142 ], [ -51.238332076699997, -15.962813407300001 ], [ -51.235193240699999, -15.993947989300001 ], [ -51.220264189799998, -15.9944435795 ], [ -51.206186730500001, -16.0031679105 ], [ -51.210383902700002, -16.021190964599999 ], [ -51.217001470500001, -16.026396360300001 ], [ -51.211102304500002, -16.030478875499998 ], [ -51.209412241400003, -16.037897470800001 ], [ -51.206774913, -16.0381033054 ], [ -51.208772265, -16.050962907199999 ], [ -51.203135384399999, -16.0588120641 ], [ -51.202097578699998, -16.069730868699999 ], [ -51.1983829972, -16.074010124099999 ], [ -51.201415836300001, -16.076433930699999 ], [ -51.199493702200002, -16.083529708299999 ], [ -51.192051122099997, -16.089122247199999 ], [ -51.195523160900002, -16.098619525299998 ], [ -51.192108349199998, -16.1061866784 ], [ -51.186639468599999, -16.112215526 ], [ -51.178030861300002, -16.1147380562 ], [ -51.177995133, -16.1218186308 ], [ -51.172120278500003, -16.121141551400001 ], [ -51.170025637800002, -16.1247906352 ], [ -51.174526498699997, -16.1323690535 ], [ -51.170720919799997, -16.138305563799999 ], [ -51.174105501299998, -16.138909181399999 ], [ -51.1768865027, -16.146602044200002 ], [ -51.161969540400001, -16.156703325100001 ], [ -51.160996047700003, -16.163975320399999 ], [ -51.165995688899997, -16.166109077400002 ], [ -51.170472128699998, -16.182131440700001 ], [ -51.168665932899998, -16.191394656300002 ], [ -51.163554238400003, -16.195615426 ], [ -51.155470346199998, -16.195959790500002 ], [ -51.1504739206, -16.203259067800001 ], [ -51.1469945228, -16.203195281500001 ], [ -51.139715109299999, -16.220223607299999 ], [ -51.13413387, -16.224533730400001 ], [ -51.129245243600003, -16.257148868200002 ], [ -51.126463734200001, -16.2630680601 ], [ -51.119080819700002, -16.265125297499999 ], [ -51.123027157599999, -16.266542846499998 ], [ -51.123413679800002, -16.276613062700001 ], [ -51.1189682543, -16.2830880992 ], [ -51.122357978, -16.295672490299999 ], [ -51.118857259499997, -16.3034177312 ], [ -51.111937163199997, -16.306409639 ], [ -51.155115965100002, -16.302672593499999 ], [ -51.237696743699999, -16.295495842400001 ], [ -51.238186734099997, -16.2954534878 ], [ -51.319423617299996, -16.288360978099998 ], [ -51.386109977399997, -16.2806420991 ], [ -51.389772604199997, -16.2732549433 ], [ -51.400490601800001, -16.264989164900001 ], [ -51.411499956299998, -16.2753182153 ], [ -51.408464414400001, -16.301113076899998 ], [ -51.41265342, -16.3044219061 ], [ -51.412961356700002, -16.3047019509 ], [ -51.420075980599997, -16.3140676891 ], [ -51.429246240300003, -16.310620252100001 ], [ -51.432852500099997, -16.316028989100001 ], [ -51.428584750100001, -16.31970781 ], [ -51.439416237700001, -16.3488137746 ], [ -51.4291113731, -16.350999835 ], [ -51.418109401499997, -16.369158522799999 ], [ -51.4116355074, -16.3714915754 ], [ -51.410415325800003, -16.379675492 ], [ -51.415555915399999, -16.3781658298 ], [ -51.417107467400001, -16.381688887199999 ], [ -51.415359479099997, -16.394405077399998 ], [ -51.408135318299998, -16.403554316899999 ], [ -51.400411961499998, -16.4039917098 ], [ -51.3960493465, -16.419368411800001 ], [ -51.398636085299998, -16.422630850200001 ], [ -51.398391846800003, -16.429793772 ], [ -51.392134606100001, -16.431292566100002 ], [ -51.3976914064, -16.441040050600002 ], [ -51.392801360900002, -16.4495212331 ], [ -51.383742404499998, -16.446339732399998 ], [ -51.381355109700003, -16.442100915400001 ], [ -51.373665579600001, -16.444985129100001 ], [ -51.374660929299999, -16.459397829 ], [ -51.378211907, -16.4647843393 ], [ -51.380742743399999, -16.465809091099999 ], [ -51.399583360800001, -16.467777976800001 ], [ -51.404080004599997, -16.476901058799999 ], [ -51.412609155600002, -16.4741905303 ], [ -51.413449167800003, -16.4808992076 ], [ -51.420804388699999, -16.4840885118 ], [ -51.421413658399999, -16.489710916700002 ], [ -51.416744965299998, -16.492841372400001 ], [ -51.435073198799998, -16.5063244559 ], [ -51.439305034199997, -16.511686987400001 ], [ -51.4384397237, -16.516854357100001 ], [ -51.455720798199998, -16.528512071 ], [ -51.470020529599999, -16.528181881 ], [ -51.473489663800002, -16.534445672699999 ], [ -51.488591818, -16.541276732 ], [ -51.4961305928, -16.541392545699999 ], [ -51.5001645973, -16.535092549 ], [ -51.505132234900003, -16.537110349700001 ], [ -51.508667047700001, -16.5463811899 ], [ -51.502889128299998, -16.554152091399999 ], [ -51.506520114899999, -16.562509487 ], [ -51.502524021500001, -16.570118311200002 ], [ -51.507693919700003, -16.575490175500001 ], [ -51.5060566314, -16.579651950300001 ], [ -51.516687764, -16.582152668799999 ], [ -51.517974300200002, -16.5893190661 ], [ -51.523217910900001, -16.592515507 ], [ -51.5218852474, -16.597050339700001 ], [ -51.5390457986, -16.605010915200001 ], [ -51.539247554500001, -16.622421652 ], [ -51.542352666799999, -16.6212574917 ], [ -51.541688307299999, -16.623524102200001 ], [ -51.5509085176, -16.62737105 ], [ -51.550413782200003, -16.6324505103 ], [ -51.553970843899997, -16.6352734359 ], [ -51.551223990399997, -16.642608969299999 ], [ -51.5684912842, -16.6491161585 ], [ -51.572370272199997, -16.656487997900001 ], [ -51.580826331499999, -16.647447150400001 ], [ -51.580807766600003, -16.6321194533 ], [ -51.588426409599997, -16.625905425599999 ], [ -51.592748275300004, -16.60659441 ], [ -51.601804652799999, -16.601913307699999 ], [ -51.607384891899997, -16.596677145899999 ], [ -51.619692475, -16.598986261099999 ], [ -51.632104418799997, -16.594864876599999 ], [ -51.638882900600002, -16.597705880300001 ] ] ] } },
{ "type": "Feature", "properties": { "Mesorregiao": "Norte Goiano", "id": "5200555", "name": "Alto Horizonte", "description": "Alto Horizonte", "Cod_Munic_Comp": "5200555", "Cod_UF": 52, "UF": "Goiás", "Cod_Regiao_Intermediaria": 5205, "Regiao_Intermediaria": "Porangatu - Uruaçu", "Cod_Regiao_Imediata": 520017, "Regiao_Imediata": "Uruaçu - Niquelândia", "Cod_Mesorregiao": 2, "Cod_Microrregiao": 4, "Microrregiao": "Porangatu", "Municipio": "Alto Horizonte", "Regiao_Planejamento": "Região Norte Goiano", "latitude": "-14,19922681", "longitude": "-49,33274916", "COD_MUNIC_6": 520055, "AREA": 500342, "COD_MUNIC_4": 85, "RIDE": 0, "REGIONAL_IEL": "Norte", "Capital": 0, "MACROREGIAO": "Centro-Oeste", "area_km2": 56773.457350739205 }, "geometry": { "type": "Polygon", "coordinates": [ [ [ -49.044327975500003, -14.589526816899999 ], [ -49.033963113, -14.6025241883 ], [ -49.026924449699997, -14.600551577299999 ], [ -49.0180511899, -14.6063289699 ], [ -49.0155491895, -14.620508257499999 ], [ -49.019521963, -14.6213234292 ], [ -49.042352494, -14.605617930899999 ], [ -49.050450862399998, -14.6098169191 ], [ -49.053633704299997, -14.6166693272 ], [ -49.0435754497, -14.6279501099 ], [ -49.028249881800001, -14.6344906729 ], [ -49.020437441, -14.6567902721 ], [ -49.0144371815, -14.662275002599999 ], [ -49.020603046200002, -14.687621843100001 ], [ -48.998690610899999, -14.711889407199999 ], [ -49.004828062599998, -14.720072462799999 ], [ -49.02290014, -14.716314606399999 ], [ -49.034158019, -14.7083335832 ], [ -49.041523504099999, -14.708236663599999 ], [ -49.060553429300001, -14.7230847733 ], [ -49.063022737499999, -14.7284981887 ], [ -49.0611093021, -14.738781213599999 ], [ -49.069381180100002, -14.743062221200001 ], [ -49.069739288599997, -14.742917583200001 ], [ -49.090825807900003, -14.7300422896 ], [ -49.109079942900003, -14.7352660909 ], [ -49.115713013499999, -14.745745444 ], [ -49.121663639099999, -14.746704859599999 ], [ -49.130855396, -14.7360273224 ], [ -49.143019025, -14.733310766100001 ], [ -49.150137359399999, -14.736558799299999 ], [ -49.151685169799997, -14.768144252100001 ], [ -49.163602810299999, -14.772491777200001 ], [ -49.192604053, -14.76824895 ], [ -49.192605623799999, -14.7605436417 ], [ -49.199001780800003, -14.754072714299999 ], [ -49.200017809, -14.7458387134 ], [ -49.231301553900003, -14.730941663699999 ], [ -49.232107580300003, -14.724343641899999 ], [ -49.236321828100003, -14.7259141151 ], [ -49.2566370248, -14.712283879399999 ], [ -49.2664421363, -14.7072484102 ], [ -49.274808017600002, -14.707777167 ], [ -49.274794951399997, -14.704075207200001 ], [ -49.2810887917, -14.701882635600001 ], [ -49.283940730399998, -14.6876786822 ], [ -49.278352889200001, -14.6829337956 ], [ -49.289135266700001, -14.675924312599999 ], [ -49.294663804099997, -14.678847502 ], [ -49.316881681799998, -14.6728952708 ], [ -49.319969905299999, -14.6678072579 ], [ -49.322714123799997, -14.637480978699999 ], [ -49.3317302297, -14.6342396541 ], [ -49.3485194764, -14.612654277 ], [ -49.358294304700003, -14.6091499609 ], [ -49.372051027300003, -14.622783755 ], [ -49.383134806599998, -14.6224793174 ], [ -49.3909075272, -14.6375119437 ], [ -49.421050245, -14.6304504998 ], [ -49.423607494599999, -14.624437812 ], [ -49.434526453700002, -14.6191328505 ], [ -49.4341514284, -14.6165298573 ], [ -49.428303122700001, -14.601769987799999 ], [ -49.437611552500002, -14.595812112300001 ], [ -49.4539076736, -14.5849088511 ], [ -49.450304801500003, -14.5764938447 ], [ -49.453151170799998, -14.569101659499999 ], [ -49.4463562798, -14.557181867 ], [ -49.416740067900001, -14.536965224299999 ], [ -49.400718495699998, -14.532996798499999 ], [ -49.393566486799998, -14.534647507600001 ], [ -49.396076556200001, -14.523827795700001 ], [ -49.387998764300001, -14.5071464688 ], [ -49.374908994199998, -14.5047826845 ], [ -49.369496552, -14.514321027699999 ], [ -49.355195550700003, -14.504899372600001 ], [ -49.356323551099997, -14.49989207 ], [ -49.403581189500002, -14.441628786300001 ], [ -49.403748698599998, -14.4353792006 ], [ -49.408910604699997, -14.4292878556 ], [ -49.407216979399998, -14.416768170599999 ], [ -49.401133207800001, -14.412354772600001 ], [ -49.396803409, -14.4018983131 ], [ -49.407776407599997, -14.400026568199999 ], [ -49.408132490299998, -14.393057778399999 ], [ -49.4154953615, -14.392597282500001 ], [ -49.420108714599998, -14.3869462596 ], [ -49.41268962, -14.3862207125 ], [ -49.409605515199999, -14.3782246235 ], [ -49.399632461899998, -14.373398272599999 ], [ -49.4063816536, -14.368499054300001 ], [ -49.405523965299999, -14.361966431300001 ], [ -49.408411625699998, -14.3617347462 ], [ -49.408130470400003, -14.3546634926 ], [ -49.414578747699998, -14.343513189799999 ], [ -49.411853069800003, -14.3380404781 ], [ -49.420491144099998, -14.329449242800001 ], [ -49.4141098451, -14.3273869205 ], [ -49.416802876299997, -14.311216023 ], [ -49.4148517394, -14.3041288368 ], [ -49.425934044900004, -14.299076392 ], [ -49.417970228900003, -14.2920297991 ], [ -49.420887136399998, -14.288525765099999 ], [ -49.424664094500002, -14.2906548831 ], [ -49.429301150800001, -14.2840895815 ], [ -49.4221600487, -14.274238003900001 ], [ -49.423628381, -14.2684610344 ], [ -49.426134685599997, -14.259702642500001 ], [ -49.430246706, -14.257934519100001 ], [ -49.438992969799997, -14.271431517 ], [ -49.443936771700002, -14.271309502599999 ], [ -49.440857893800001, -14.2791560146 ], [ -49.4506056118, -14.280352217900001 ], [ -49.449777667699998, -14.286852851600001 ], [ -49.4547182632, -14.284648627499999 ], [ -49.4594696666, -14.2916692042 ], [ -49.464632968700002, -14.287468991800001 ], [ -49.4636652262, -14.2822040455 ], [ -49.472609740899998, -14.2794084127 ], [ -49.471080106199999, -14.2762247805 ], [ -49.479520947, -14.2769533807 ], [ -49.480992300700002, -14.2686330493 ], [ -49.473609249200003, -14.2586860099 ], [ -49.475355457399999, -14.2501023377 ], [ -49.4786589749, -14.246694639799999 ], [ -49.481773572599998, -14.2488986326 ], [ -49.482187000700002, -14.2375027153 ], [ -49.490637197300003, -14.2390428272 ], [ -49.491899842499997, -14.2362264509 ], [ -49.495360462199997, -14.230854602599999 ], [ -49.5027442, -14.2290562829 ], [ -49.500940368499997, -14.226038926499999 ], [ -49.513965271499998, -14.220181678399999 ], [ -49.516943319500001, -14.2143306621 ], [ -49.521662710400001, -14.2152300684 ], [ -49.521918351099998, -14.2126037086 ], [ -49.537328478399999, -14.2073301691 ], [ -49.541105514400002, -14.2089327688 ], [ -49.551940747700002, -14.201308711699999 ], [ -49.555635251799998, -14.2028203139 ], [ -49.559936236200002, -14.1998972749 ], [ -49.563332068500003, -14.2029455834 ], [ -49.557328308300001, -14.217175222 ], [ -49.561191364400003, -14.2324005956 ], [ -49.496610432399997, -14.254749538800001 ], [ -49.4731416216, -14.4620483559 ], [ -49.4836562112, -14.464884316599999 ], [ -49.487662847599999, -14.471629930900001 ], [ -49.495844413100002, -14.4697987828 ], [ -49.500131366300003, -14.4628590473 ], [ -49.522438259399998, -14.474848720100001 ], [ -49.540526701600001, -14.463286653300001 ], [ -49.547496225, -14.479976056 ], [ -49.547134633699997, -14.484141813100001 ], [ -49.543856421, -14.4848091031 ], [ -49.548275716900001, -14.4985767777 ], [ -49.553744513300003, -14.5016826635 ], [ -49.545415477200002, -14.5097739561 ], [ -49.547656508700001, -14.512313237600001 ], [ -49.541135732500003, -14.5154798678 ], [ -49.542329540099999, -14.5345949227 ], [ -49.534691383400002, -14.5424722525 ], [ -49.539245374300002, -14.550906556 ], [ -49.542769900300001, -14.550549842500001 ], [ -49.542226451099999, -14.553899017799999 ], [ -49.547245489600002, -14.5541754649 ], [ -49.547333048299997, -14.559886585899999 ], [ -49.551607173699999, -14.5628791898 ], [ -49.551606047500002, -14.5694035241 ], [ -49.555244260499997, -14.5695004572 ], [ -49.5559670711, -14.582728790299999 ], [ -49.553273346799998, -14.5872577172 ], [ -49.556880916799997, -14.598405381699999 ], [ -49.566545770499999, -14.6052131648 ], [ -49.574937376699999, -14.626513185 ], [ -49.566362111700002, -14.6443618335 ], [ -49.572660726599999, -14.649349084 ], [ -49.579422985199997, -14.6493862582 ], [ -49.588945324400001, -14.653884379499999 ], [ -49.596961560499999, -14.663412707 ], [ -49.605521660500003, -14.6654123077 ], [ -49.6149956613, -14.6810896635 ], [ -49.624417871200002, -14.676118578400001 ], [ -49.632237772, -14.647394373799999 ], [ -49.625633708, -14.634065790499999 ], [ -49.637193143700003, -14.632712537 ], [ -49.643687359600001, -14.627823235199999 ], [ -49.639442643, -14.617031585499999 ], [ -49.6345996043, -14.5780779578 ], [ -49.6340523191, -14.566013933900001 ], [ -49.641689707799998, -14.5613960788 ], [ -49.6453307393, -14.553692742899999 ], [ -49.6509983021, -14.5525167888 ], [ -49.652938274900002, -14.5382006697 ], [ -49.658243777599999, -14.538288867 ], [ -49.656023611499997, -14.532666547 ], [ -49.661522646900004, -14.53148707 ], [ -49.6628324936, -14.5252384559 ], [ -49.658718553299998, -14.5178962954 ], [ -49.659851959199997, -14.5125522694 ], [ -49.656684736099997, -14.511286698699999 ], [ -49.658992286100002, -14.507109269200001 ], [ -49.656778190200001, -14.503127897400001 ], [ -49.660689222, -14.494508451 ], [ -49.660078126800002, -14.4805407553 ], [ -49.664752239, -14.4779618357 ], [ -49.679187676799998, -14.4782159641 ], [ -49.681299516899998, -14.480786183699999 ], [ -49.690049418400001, -14.4744893849 ], [ -49.693551368199998, -14.465565740700001 ], [ -49.703498294200003, -14.4553880488 ], [ -49.711435687200002, -14.4540618671 ], [ -49.707928239700003, -14.44334698 ], [ -49.710268379299997, -14.440361083 ], [ -49.714245397900001, -14.4424653865 ], [ -49.720805845100003, -14.450671485299999 ], [ -49.733026226900002, -14.4485934889 ], [ -49.737695637500003, -14.442138462500001 ], [ -49.735971461699997, -14.4332283938 ], [ -49.738473555, -14.427556430799999 ], [ -49.729192375399997, -14.426406306 ], [ -49.731829314300001, -14.419015720499999 ], [ -49.736893944800002, -14.417917788 ], [ -49.743331421500002, -14.4101238303 ], [ -49.749102434900003, -14.414843767100001 ], [ -49.755858882399998, -14.411234081 ], [ -49.759329084500003, -14.4160036437 ], [ -49.764556243599998, -14.415176664900001 ], [ -49.7654344834, -14.4069397383 ], [ -49.754137844, -14.3986869282 ], [ -49.755519587800002, -14.3922740965 ], [ -49.766099147399999, -14.3932576167 ], [ -49.781188258699999, -14.387952647800001 ], [ -49.781244605600001, -14.383969262900001 ], [ -49.774965531799999, -14.3810633068 ], [ -49.779026755899999, -14.366337766 ], [ -49.7744657127, -14.349403132300001 ], [ -49.784161013199999, -14.347646641400001 ], [ -49.783465709200001, -14.339574435699999 ], [ -49.773165571, -14.326892151899999 ], [ -49.77890567, -14.3222693629 ], [ -49.790970684500003, -14.329524903499999 ], [ -49.798523777699998, -14.3287377519 ], [ -49.80013338, -14.3209694142 ], [ -49.791604001499998, -14.3124847737 ], [ -49.791634868199999, -14.305063735799999 ], [ -49.784345231300001, -14.307024971700001 ], [ -49.780049837, -14.302786041599999 ], [ -49.799243777500003, -14.289119353 ], [ -49.805802401100003, -14.292841432099999 ], [ -49.810216502400003, -14.2901986214 ], [ -49.800498877199999, -14.281884786599999 ], [ -49.803846565699999, -14.275310022199999 ], [ -49.804025905499998, -14.258636666899999 ], [ -49.809257029599998, -14.257478684100001 ], [ -49.813300024500002, -14.2663905425 ], [ -49.821637592499997, -14.2559172155 ], [ -49.817858322699998, -14.2423411108 ], [ -49.825246834700003, -14.2336596032 ], [ -49.810589325400002, -14.224746555199999 ], [ -49.805805474, -14.217034653700001 ], [ -49.808217761599998, -14.2068256158 ], [ -49.8172442125, -14.1992529692 ], [ -49.830943612299997, -14.2039105968 ], [ -49.833774579, -14.1834531017 ], [ -49.837497329500003, -14.1831488315 ], [ -49.837771488400001, -14.1939479928 ], [ -49.843691059900003, -14.1963950178 ], [ -49.860834502499998, -14.182684578 ], [ -49.846167936699999, -14.1761220965 ], [ -49.831805038200002, -14.1488744978 ], [ -49.819549006199999, -14.1422482557 ], [ -49.8309091697, -14.135529036499999 ], [ -49.836018063099999, -14.1247850792 ], [ -49.846109753299999, -14.1146379843 ], [ -49.866692490600002, -14.1176687017 ], [ -49.869222707600002, -14.1046448085 ], [ -49.879276497900001, -14.1043386623 ], [ -49.880387428299997, -14.098648579500001 ], [ -49.868603425899998, -14.0850464472 ], [ -49.869944092899999, -14.07745047 ], [ -49.888577476499997, -14.078452348300001 ], [ -49.895910630499998, -14.0682236009 ], [ -49.894908147499997, -14.0630691863 ], [ -49.880472389099999, -14.0573836719 ], [ -49.872965919499997, -14.044757576 ], [ -49.8754080414, -14.037089122599999 ], [ -49.883826230300002, -14.03285768 ], [ -49.8728002975, -14.013640622600001 ], [ -49.881387320800002, -13.9859308845 ], [ -49.872472616899998, -13.980232238 ], [ -49.853166168100003, -13.980707578700001 ], [ -49.8510282668, -13.976451936 ], [ -49.8519432099, -13.9713727192 ], [ -49.866495639100002, -13.957316543199999 ], [ -49.855277489899997, -13.9475306829 ], [ -49.831797183600003, -13.9550765743 ], [ -49.830696227899999, -13.9484653175 ], [ -49.817971575599998, -13.940048344399999 ], [ -49.829080378500002, -13.9291572611 ], [ -49.827692687599999, -13.9177458348 ], [ -49.8336910202, -13.903779520900001 ], [ -49.837495482500003, -13.899064238499999 ], [ -49.847889354300001, -13.899420234100001 ], [ -49.848469833199999, -13.912101250599999 ], [ -49.855135756, -13.914999805400001 ], [ -49.864970546199999, -13.912543148 ], [ -49.872473199300003, -13.896942337 ], [ -49.903076802400001, -13.9010834904 ], [ -49.918193167399998, -13.8939936223 ], [ -49.922466072399999, -13.885560769 ], [ -49.925719525300003, -13.8899986166 ], [ -49.936144622900002, -13.884093566900001 ], [ -49.952162578399999, -13.884889959300001 ], [ -49.955134131199998, -13.894399364 ], [ -49.949659410499997, -13.901118603600001 ], [ -49.945777768200003, -13.9003057993 ], [ -49.948275261600003, -13.894412193 ], [ -49.945853787, -13.8916945625 ], [ -49.936305648299999, -13.8953293435 ], [ -49.942640331100002, -13.9141699135 ], [ -49.950610509400001, -13.9139855135 ], [ -49.951437047200002, -13.908452904600001 ], [ -49.964420631700001, -13.896920894300001 ], [ -49.974501440499999, -13.882043871700001 ], [ -49.9604662964, -13.8671145502 ], [ -49.962136069700001, -13.8613052802 ], [ -49.958414236, -13.846274252500001 ], [ -49.941051159600001, -13.8343353534 ], [ -49.938527987299999, -13.8278086315 ], [ -49.940938344300001, -13.8237270716 ], [ -49.957162478599997, -13.8169048861 ], [ -49.955552624900001, -13.811567467 ], [ -49.941666956200002, -13.8136647438 ], [ -49.940998871, -13.798890760300001 ], [ -49.927081650399998, -13.7965598364 ], [ -49.931054974299997, -13.7861282836 ], [ -49.9251893518, -13.7819633287 ], [ -49.921019554200001, -13.7729349042 ], [ -49.924245609499998, -13.7537840439 ], [ -49.935717209300002, -13.7470622886 ], [ -49.941575707600002, -13.7520392563 ], [ -49.949916034600001, -13.752752359700001 ], [ -49.959993032699998, -13.7431322228 ], [ -49.9565361796, -13.7255825631 ], [ -49.9622744359, -13.7131251061 ], [ -49.962718194700003, -13.702319087699999 ], [ -49.970856814299999, -13.6898262766 ], [ -49.981993441299998, -13.6860909023 ], [ -49.9958843625, -13.684341140100001 ], [ -50.018830385800001, -13.6880914708 ], [ -50.031936221899997, -13.6794543928 ], [ -50.040858495899997, -13.6871820692 ], [ -50.046134285400001, -13.7011298621 ], [ -50.0563030932, -13.7057023327 ], [ -50.068050488300003, -13.6853423371 ], [ -50.075834249, -13.679361911699999 ], [ -50.079050086400002, -13.688922183200001 ], [ -50.083695002500001, -13.6880782272 ], [ -50.097247072400002, -13.6730905371 ], [ -50.1010305629, -13.6611534624 ], [ -50.110352784500002, -13.6579169909 ], [ -50.116302941800001, -13.663792761 ], [ -50.113358434299997, -13.6843502926 ], [ -50.118025359599997, -13.6888521819 ], [ -50.13743783, -13.6789270609 ], [ -50.147717742499999, -13.644842764 ], [ -50.1531628794, -13.6464496395 ], [ -50.147020009599999, -13.6542753787 ], [ -50.149103566299999, -13.660190739100001 ], [ -50.158215049200003, -13.651319363900001 ], [ -50.176772980099997, -13.6509007771 ], [ -50.190541841600002, -13.6417259061 ], [ -50.196432142, -13.642965240400001 ], [ -50.195419178199998, -13.651485254500001 ], [ -50.201824341799998, -13.6571823984 ], [ -50.208572199099997, -13.6516473001 ], [ -50.210497219399997, -13.6387739593 ], [ -50.214641601300002, -13.6343860492 ], [ -50.216186733400001, -13.6504570099 ], [ -50.227969303, -13.6512304514 ], [ -50.234280766300003, -13.6455913217 ], [ -50.236895188200002, -13.654594338900001 ], [ -50.243598667500002, -13.648242781 ], [ -50.244021461300001, -13.643258599 ], [ -50.236111145499997, -13.632002419299999 ], [ -50.2416378108, -13.6262581508 ], [ -50.2331870716, -13.619447644799999 ], [ -50.241047903499997, -13.606284317 ], [ -50.239745988899998, -13.598021083200001 ], [ -50.245745990400003, -13.5867427412 ], [ -50.246328313, -13.5762317351 ], [ -50.259301298300002, -13.568576632599999 ], [ -50.267854626099997, -13.5835466026 ], [ -50.2748544608, -13.5791853763 ], [ -50.269972180400003, -13.568691786600001 ], [ -50.261053624500001, -13.562244509299999 ], [ -50.261220480699997, -13.555719974400001 ], [ -50.254558708799998, -13.546925567 ], [ -50.250907201300002, -13.5564056294 ], [ -50.245745655, -13.5543553132 ], [ -50.2339473177, -13.5573977957 ], [ -50.233881169100002, -13.54741122 ], [ -50.229135224700002, -13.5472658477 ], [ -50.230141595699997, -13.5427442431 ], [ -50.226882416499997, -13.5430641533 ], [ -50.2269124265, -13.5393478903 ], [ -50.20434254, -13.5345805334 ], [ -50.1912228005, -13.5399275752 ], [ -50.182192710400003, -13.5479972514 ], [ -50.167693159400002, -13.5529915576 ], [ -50.160827843, -13.530676039599999 ], [ -50.153028682600002, -13.5312249485 ], [ -50.150883575, -13.539364556400001 ], [ -50.142303356, -13.536535562399999 ], [ -50.136470858499997, -13.520956975500001 ], [ -50.124298026600002, -13.5213556045 ], [ -50.1185542662, -13.5081335094 ], [ -50.109772261800003, -13.5124707086 ], [ -50.097277723099999, -13.5104097178 ], [ -50.094254669400001, -13.5155275276 ], [ -50.088106971800002, -13.517646193399999 ], [ -50.083965663, -13.513331491900001 ], [ -50.068467590300003, -13.5220386431 ], [ -50.056500161, -13.5227979407 ], [ -50.053941759399997, -13.5137833032 ], [ -50.0489711771, -13.509824969 ], [ -50.042696484399997, -13.5156447336 ], [ -50.035436766499998, -13.5160975293 ], [ -50.032835050099997, -13.5108071928 ], [ -50.037023372599997, -13.5027820417 ], [ -50.0254136999, -13.504358357 ], [ -50.0194875436, -13.495895646699999 ], [ -50.017740051, -13.5011631337 ], [ -50.0152173265, -13.4958162835 ], [ -50.013750673200001, -13.5018556991 ], [ -50.010139866099998, -13.5022250083 ], [ -50.011128797200001, -13.4971990231 ], [ -50.001636505100002, -13.486915375600001 ], [ -49.998109463, -13.486373175900001 ], [ -49.997795663700003, -13.491895919299999 ], [ -49.989329676099999, -13.4866834213 ], [ -49.9786139984, -13.4884090348 ], [ -49.978887569, -13.4974944324 ], [ -49.971191293799997, -13.4974532947 ], [ -49.969463223699996, -13.493640449400001 ], [ -49.957412541700002, -13.4960037984 ], [ -49.95132658, -13.4899888293 ], [ -49.949387238600004, -13.4932394424 ], [ -49.938278158899998, -13.4915379749 ], [ -49.933165153399997, -13.4954053926 ], [ -49.930297945699998, -13.494032413399999 ], [ -49.927501548899997, -13.501003369799999 ], [ -49.913526745600002, -13.5073706434 ], [ -49.900190452099999, -13.503100708 ], [ -49.885222342299997, -13.4928489995 ], [ -49.876494340299999, -13.495332942399999 ], [ -49.874326625199998, -13.5052412579 ], [ -49.86112908, -13.497045478 ], [ -49.857053059, -13.4988251553 ], [ -49.848830683099997, -13.495603754499999 ], [ -49.842474602199999, -13.4746171052 ], [ -49.831025576400002, -13.462460070200001 ], [ -49.826747931699998, -13.461406403 ], [ -49.826771866, -13.4567800358 ], [ -49.821998843599999, -13.452399782900001 ], [ -49.810353165499997, -13.463468089099999 ], [ -49.804992171199999, -13.4594474892 ], [ -49.8004646415, -13.461499228799999 ], [ -49.793275245499999, -13.455565245500001 ], [ -49.783209624599998, -13.454766873300001 ], [ -49.782771039300002, -13.4503322804 ], [ -49.778493215899999, -13.4499433471 ], [ -49.779366962099999, -13.4383515534 ], [ -49.774731611199996, -13.438138778700001 ], [ -49.773166399700003, -13.4339666912 ], [ -49.767942107300001, -13.439630946699999 ], [ -49.765157692599999, -13.4277454042 ], [ -49.757022574700002, -13.426157270899999 ], [ -49.752550393, -13.4293821919 ], [ -49.7509924043, -13.425661034899999 ], [ -49.747855838600003, -13.428086007399999 ], [ -49.738603307699996, -13.424305561100001 ], [ -49.732297849299997, -13.4278877456 ], [ -49.730577649700002, -13.4228095677 ], [ -49.717992612300002, -13.4205401179 ], [ -49.707109559700001, -13.405251891400001 ], [ -49.698385199, -13.4088084212 ], [ -49.688409997400001, -13.3933387554 ], [ -49.690749789800002, -13.3905475846 ], [ -49.677444706499998, -13.375508085 ], [ -49.670134334899998, -13.373823682 ], [ -49.669971438600001, -13.370025307900001 ], [ -49.655833964700001, -13.3685674609 ], [ -49.650132379900001, -13.3616351764 ], [ -49.650388643, -13.3539412686 ], [ -49.646429159100002, -13.354384612700001 ], [ -49.6478253298, -13.351749887900001 ], [ -49.636467862899998, -13.348860399099999 ], [ -49.631129948, -13.3556112581 ], [ -49.629999825500001, -13.3525410599 ], [ -49.624578929199998, -13.3538478129 ], [ -49.6125265529, -13.332110186 ], [ -49.608826357300003, -13.332984811299999 ], [ -49.604753336900004, -13.3217070594 ], [ -49.592197906599999, -13.3194616661 ], [ -49.58769133, -13.3154369437 ], [ -49.586334177499999, -13.309902697 ], [ -49.590208262899999, -13.301402985099999 ], [ -49.584164339, -13.2925838129 ], [ -49.578446287, -13.2918167891 ], [ -49.578829663299999, -13.287017694399999 ], [ -49.569943089200002, -13.2893985098 ], [ -49.552638503700003, -13.2782162145 ], [ -49.5308044553, -13.280142703499999 ], [ -49.5202463806, -13.2719081476 ], [ -49.508694158099999, -13.2682800547 ], [ -49.486076750400002, -13.249952481 ], [ -49.477936082299998, -13.254093831800001 ], [ -49.467034748899998, -13.2482855231 ], [ -49.441856088199998, -13.245969042900001 ], [ -49.435078780700003, -13.2541124146 ], [ -49.419716988899999, -13.258706673900001 ], [ -49.408604370500001, -13.267386870899999 ], [ -49.385726157, -13.2741894933 ], [ -49.377018284599998, -13.276558286 ], [ -49.369080464900001, -13.2741884704 ], [ -49.339885859299997, -13.253460843799999 ], [ -49.339469464700002, -13.234155789300001 ], [ -49.348496943900003, -13.213487348599999 ], [ -49.344171338, -13.2031774709 ], [ -49.347890265700002, -13.1892354909 ], [ -49.344413380299997, -13.176889943799999 ], [ -49.354383876299998, -13.153348193499999 ], [ -49.3522779738, -13.143560818299999 ], [ -49.341500528799997, -13.126775110300001 ], [ -49.344385839399997, -13.116994929300001 ], [ -49.353531496400002, -13.1103111742 ], [ -49.3539475786, -13.102554613100001 ], [ -49.337021527899999, -13.0658620726 ], [ -49.321772860499998, -13.051651463500001 ], [ -49.300205046800002, -13.0226968135 ], [ -49.283446642599998, -12.9912274284 ], [ -49.278416031299997, -12.9885843482 ], [ -49.275273918700002, -12.9802739407 ], [ -49.279311289799999, -12.97639642 ], [ -49.278579478, -12.968733411900001 ], [ -49.267022242, -12.9442028117 ], [ -49.2626939146, -12.939762139300001 ], [ -49.257379265200001, -12.9413680819 ], [ -49.256808696900002, -12.934653448300001 ], [ -49.252172055700001, -12.931322702499999 ], [ -49.246027672, -12.916470094199999 ], [ -49.249117075800001, -12.9021507609 ], [ -49.234910709899999, -12.893218382300001 ], [ -49.2369665023, -12.883645534299999 ], [ -49.231015250399999, -12.883359174200001 ], [ -49.228131661100001, -12.8774894396 ], [ -49.2221612146, -12.876183466400001 ], [ -49.210602892600001, -12.8779302683 ], [ -49.208385147599998, -12.8730745968 ], [ -49.196080065899999, -12.8668257194 ], [ -49.192664072399999, -12.8566923986 ], [ -49.160940416300001, -12.834070951199999 ], [ -49.150925626199999, -12.820910037799999 ], [ -49.145498678300001, -12.819594869299999 ], [ -49.140743910899999, -12.809957926399999 ], [ -49.136499692199997, -12.800466457900001 ], [ -49.120584322100001, -12.789967198799999 ], [ -49.105776261700001, -12.8356757049 ], [ -49.096273740800001, -12.8355667538 ], [ -49.082644660100001, -12.8450481958 ], [ -49.06707746, -12.8469059056 ], [ -49.071889066600001, -12.852322921500001 ], [ -49.070148969100003, -12.859177682 ], [ -49.073441941699997, -12.869130259 ], [ -49.0848625912, -12.8787133348 ], [ -49.080495635699997, -12.8835154598 ], [ -49.087409881, -12.8879944004 ], [ -49.087245200399998, -12.891092261800001 ], [ -49.082144764900001, -12.8920625909 ], [ -49.084764999699999, -12.894028773700001 ], [ -49.077294499300002, -12.9037302809 ], [ -49.0530281566, -12.9082017504 ], [ -49.049618860800003, -12.9125111485 ], [ -49.033111998199999, -12.9030293664 ], [ -49.022576385900003, -12.906694354100001 ], [ -49.020359718500004, -12.9116266809 ], [ -49.009465231500002, -12.9162516157 ], [ -49.004440353299998, -12.932114689800001 ], [ -48.979766734400002, -12.947802936900001 ], [ -48.9751842983, -12.956764140900001 ], [ -48.879278364900003, -12.817082965199999 ], [ -48.874578860299998, -12.8142187266 ], [ -48.868114967700002, -12.815451425199999 ], [ -48.87358185, -12.8069554745 ], [ -48.869410250800001, -12.8039636699 ], [ -48.8624161762, -12.804551078699999 ], [ -48.862137112, -12.8092649742 ], [ -48.857058466600002, -12.8049900001 ], [ -48.8463259217, -12.8093732501 ], [ -48.847105727, -12.817806491900001 ], [ -48.841719859599998, -12.830031586200001 ], [ -48.844885616699997, -12.8402712432 ], [ -48.841917659, -12.843975047200001 ], [ -48.830938477499998, -12.8440103963 ], [ -48.830828032200003, -12.841486571400001 ], [ -48.825465572200002, -12.8450783095 ], [ -48.820499065500002, -12.843873974 ], [ -48.817579988299997, -12.853112357900001 ], [ -48.811160297699999, -12.8596033864 ], [ -48.814108542900001, -12.8636960133 ], [ -48.804856814, -12.866471965400001 ], [ -48.805595819, -12.869509728600001 ], [ -48.799386322300002, -12.8729658953 ], [ -48.799636774200003, -12.8763190986 ], [ -48.794467585600003, -12.8760259439 ], [ -48.790917223299999, -12.883799377500001 ], [ -48.786312438899998, -12.884678882299999 ], [ -48.785582461200001, -12.880151829 ], [ -48.770699672200003, -12.8941033708 ], [ -48.762161212800002, -12.9054984545 ], [ -48.754105723499997, -12.907635665600001 ], [ -48.748444343599999, -12.917219787100001 ], [ -48.736133636399998, -12.9205947177 ], [ -48.733139483, -12.9297391589 ], [ -48.738772716200003, -12.945716838499999 ], [ -48.737098948499998, -12.9492562591 ], [ -48.730277039800001, -12.9610915162 ], [ -48.733998943400003, -12.9750579899 ], [ -48.730304249299998, -12.9893584438 ], [ -48.724779390499997, -12.990866733200001 ], [ -48.717368305199997, -13.0018886083 ], [ -48.711970115200003, -12.9993236863 ], [ -48.707521247199999, -13.004673839100001 ], [ -48.701311838, -12.997684672 ], [ -48.692954424, -12.9969781017 ], [ -48.690161357199997, -13.0028783585 ], [ -48.686186118, -13.002038327399999 ], [ -48.682969854500001, -12.993459486100001 ], [ -48.674941931600003, -12.9937801642 ], [ -48.667721664, -13.003185714 ], [ -48.663942263499997, -13.001083448699999 ], [ -48.6566682554, -13.0050122471 ], [ -48.656114354099998, -13.012344258600001 ], [ -48.647413468499998, -13.0103991711 ], [ -48.639830849399999, -13.0135169582 ], [ -48.636090171600003, -13.020825437399999 ], [ -48.638552189800002, -13.0257370769 ], [ -48.636714511199997, -13.034235323100001 ], [ -48.627287178700001, -13.051724088 ], [ -48.61941458, -13.051975328599999 ], [ -48.609834467299997, -13.059970416400001 ], [ -48.603948640299997, -13.0580331893 ], [ -48.600968869699997, -13.060451563599999 ], [ -48.602332517, -13.0778573429 ], [ -48.596028204500001, -13.0781762066 ], [ -48.595765880400002, -13.0882845186 ], [ -48.5884927512, -13.099139496899999 ], [ -48.593749880200001, -13.1013469502 ], [ -48.595913157600002, -13.106981065099999 ], [ -48.5852150686, -13.1056429471 ], [ -48.580605324499999, -13.1139459276 ], [ -48.582079304, -13.117938864199999 ], [ -48.577021643, -13.123432467200001 ], [ -48.577553909499997, -13.127332747100001 ], [ -48.581357537099997, -13.1279913883 ], [ -48.581798576700002, -13.1414937894 ], [ -48.588803592300003, -13.1447124249 ], [ -48.590246199, -13.1504314993 ], [ -48.596323064899998, -13.1521964473 ], [ -48.592104365499999, -13.1582308414 ], [ -48.586025586700003, -13.158643462200001 ], [ -48.5867993106, -13.1666189943 ], [ -48.578053544900001, -13.1723588665 ], [ -48.583274251600002, -13.1804549381 ], [ -48.577490452799999, -13.1870338209 ], [ -48.580051168200001, -13.1909489791 ], [ -48.579307457500001, -13.206972345100001 ], [ -48.583243197500003, -13.210096420899999 ], [ -48.582869819, -13.221715467799999 ], [ -48.593327484900001, -13.2350646693 ], [ -48.600130962100003, -13.2381960427 ], [ -48.597498108300002, -13.246244045299999 ], [ -48.587196546100003, -13.254317282900001 ], [ -48.591235566400002, -13.255974480500001 ], [ -48.589135475399999, -13.2634816103 ], [ -48.597788443799999, -13.2838019175 ], [ -48.600296916799998, -13.2921015494 ], [ -48.596825273699999, -13.302361594100001 ], [ -48.589109855399997, -13.308245315900001 ], [ -48.585967707899997, -13.317181354200001 ], [ -48.577761348199999, -13.314333251800001 ], [ -48.567241942099997, -13.3114330128 ], [ -48.553167220900001, -13.3015491521 ], [ -48.5534160359, -13.2800795979 ], [ -48.559299533400001, -13.273508918299999 ], [ -48.555020180500001, -13.2630625605 ], [ -48.555285847299999, -13.2381157033 ], [ -48.549442810499997, -13.230137170500001 ], [ -48.553270093400002, -13.2249080103 ], [ -48.554167184900002, -13.204535117400001 ], [ -48.546519689500002, -13.1952286008 ], [ -48.529942798100002, -13.192128349800001 ], [ -48.529717763500003, -13.184426910099999 ], [ -48.5208039392, -13.1663435384 ], [ -48.5216362946, -13.140528679899999 ], [ -48.508329105199998, -13.128475483600001 ], [ -48.506085558199999, -13.1330717411 ], [ -48.4945575968, -13.136145213100001 ], [ -48.487582989300002, -13.1423460468 ], [ -48.480182247599998, -13.1414894557 ], [ -48.479188329400003, -13.132780197700001 ], [ -48.475497024299997, -13.1341550001 ], [ -48.469299422600002, -13.149154195099999 ], [ -48.468185349899997, -13.161934391100001 ], [ -48.471966334400001, -13.165989482800001 ], [ -48.471547827499997, -13.172697166 ], [ -48.477133429, -13.178281590099999 ], [ -48.474694246799999, -13.191254901900001 ], [ -48.477297069499997, -13.1965062823 ], [ -48.472381587900003, -13.201949920500001 ], [ -48.4713865107, -13.211123198299999 ], [ -48.474912744699999, -13.2157743438 ], [ -48.4720805101, -13.2227244139 ], [ -48.474835274, -13.2352998622 ], [ -48.470024533299998, -13.2356957711 ], [ -48.467578536600001, -13.2438619302 ], [ -48.456665740600002, -13.2482608106 ], [ -48.460297621300001, -13.2491503211 ], [ -48.460970837399998, -13.258119967500001 ], [ -48.456000385800003, -13.259226659099999 ], [ -48.461464962199997, -13.2627391686 ], [ -48.4611654829, -13.274253974800001 ], [ -48.4571324287, -13.282420501900001 ], [ -48.4464168063, -13.2832986994 ], [ -48.441270986200003, -13.2919346934 ], [ -48.43477863, -13.2884298456 ], [ -48.436414005499998, -13.283800402400001 ], [ -48.430390305700001, -13.2797522079 ], [ -48.432103659699997, -13.2749399864 ], [ -48.429413862700002, -13.2711470995 ], [ -48.416273681600003, -13.274287192 ], [ -48.406800085500002, -13.266986274500001 ], [ -48.401469563699997, -13.270005421600001 ], [ -48.390722828599998, -13.267516520099999 ], [ -48.388000197300002, -13.2606474486 ], [ -48.385241783200001, -13.265640472099999 ], [ -48.378999261499999, -13.2554371383 ], [ -48.373638117600002, -13.255459865800001 ], [ -48.3705548167, -13.249042810500001 ], [ -48.357659473699997, -13.242648579800001 ], [ -48.350437280100003, -13.2414249448 ], [ -48.3417783951, -13.249352394 ], [ -48.336495349, -13.2466502333 ], [ -48.343488577199999, -13.241187198 ], [ -48.340252029799998, -13.236401046299999 ], [ -48.34168768, -13.227966113300001 ], [ -48.328021868900002, -13.23210025 ], [ -48.317079018699999, -13.229527446100001 ], [ -48.316190742099998, -13.2341512664 ], [ -48.3094867083, -13.234473341199999 ], [ -48.30590815, -13.233741546299999 ], [ -48.310253254300001, -13.231913046900001 ], [ -48.306357720699999, -13.2280309412 ], [ -48.308549497599998, -13.2264867334 ], [ -48.292166098300001, -13.219119406300001 ], [ -48.292686086300002, -13.214946574700001 ], [ -48.288356979600003, -13.2151500476 ], [ -48.287471179299999, -13.2035563566 ], [ -48.2845983781, -13.2054623173 ], [ -48.2801344624, -13.1992341896 ], [ -48.276080845599999, -13.1990720473 ], [ -48.279603183100001, -13.206218704199999 ], [ -48.268219078900003, -13.2023766739 ], [ -48.264998280900002, -13.2045571539 ], [ -48.262298900799998, -13.1968043435 ], [ -48.25045182, -13.196558809100001 ], [ -48.246750401500002, -13.1916936307 ], [ -48.2424419962, -13.186983147199999 ], [ -48.245019258, -13.184068718300001 ], [ -48.238443202900001, -13.180016606400001 ], [ -48.231443360100002, -13.1677363249 ], [ -48.224717675800001, -13.173288532600001 ], [ -48.216467190300001, -13.168153970300001 ], [ -48.2111335393, -13.1737027271 ], [ -48.193187321, -13.172149225 ], [ -48.1964629884, -13.163159995 ], [ -48.185909044299997, -13.1564083981 ], [ -48.1901657083, -13.154038117300001 ], [ -48.1833253494, -13.1553326063 ], [ -48.173497499200003, -13.147670439300001 ], [ -48.164941857, -13.1574916796 ], [ -48.162052957100002, -13.1536917668 ], [ -48.157519369500001, -13.1565221434 ], [ -48.146215082399998, -13.1515787847 ], [ -48.144686158299997, -13.153949798899999 ], [ -48.155435754099997, -13.1657694848 ], [ -48.155109560600003, -13.174473617 ], [ -48.163350952099997, -13.182504701799999 ], [ -48.1646502368, -13.196652003400001 ], [ -48.162240949800001, -13.206600933300001 ], [ -48.152888184600002, -13.2192375437 ], [ -48.168494721, -13.239654418600001 ], [ -48.168215695, -13.2431838625 ], [ -48.156049689100001, -13.249843482899999 ], [ -48.153297874899998, -13.278761808500001 ], [ -48.169370299500002, -13.2989163815 ], [ -48.164964573799999, -13.305355635 ], [ -48.159580442299998, -13.3020198239 ], [ -48.157105092099997, -13.310095387500001 ], [ -48.155881634799997, -13.302582104600001 ], [ -48.1504418898, -13.306587972100001 ], [ -48.121435643, -13.2969959382 ], [ -48.117914139200003, -13.290303618799999 ], [ -48.112715185299997, -13.2915963615 ], [ -48.106326432, -13.287356887 ], [ -48.097106199899997, -13.291471276099999 ], [ -48.092831551499998, -13.2858671112 ], [ -48.082578278600003, -13.288345018899999 ], [ -48.077628277499997, -13.281564699600001 ], [ -48.080408067500002, -13.2789312311 ], [ -48.077715123300003, -13.277311788700001 ], [ -48.076938200699999, -13.2659863504 ], [ -48.071861015300001, -13.267182246799999 ], [ -48.078690299900003, -13.242519510299999 ], [ -48.075914116600003, -13.2381807279 ], [ -48.071392158800002, -13.239988758399999 ], [ -48.062020043799997, -13.2349640448 ], [ -48.058439188599998, -13.2402343096 ], [ -48.0545509182, -13.238525108699999 ], [ -48.056166816, -13.247932928499999 ], [ -48.051437628099997, -13.251487044499999 ], [ -48.052025529399998, -13.255387520399999 ], [ -48.032686731399998, -13.253542987599999 ], [ -48.028547418199999, -13.2639697339 ], [ -48.033827943200002, -13.2654087159 ], [ -48.032298957899997, -13.2735656957 ], [ -48.028660187900002, -13.271044142899999 ], [ -48.022129260200003, -13.279402646399999 ], [ -47.998836829699997, -13.274496162 ], [ -47.986360633899999, -13.276434913699999 ], [ -47.978441352099999, -13.294306322100001 ], [ -47.971633171599997, -13.3004075565 ], [ -47.970574226899998, -13.311084579599999 ], [ -47.965885472899998, -13.3148250601 ], [ -47.956049846600003, -13.3082769719 ], [ -47.9513589807, -13.309835184 ], [ -47.947634194300001, -13.304892155099999 ], [ -47.943387592599997, -13.306628030900001 ], [ -47.935443074799998, -13.2902890233 ], [ -47.929465175600001, -13.2941196138 ], [ -47.923883644900002, -13.2909841746 ], [ -47.919583401399997, -13.2983383086 ], [ -47.907851289299998, -13.298501459600001 ], [ -47.903276099800003, -13.301957229099999 ], [ -47.901742284400001, -13.3113857815 ], [ -47.892745137299997, -13.306809269 ], [ -47.888464757500003, -13.317606210299999 ], [ -47.883141832900002, -13.3200749414 ], [ -47.869910551700002, -13.319417638099999 ], [ -47.866189479600003, -13.3146458761 ], [ -47.860907674700002, -13.3139497414 ], [ -47.844026363600001, -13.318202231500001 ], [ -47.823553659300003, -13.311432416700001 ], [ -47.816545756499998, -13.317252272599999 ], [ -47.815444689300001, -13.317599662699999 ], [ -47.801354055300003, -13.3275649583 ], [ -47.800385486700002, -13.3332699039 ], [ -47.770221854900001, -13.3664743624 ], [ -47.678549830100003, -13.4672776265 ], [ -47.675393329599999, -13.4487942858 ], [ -47.667295665799998, -13.435820482900001 ], [ -47.661787103400002, -13.4329616378 ], [ -47.656435376600001, -13.4272777237 ], [ -47.654158474100001, -13.4145971245 ], [ -47.642549835899999, -13.4025326171 ], [ -47.638496032299997, -13.3906006598 ], [ -47.633411240699999, -13.3904490567 ], [ -47.6267419184, -13.3839582578 ], [ -47.622295513399997, -13.367228364 ], [ -47.636824196600003, -13.3643604324 ], [ -47.649692715599997, -13.350814141400001 ], [ -47.649297928700001, -13.342210660699999 ], [ -47.655850683, -13.3219115194 ], [ -47.653773027699998, -13.315215949300001 ], [ -47.661771978, -13.303413752499999 ], [ -47.656574231800001, -13.299455413700001 ], [ -47.6587663894, -13.2953693054 ], [ -47.656381895, -13.276466886 ], [ -47.649078541599998, -13.273694342700001 ], [ -47.640049618699997, -13.262773451699999 ], [ -47.6476604048, -13.2501598101 ], [ -47.6462412148, -13.2415679503 ], [ -47.657018085799997, -13.2342816072 ], [ -47.653188809299998, -13.2285966469 ], [ -47.654189889, -13.219900921600001 ], [ -47.665824185799998, -13.2182181709 ], [ -47.664605525, -13.2136044682 ], [ -47.668461277200002, -13.208970041400001 ], [ -47.660690245799998, -13.206926045 ], [ -47.664990383199999, -13.203374133 ], [ -47.660468582199996, -13.198416692 ], [ -47.665439835500003, -13.196310538800001 ], [ -47.657468419, -13.192005393100001 ], [ -47.6549109161, -13.1774419053 ], [ -47.669551736800003, -13.167867408799999 ], [ -47.659356401799997, -13.158592802599999 ], [ -47.654077626700001, -13.1578860504 ], [ -47.651467707599998, -13.149660648899999 ], [ -47.644073350900001, -13.1494249735 ], [ -47.643413752, -13.1453537947 ], [ -47.648632168500001, -13.138991006299999 ], [ -47.6451371458, -13.138285810299999 ], [ -47.650276106, -13.1329178516 ], [ -47.645076113499996, -13.128143745499999 ], [ -47.646240295, -13.1201720416 ], [ -47.635529788100001, -13.113885591600001 ], [ -47.634005957699998, -13.102766655 ], [ -47.627184027399998, -13.1100274215 ], [ -47.617547182499997, -13.1042739711 ], [ -47.592496741, -13.1162334151 ], [ -47.571248125700002, -13.116317335 ], [ -47.560911831399999, -13.1242395074 ], [ -47.568051912100003, -13.149100306599999 ], [ -47.562639550299998, -13.1837959081 ], [ -47.540967823400003, -13.1919331698 ], [ -47.532630981300002, -13.1833757959 ], [ -47.523472175599998, -13.181500399700001 ], [ -47.509436225899996, -13.189434434100001 ], [ -47.484167772399999, -13.182021168 ], [ -47.477691126499998, -13.1872457398 ], [ -47.487370072899999, -13.207687752 ], [ -47.485185400699997, -13.2217242976 ], [ -47.461189667500001, -13.2270579849 ], [ -47.443029289400002, -13.2219866785 ], [ -47.435324440400002, -13.2266667327 ], [ -47.430853000399999, -13.2376004456 ], [ -47.447855627700001, -13.240306231 ], [ -47.454663572500003, -13.2489428631 ], [ -47.434412060500001, -13.267790973 ], [ -47.437330288200002, -13.278597421900001 ], [ -47.432433397399997, -13.287640978500001 ], [ -47.425254170300001, -13.289300585599999 ], [ -47.415717744600002, -13.269892241499999 ], [ -47.3970820543, -13.2606614462 ], [ -47.391975658100002, -13.261917267199999 ], [ -47.393357110700002, -13.2451444478 ], [ -47.387551366899999, -13.240136856299999 ], [ -47.383313671400003, -13.241028678 ], [ -47.378908478100001, -13.2306742576 ], [ -47.371166921700002, -13.228283403400001 ], [ -47.367605762099998, -13.2357036558 ], [ -47.351990738799998, -13.248400411900001 ], [ -47.3372197419, -13.2458865542 ], [ -47.322559542, -13.257870438599999 ], [ -47.308518757500003, -13.249292734899999 ], [ -47.2941051703, -13.248495437700001 ], [ -47.293132677099997, -13.2560951964 ], [ -47.285219654099997, -13.255876641 ], [ -47.289495662699998, -13.2617953273 ], [ -47.281718512, -13.264474544600001 ], [ -47.2749338948, -13.250489674300001 ], [ -47.266999891399998, -13.247728800200001 ], [ -47.267415906799997, -13.237941919400001 ], [ -47.252362814400001, -13.2346960496 ], [ -47.247774692500002, -13.229688102400001 ], [ -47.251105766800002, -13.211945676599999 ], [ -47.231603898099998, -13.204171538500001 ], [ -47.231551480500002, -13.198893887300001 ], [ -47.225492695100002, -13.193065972199999 ], [ -47.217129846100001, -13.1960994726 ], [ -47.211015712, -13.192114867700001 ], [ -47.196438159800003, -13.1931920397 ], [ -47.182417906200001, -13.1876717091 ], [ -47.174802404200001, -13.1947031222 ], [ -47.1842720689, -13.2031745 ], [ -47.1827574502, -13.2052666695 ], [ -47.172050303299997, -13.206018713500001 ], [ -47.167299551299998, -13.210796588499999 ], [ -47.161686254599999, -13.205323527599999 ], [ -47.153412996900002, -13.209459672 ], [ -47.134800757500003, -13.202717272699999 ], [ -47.133383844699999, -13.1894059335 ], [ -47.139935563500003, -13.187147325 ], [ -47.1321615604, -13.1780657268 ], [ -47.117829612100003, -13.1774434088 ], [ -47.1085300242, -13.1706046816 ], [ -47.1076365869, -13.1810151012 ], [ -47.104936923, -13.1812609065 ], [ -47.102133214600002, -13.174186795500001 ], [ -47.096881194600002, -13.17135242 ], [ -47.0895544575, -13.1735766393 ], [ -47.086916158299999, -13.181986737800001 ], [ -47.079726393900003, -13.177678611 ], [ -47.084381466300002, -13.170104825099999 ], [ -47.079805002599997, -13.166000604900001 ], [ -47.080413800800002, -13.161526071899999 ], [ -47.077062161900002, -13.161110366300001 ], [ -47.071968781300001, -13.160060677400001 ], [ -47.068659802500001, -13.155063694800001 ], [ -47.062162076299998, -13.1613637362 ], [ -47.050887808, -13.1554748572 ], [ -47.047100942100002, -13.157203062100001 ], [ -47.041440571199999, -13.1481982098 ], [ -47.035490685399999, -13.1504247879 ], [ -47.0351289798, -13.1475291686 ], [ -47.022409461099997, -13.141561258499999 ], [ -47.01896188, -13.145346271699999 ], [ -47.009304981900002, -13.140388897799999 ], [ -47.004633659600003, -13.13166216 ], [ -47.004971343, -13.1246859451 ], [ -47.000713862399998, -13.1209437057 ], [ -46.991639877200001, -13.123741363200001 ], [ -46.986884225799997, -13.121365494400001 ], [ -46.987992581100002, -13.127700021600001 ], [ -46.978442146600003, -13.131141337300001 ], [ -46.978152228699997, -13.121159693099999 ], [ -46.9632722976, -13.1117138204 ], [ -46.953525757100003, -13.1107041747 ], [ -46.945906792300001, -13.0988613737 ], [ -46.928666246699997, -13.0924496156 ], [ -46.928467326, -13.082651826099999 ], [ -46.9103580767, -13.0686287048 ], [ -46.901912334499997, -13.0668706886 ], [ -46.892493504500003, -13.052790637199999 ], [ -46.878609482199998, -13.0483991742 ], [ -46.879829856299999, -13.0589070511 ], [ -46.876248823, -13.0615146083 ], [ -46.8713001725, -13.0595022747 ], [ -46.870712077, -13.063072182200001 ], [ -46.868412832200001, -13.0680825692 ], [ -46.854129336600003, -13.066873187800001 ], [ -46.854551814799997, -13.0552223393 ], [ -46.848270803600002, -13.050459787599999 ], [ -46.847031733599998, -13.0534398654 ], [ -46.84447045, -13.049258654 ], [ -46.847078078400003, -13.0450388834 ], [ -46.839738316599998, -13.034094464200001 ], [ -46.833815069899998, -13.033342189400001 ], [ -46.828529809, -13.018217849599999 ], [ -46.818467836700002, -13.013584874399999 ], [ -46.822713386700002, -13.0076933858 ], [ -46.819269392199999, -13.0020359368 ], [ -46.750182901300001, -12.9687213349 ], [ -46.706501957100002, -12.9690374881 ], [ -46.635576922, -12.969534728 ], [ -46.633436403799998, -12.969549086900001 ], [ -46.550170475400002, -12.970107732700001 ], [ -46.4542241308, -12.970718440100001 ], [ -46.4455921602, -12.9358085028 ], [ -46.436960622500003, -12.935055545399999 ], [ -46.4323682311, -12.930285979600001 ], [ -46.417199505100001, -12.8230248389 ], [ -46.411049192900002, -12.8275193562 ], [ -46.410666345300001, -12.8400911335 ], [ -46.406298224899999, -12.838403764 ], [ -46.407860485500002, -12.845358203 ], [ -46.397134839400003, -12.8509591809 ], [ -46.383267423100001, -12.8485401537 ], [ -46.376043983800002, -12.8529341825 ], [ -46.375852802499999, -12.849818860499999 ], [ -46.3738316062, -12.859352782 ], [ -46.365769560899999, -12.8644197301 ], [ -46.368720855500001, -12.8771143778 ], [ -46.3638278265, -12.8816071217 ], [ -46.367141451, -12.887208660800001 ], [ -46.361581386099999, -12.8900167976 ], [ -46.3677953264, -12.902620388700001 ], [ -46.360273597800003, -12.9084014504 ], [ -46.365106847500002, -12.912781083400001 ], [ -46.364163679699999, -12.9310634472 ], [ -46.3663286038, -12.939225280500001 ], [ -46.371821828199998, -12.9443165888 ], [ -46.371053637499998, -12.957998767299999 ], [ -46.376500483299999, -12.962957979500001 ], [ -46.367832089799997, -12.972074058 ], [ -46.372939765600002, -12.984336343200001 ], [ -46.363854340700001, -12.9909253542 ], [ -46.338382731599999, -12.9820250175 ], [ -46.335132141599999, -12.9833431375 ], [ -46.3336676021, -12.9804480933 ], [ -46.311185279, -12.980353903399999 ], [ -46.289866126200003, -12.972036449899999 ], [ -46.286861893100003, -12.973524316500001 ], [ -46.279940588700001, -12.968113665 ], [ -46.276744742600002, -12.970932509800001 ], [ -46.223267760399999, -12.9565157806 ], [ -46.194129429599997, -12.9562380795 ], [ -46.187438386700002, -12.9492887151 ], [ -46.1794745304, -12.946917747900001 ], [ -46.176576507900002, -12.9391929017 ], [ -46.160904919300002, -12.93357447 ], [ -46.148617983900003, -12.936585511300001 ], [ -46.119523632300002, -12.925436208700001 ], [ -46.113486700499998, -12.9178168974 ], [ -46.112792685300001, -12.9329574911 ], [ -46.1219656504, -12.9471346021 ], [ -46.121804185199998, -12.956993777199999 ], [ -46.125420638199998, -12.9610429586 ], [ -46.138469157400003, -12.965008063399999 ], [ -46.1541607562, -12.9761370102 ], [ -46.165823702399997, -12.9755281641 ], [ -46.173689031499997, -12.983128971199999 ], [ -46.190991075600003, -12.989361758499999 ], [ -46.196545598599997, -12.996310101400001 ], [ -46.208461762100001, -12.998472767200001 ], [ -46.220020608200002, -13.003684803100001 ], [ -46.231875323799997, -12.9950668163 ], [ -46.239880361, -12.9994214904 ], [ -46.245103620800002, -12.996975493900001 ], [ -46.252869772300002, -13.005623331500001 ], [ -46.272954628199997, -13.0145187634 ], [ -46.275155436299997, -13.0278838698 ], [ -46.280942151200001, -13.0336501756 ], [ -46.278551342299998, -13.037024951599999 ], [ -46.280273420299999, -13.042995750699999 ], [ -46.291469374499997, -13.053434445100001 ], [ -46.2954906756, -13.0635061258 ], [ -46.448990934800001, -13.054654917900001 ], [ -46.450680072499999, -13.0545567326 ], [ -46.452656895899999, -13.065456216599999 ], [ -46.457740575700001, -13.0665998348 ], [ -46.460388464700003, -13.0727474818 ], [ -46.473183368400001, -13.0747328922 ], [ -46.472856878899997, -13.078814256099999 ], [ -46.480413287799998, -13.0863694575 ], [ -46.5058541195, -13.0966938945 ], [ -46.507773792599998, -13.1061934626 ], [ -46.513964092, -13.110085421799999 ], [ -46.512137742299998, -13.1179262257 ], [ -46.519301535799997, -13.1256146111 ], [ -46.518768456899998, -13.1322468749 ], [ -46.524049699499997, -13.133071933 ], [ -46.523658073, -13.142604775300001 ], [ -46.528165376, -13.139729783 ], [ -46.531187559499998, -13.145028570099999 ], [ -46.530327790400001, -13.1535712004 ], [ -46.537693672700001, -13.1618075384 ], [ -46.5401540744, -13.1608594442 ], [ -46.542076676299999, -13.169277063899999 ], [ -46.554577531500001, -13.175703179 ], [ -46.55818589, -13.1849015746 ], [ -46.565519439, -13.1874110508 ], [ -46.568603252199999, -13.193715727100001 ], [ -46.5729346257, -13.193285062599999 ], [ -46.580353906600003, -13.2040502083 ], [ -46.589440014600001, -13.2096295451 ], [ -46.589769393899999, -13.213345049400001 ], [ -46.593323072499999, -13.210021009 ], [ -46.6015742441, -13.215145550900001 ], [ -46.605856165900001, -13.211267986 ], [ -46.606908687100002, -13.2179640662 ], [ -46.615328241900002, -13.2233651186 ], [ -46.62860611, -13.2201476327 ], [ -46.646609398199999, -13.236281979399999 ], [ -46.6639843743, -13.2399882534 ], [ -46.667239061899998, -13.236216492900001 ], [ -46.667857225, -13.238926814699999 ], [ -46.67438061, -13.2397855847 ], [ -46.682749553699999, -13.2432172188 ], [ -46.6779052451, -13.2468399057 ], [ -46.684966233799997, -13.259155333900001 ], [ -46.6771922159, -13.275443105 ], [ -46.677055803499997, -13.283247421900001 ], [ -46.686239229500003, -13.2901773184 ], [ -46.684910115900003, -13.292921937399999 ], [ -46.6893608942, -13.297377548 ], [ -46.701936225700003, -13.296269775800001 ], [ -46.703188257800001, -13.3061519047 ], [ -46.703201749599998, -13.306347908599999 ], [ -46.701163660399999, -13.310621254699999 ], [ -46.706521490500002, -13.325231951199999 ], [ -46.708213964, -13.322659961599999 ], [ -46.7083517059, -13.3303810719 ], [ -46.700104415, -13.3411308574 ], [ -46.701383195699997, -13.349457877200001 ], [ -46.696051028699998, -13.352724204799999 ], [ -46.7005512012, -13.3602747871 ], [ -46.698630642600001, -13.3684752773 ], [ -46.706908195700002, -13.3751479459 ], [ -46.704802758, -13.380356884 ], [ -46.714087011399997, -13.384998100900001 ], [ -46.716048415700001, -13.387516570900001 ], [ -46.719137003299998, -13.384919977199999 ], [ -46.732962760200003, -13.3858703601 ], [ -46.733658560400002, -13.388494454 ], [ -46.7288827279, -13.3910242443 ], [ -46.731519060399997, -13.397872142800001 ], [ -46.738302514700003, -13.3990368242 ], [ -46.748192003600003, -13.4070501887 ], [ -46.749274515700002, -13.411006388 ], [ -46.7461354008, -13.4125169261 ], [ -46.749321409099998, -13.4201731108 ], [ -46.745268101500002, -13.4213308261 ], [ -46.7454402149, -13.424503623 ], [ -46.752912111299999, -13.427553727899999 ], [ -46.751046265799999, -13.4331174623 ], [ -46.761603056799999, -13.4374859784 ], [ -46.7583302301, -13.439987091100001 ], [ -46.760823219, -13.445207781200001 ], [ -46.762440569, -13.442186468799999 ], [ -46.761877742499998, -13.4476439366 ], [ -46.769082442799998, -13.4458840714 ], [ -46.763967027299998, -13.4506920812 ], [ -46.762747192100001, -13.4650523387 ], [ -46.770071831400003, -13.4712754505 ], [ -46.771248355, -13.4785156914 ], [ -46.767526696099999, -13.482850854500001 ], [ -46.762631617399997, -13.4799395144 ], [ -46.765151125099997, -13.484254741599999 ], [ -46.768802394600002, -13.4879050313 ], [ -46.764579803399997, -13.4898833793 ], [ -46.765357186499998, -13.496682308600001 ], [ -46.770493363600004, -13.4945964136 ], [ -46.779378196400003, -13.4978040221 ], [ -46.779466356199997, -13.506565050300001 ], [ -46.784824561699999, -13.509949170300001 ], [ -46.776712574800001, -13.51905275 ], [ -46.784137211900003, -13.5305026681 ], [ -46.779964340100001, -13.533741575200001 ], [ -46.773884562200003, -13.527901609900001 ], [ -46.773841423500002, -13.531915660899999 ], [ -46.771961241699998, -13.5397567869 ], [ -46.788271004599999, -13.5505283403 ], [ -46.782164026099998, -13.5660728197 ], [ -46.786825662600002, -13.576873305399999 ], [ -46.792992096600003, -13.5802552228 ], [ -46.792070224699998, -13.5907044641 ], [ -46.802072878099999, -13.593798891500001 ], [ -46.816102754200003, -13.587182004600001 ], [ -46.821246099500001, -13.594088595200001 ], [ -46.8256319292, -13.5872300476 ], [ -46.834436663399998, -13.5880029481 ], [ -46.8429112086, -13.5944829351 ], [ -46.836819461300003, -13.6030426422 ], [ -46.850920194499999, -13.6150276881 ], [ -46.854016309, -13.624066107299999 ], [ -46.8514923858, -13.6314684937 ], [ -46.8426541762, -13.6342238132 ], [ -46.817200479299999, -13.6547460502 ], [ -46.808658119500002, -13.6579407052 ], [ -46.7984685833, -13.656347691300001 ], [ -46.794217462799999, -13.662023103799999 ], [ -46.796630351899999, -13.6701882838 ], [ -46.809020496099997, -13.676325545499999 ], [ -46.802822956599996, -13.6925429771 ], [ -46.785324172700001, -13.702442870900001 ], [ -46.783486727, -13.717379639800001 ], [ -46.7918539701, -13.727825874800001 ], [ -46.810794164, -13.725388780399999 ], [ -46.818825091599997, -13.7406700937 ], [ -46.820908596300001, -13.749722071900001 ], [ -46.830849522699999, -13.7544585243 ], [ -46.837191003900003, -13.764739457699999 ], [ -46.835494609, -13.7746142226 ], [ -46.825071839300001, -13.7801659048 ], [ -46.817127646800003, -13.793345331799999 ], [ -46.817658331799997, -13.798503737100001 ], [ -46.845991240399997, -13.8161291958 ], [ -46.851215285899997, -13.825674765800001 ], [ -46.844252089100003, -13.8335974549 ], [ -46.826572660700002, -13.8406565461 ], [ -46.825156682299998, -13.844172482 ], [ -46.826438545400002, -13.851612057 ], [ -46.834241953300001, -13.8615238616 ], [ -46.855240296799998, -13.8675209324 ], [ -46.866290502399998, -13.880341725199999 ], [ -46.867465431600003, -13.8862320289 ], [ -46.861776841599998, -13.895973442300001 ], [ -46.845161131099999, -13.8981529515 ], [ -46.836741487099999, -13.9112371516 ], [ -46.840805711599998, -13.949828743499999 ], [ -46.836025323, -13.9600383516 ], [ -46.837187996099999, -13.967918279099999 ], [ -46.850524208400003, -13.9860012215 ], [ -46.8318544483, -14.0057051462 ], [ -46.832771144, -14.0219524817 ], [ -46.826579024, -14.0298944921 ], [ -46.8427114542, -14.0480525173 ], [ -46.8514607989, -14.044933561100001 ], [ -46.855549893400003, -14.0343546441 ], [ -46.875154851300003, -14.0329438593 ], [ -46.883544325899997, -14.0411523145 ], [ -46.888662692799997, -14.0701275905 ], [ -46.899579909, -14.077996432799999 ], [ -46.922349417600003, -14.0765160045 ], [ -46.921992015199997, -14.0877642806 ], [ -46.937605879700001, -14.102560001800001 ], [ -46.954771557900003, -14.0904162382 ], [ -46.962134396700002, -14.088920351700001 ], [ -46.968052229100003, -14.095303901299999 ], [ -46.977268049700001, -14.088740858 ], [ -46.9789959067, -14.0966371201 ], [ -46.985465333900002, -14.088150905399999 ], [ -46.985005733199998, -14.093647778699999 ], [ -46.988964280700003, -14.0939812408 ], [ -46.993051003399998, -14.091826751299999 ], [ -46.994530443199999, -14.081760296 ], [ -47.008580661499998, -14.0893653757 ], [ -47.030215687499997, -14.088516695599999 ], [ -47.053211247599997, -14.103425759 ], [ -47.060489345, -14.111170916400001 ], [ -47.067684738399997, -14.1292370826 ], [ -47.0838577902, -14.141933439700001 ], [ -47.082968839199999, -14.1641969819 ], [ -47.090222676800003, -14.1747850033 ], [ -47.128851815399997, -14.2001670601 ], [ -47.136523983700002, -14.218321962199999 ], [ -47.138565960699999, -14.2539205525 ], [ -47.171220140099997, -14.267057619499999 ], [ -47.177846363, -14.2884738405 ], [ -47.175045582400003, -14.2941567996 ], [ -47.180049322800002, -14.2972651623 ], [ -47.183997001500003, -14.302273634800001 ], [ -47.1830483667, -14.319197348099999 ], [ -47.189686528300001, -14.3296512084 ], [ -47.181771208400001, -14.348712387200001 ], [ -47.191023801500002, -14.368152415899999 ], [ -47.186468251500003, -14.3977186065 ], [ -47.188766757099998, -14.402626654500001 ], [ -47.180384053799997, -14.422227536099999 ], [ -47.183355306800003, -14.438265727499999 ], [ -47.1758862123, -14.446751796 ], [ -47.173771458499999, -14.4548689041 ], [ -47.156798348499997, -14.465822968499999 ], [ -47.158518179200001, -14.4738042879 ], [ -47.153044328900002, -14.4864438163 ], [ -47.154180973400003, -14.4971045524 ], [ -47.148304600800003, -14.5152735336 ], [ -47.1526262812, -14.521364397199999 ], [ -47.149713325299999, -14.526417288199999 ], [ -47.151935419499999, -14.529599258199999 ], [ -47.144937998800003, -14.537529619200001 ], [ -47.159545091399998, -14.5506394212 ], [ -47.159930889, -14.5468406076 ], [ -47.162797412899998, -14.549663195300001 ], [ -47.167377720700003, -14.5453339054 ], [ -47.170347222799997, -14.547710326500001 ], [ -47.1712947288, -14.543810927499999 ], [ -47.167687407300001, -14.5407172718 ], [ -47.1715423431, -14.540540630400001 ], [ -47.177269385599999, -14.539135484699999 ], [ -47.184877029399999, -14.5435141757 ], [ -47.183794156099999, -14.5521137013 ], [ -47.191321393899997, -14.555772416 ], [ -47.185986033900001, -14.559274735600001 ], [ -47.198025349399998, -14.5699236524 ], [ -47.192548365299999, -14.571986581099999 ], [ -47.192800394499997, -14.578865245299999 ], [ -47.196157401100002, -14.575979375699999 ], [ -47.199292812, -14.576635922299999 ], [ -47.198628901799999, -14.580434198 ], [ -47.202273444200003, -14.5793637811 ], [ -47.200378145800002, -14.586334061500001 ], [ -47.20602391, -14.5941413164 ], [ -47.203993535099997, -14.606986685300001 ], [ -47.211103501, -14.6022214681 ], [ -47.217016217800001, -14.605328721299999 ], [ -47.219081101100002, -14.6028004682 ], [ -47.2204929245, -14.606826829299999 ], [ -47.220436257499998, -14.6109590067 ], [ -47.216270643400001, -14.6090349523 ], [ -47.215045704600001, -14.6138312705 ], [ -47.219023027699997, -14.6200894442 ], [ -47.215354962399999, -14.626415805300001 ], [ -47.219324924799999, -14.630777623 ], [ -47.224916513700002, -14.6280863739 ], [ -47.230850412300001, -14.630287879799999 ], [ -47.2262199364, -14.632076441400001 ], [ -47.224713721699999, -14.6339731797 ], [ -47.230545524900002, -14.6369910372 ], [ -47.230356119600003, -14.6416009364 ], [ -47.233600357599997, -14.643337629 ], [ -47.229884767500003, -14.648546298199999 ], [ -47.2328821547, -14.656454314099999 ], [ -47.23155062, -14.661623165 ], [ -47.228130720300001, -14.6596135722 ], [ -47.231795253, -14.668773401299999 ], [ -47.227683716199998, -14.6716519345 ], [ -47.236162173, -14.6735079756 ], [ -47.231021285499999, -14.679367816799999 ], [ -47.235712158799998, -14.6887129125 ], [ -47.239156969100002, -14.686289328399999 ], [ -47.243051148, -14.6889262267 ], [ -47.2401569126, -14.6915382794 ], [ -47.242376269799998, -14.6945390598 ], [ -47.246659999499997, -14.6932867871 ], [ -47.249904593499998, -14.6998224167 ], [ -47.263860086500003, -14.6997836028 ], [ -47.277096817900002, -14.691875191399999 ], [ -47.282098412899998, -14.693887734600001 ], [ -47.289709448099998, -14.7009863819 ], [ -47.289848887600002, -14.710307481599999 ], [ -47.296912979299996, -14.712147467499999 ], [ -47.298075304100003, -14.7247404019 ], [ -47.304363884, -14.7306781403 ], [ -47.307382952399998, -14.7490421143 ], [ -47.311564197300001, -14.7477949548 ], [ -47.315878251900003, -14.7380281891 ], [ -47.3179857959, -14.742292412699999 ], [ -47.314663897899997, -14.744456557199999 ], [ -47.321966967400002, -14.749453061600001 ], [ -47.321879907300001, -14.7529014384 ], [ -47.315824587900003, -14.7534193089 ], [ -47.309850366, -14.7591932598 ], [ -47.312607537200002, -14.7650844293 ], [ -47.3156551147, -14.7670884206 ], [ -47.321740082399998, -14.761404672299999 ], [ -47.321241003, -14.7694672304 ], [ -47.325244057399999, -14.7722856441 ], [ -47.3331617085, -14.765346037300001 ], [ -47.3373245262, -14.772237966 ], [ -47.3417167502, -14.769632551100001 ], [ -47.351461633500001, -14.7712071839 ], [ -47.357242847199998, -14.7757562668 ], [ -47.354217668499999, -14.788060721500001 ], [ -47.360686007699996, -14.797141832099999 ], [ -47.359637401900002, -14.8026555177 ], [ -47.374942317200002, -14.8156797171 ], [ -47.392017428499997, -14.8161053345 ], [ -47.422066864800001, -14.828767068399999 ], [ -47.439604012, -14.8239386219 ], [ -47.4521852823, -14.8160092894 ], [ -47.477966887400001, -14.816902841099999 ], [ -47.472993437, -14.8022249615 ], [ -47.505129389300002, -14.7871257508 ], [ -47.525380620100002, -14.7730824903 ], [ -47.531908794300001, -14.7547580084 ], [ -47.533574349699997, -14.7377530029 ], [ -47.542173527099997, -14.7307224547 ], [ -47.556829467100002, -14.731204871399999 ], [ -47.564859118699999, -14.7543852721 ], [ -47.569742471, -14.758420359800001 ], [ -47.571190594900003, -14.755441276499999 ], [ -47.574435210399997, -14.7563830652 ], [ -47.584104246300001, -14.773874621599999 ], [ -47.6138588086, -14.793386316199999 ], [ -47.628712564700002, -14.8229725789 ], [ -47.636265711900002, -14.8307393727 ], [ -47.645907656699997, -14.830519835400001 ], [ -47.642280367799998, -14.7781096378 ], [ -47.640935671299999, -14.7587000128 ], [ -47.632471001799999, -14.7520931498 ], [ -47.6302966226, -14.7454535605 ], [ -47.6429656173, -14.726752727899999 ], [ -47.652434896899997, -14.7193313631 ], [ -47.659291266799997, -14.7060778076 ], [ -47.6661321801, -14.7091413357 ], [ -47.671407434400003, -14.7188362001 ], [ -47.6742176339, -14.728331108600001 ], [ -47.689132425799997, -14.735540395599999 ], [ -47.691743352099998, -14.741957253500001 ], [ -47.704907869800003, -14.6712604734 ], [ -47.716609477399999, -14.6524987344 ], [ -47.732911399, -14.6494027654 ], [ -47.746105874100003, -14.6507987976 ], [ -47.753185439200003, -14.648334735700001 ], [ -47.7589689932, -14.6396050518 ], [ -47.767580370700003, -14.642407763 ], [ -47.770855062499997, -14.6405591386 ], [ -47.771159246499998, -14.647781784699999 ], [ -47.7761312254, -14.652992387199999 ], [ -47.775991538200003, -14.66512691 ], [ -47.780797088500002, -14.6681608522 ], [ -47.778182483899997, -14.6781876024 ], [ -47.7802988607, -14.681831534 ], [ -47.790778636, -14.694864962600001 ], [ -47.803270006600002, -14.69137297 ], [ -47.810495540600002, -14.695342227899999 ], [ -47.8200752196, -14.7148938609 ], [ -47.824045236499998, -14.7167426921 ], [ -47.821026326099997, -14.721340250900001 ], [ -47.8254417295, -14.7290628267 ], [ -47.828576674300002, -14.7279248451 ], [ -47.831598971299996, -14.7321242457 ], [ -47.834937465899998, -14.743650756599999 ], [ -47.8503825604, -14.754931535100001 ], [ -47.856960062500001, -14.7647733451 ], [ -47.866099172399998, -14.7728196226 ], [ -47.888959887299997, -14.7779344122 ], [ -47.907271567, -14.798366571400001 ], [ -47.922218659400002, -14.793885533899999 ], [ -47.951160198, -14.8024664024 ], [ -47.989794651700002, -14.8021786277 ], [ -48.003602174100003, -14.809644019 ], [ -48.012575874, -14.822611025600001 ], [ -48.027554402500002, -14.8234218639 ], [ -48.030966183700002, -14.8306159875 ], [ -48.040471827799998, -14.8383361511 ], [ -48.034212912, -14.8472237119 ], [ -48.035748272399999, -14.8513138482 ], [ -48.042635235399999, -14.8580913823 ], [ -48.055051130199999, -14.855706576399999 ], [ -48.059014299399998, -14.858018772 ], [ -48.068576533600002, -14.874523249099999 ], [ -48.068022623, -14.881940221800001 ], [ -48.077186880600003, -14.8946205169 ], [ -48.088207539899997, -14.8856361688 ], [ -48.0904087519, -14.884825430299999 ], [ -48.081359462199998, -14.871863325 ], [ -48.082185154900003, -14.858663465499999 ], [ -48.100909712099998, -14.848200053499999 ], [ -48.114413765400002, -14.849265186 ], [ -48.125739906, -14.8435161162 ], [ -48.139008245299998, -14.845866562399999 ], [ -48.1853261344, -14.848471482700001 ], [ -48.203653453400001, -14.8631527183 ], [ -48.214245019499998, -14.8660845728 ], [ -48.236411345500002, -14.8804656995 ], [ -48.257863788, -14.873728913600001 ], [ -48.291606700199999, -14.896470557900001 ], [ -48.324713345500001, -14.8987371209 ], [ -48.338466316100003, -14.9110187859 ], [ -48.355436501500002, -14.908842267800001 ], [ -48.356720414199998, -14.9179075 ], [ -48.371322234200001, -14.9267657405 ], [ -48.371545324099998, -14.9392628282 ], [ -48.380710296700002, -14.9439800677 ], [ -48.394741009400001, -14.9393263534 ], [ -48.404886843200003, -14.940022967599999 ], [ -48.413052394499999, -14.934903582900001 ], [ -48.422439171100002, -14.9381208181 ], [ -48.430330828899997, -14.948212076300001 ], [ -48.434884054800001, -14.947540415800001 ], [ -48.448303306600003, -14.9568221628 ], [ -48.461520590600003, -14.957049080599999 ], [ -48.4699964239, -14.965555307 ], [ -48.473714098800002, -14.964151704400001 ], [ -48.479327813399998, -14.971549127 ], [ -48.480910634399997, -14.9874023344 ], [ -48.499909182899998, -14.9842078204 ], [ -48.501351720899997, -14.997891368099999 ], [ -48.509635838599998, -15.011878058800001 ], [ -48.521635203300001, -15.017308716500001 ], [ -48.549185489700001, -15.0060013265 ], [ -48.557559412300002, -15.0137959911 ], [ -48.571911630300001, -15.0080185163 ], [ -48.5749954598, -14.993065826200001 ], [ -48.586990733, -14.9972850007 ], [ -48.593354203799997, -14.9915991185 ], [ -48.603576159100001, -14.993450166100001 ], [ -48.605544687799998, -14.9898378617 ], [ -48.610523039100002, -15.0020244211 ], [ -48.6186588797, -15.0050087885 ], [ -48.621131082200002, -15.0021148949 ], [ -48.615882126800003, -14.994500903400001 ], [ -48.614875878699998, -14.9889746321 ], [ -48.617888365, -14.986445461200001 ], [ -48.6269081282, -14.986126244499999 ], [ -48.626605950399998, -14.9970839841 ], [ -48.634410837200001, -14.996754061800001 ], [ -48.632522475400002, -14.9833391817 ], [ -48.649049554400001, -14.977245565300001 ], [ -48.641328102099997, -14.9725066281 ], [ -48.639578749499996, -14.9662453553 ], [ -48.648330202300002, -14.96691812 ], [ -48.649576475499998, -14.958312103900001 ], [ -48.654793660899998, -14.9608728551 ], [ -48.667740840699999, -14.9821195238 ], [ -48.6751860675, -14.9837793657 ], [ -48.674256737, -14.977600127600001 ], [ -48.674957604500001, -14.976487368500001 ], [ -48.697767627799998, -14.980331125599999 ], [ -48.696020047899999, -14.9723491524 ], [ -48.681990024100003, -14.962874146600001 ], [ -48.685546787900002, -14.9574571323 ], [ -48.683798751399998, -14.9510139956 ], [ -48.695271965499998, -14.953322700199999 ], [ -48.704323646299997, -14.9459316299 ], [ -48.719573298199997, -14.950876280299999 ], [ -48.724082468500001, -14.947901504200001 ], [ -48.724575192400003, -14.940653560099999 ], [ -48.748691878599999, -14.938838607399999 ], [ -48.748829985199997, -14.934315145399999 ], [ -48.743209951, -14.936013519599999 ], [ -48.742383761, -14.933291430800001 ], [ -48.749858710399998, -14.9271583843 ], [ -48.739161493099999, -14.921692740899999 ], [ -48.745412953399999, -14.919628813799999 ], [ -48.7463844782, -14.912563519300001 ], [ -48.751962705, -14.9106820271 ], [ -48.751244848600003, -14.904606403600001 ], [ -48.743582559899998, -14.885194927200001 ], [ -48.736244896800002, -14.8822809054 ], [ -48.744380565599997, -14.872699493600001 ], [ -48.750242622400002, -14.8721758091 ], [ -48.749438694, -14.8622037636 ], [ -48.756991495400001, -14.8612419693 ], [ -48.761329706, -14.847031082199999 ], [ -48.745051862899999, -14.842716038800001 ], [ -48.750211364499997, -14.834125956 ], [ -48.740156903399999, -14.8262982471 ], [ -48.742791263100003, -14.8184341942 ], [ -48.739938142699998, -14.8112638166 ], [ -48.726350908500002, -14.810493346499999 ], [ -48.726466175299997, -14.803516699199999 ], [ -48.712716643199997, -14.8006511202 ], [ -48.715131149599998, -14.7972270461 ], [ -48.722298714300003, -14.797615699 ], [ -48.721021187700003, -14.7909062834 ], [ -48.727686197499999, -14.778882428 ], [ -48.7184373857, -14.7637157338 ], [ -48.711637918800001, -14.764054230399999 ], [ -48.721634641500003, -14.753672187299999 ], [ -48.713380110800003, -14.74186889 ], [ -48.718907755700002, -14.735008236300001 ], [ -48.712333375, -14.726114749800001 ], [ -48.723436692299998, -14.7186233094 ], [ -48.731183967200003, -14.708867061599999 ], [ -48.729662507900002, -14.6926507885 ], [ -48.724303718900003, -14.6849289262 ], [ -48.728442454899998, -14.671531287800001 ], [ -48.732601081699997, -14.6775240481 ], [ -48.7378256382, -14.6760959387 ], [ -48.739554856600002, -14.665858976399999 ], [ -48.753132293900002, -14.659203139200001 ], [ -48.758465635699999, -14.6527962953 ], [ -48.760078057500003, -14.647905956600001 ], [ -48.755331020900002, -14.647258239499999 ], [ -48.771437659900002, -14.642324399 ], [ -48.775132356299999, -14.6490437177 ], [ -48.7796068396, -14.6501460285 ], [ -48.774360655499997, -14.6584636694 ], [ -48.781331428900003, -14.6655454074 ], [ -48.797156716499998, -14.6599805706 ], [ -48.802825488899998, -14.660540922499999 ], [ -48.8066389102, -14.6649934166 ], [ -48.814741527800003, -14.6632005224 ], [ -48.819101117899997, -14.6680126526 ], [ -48.817772394400002, -14.676074595699999 ], [ -48.8238044398, -14.6833410114 ], [ -48.836742221500003, -14.6820258812 ], [ -48.842871583899999, -14.6890546439 ], [ -48.848440813899998, -14.6861374719 ], [ -48.861103526100003, -14.687525734599999 ], [ -48.875493427199999, -14.694095713599999 ], [ -48.884078380299997, -14.688409633799999 ], [ -48.880662485800002, -14.685947929 ], [ -48.880939351499997, -14.6796126799 ], [ -48.896019229399997, -14.6768451452 ], [ -48.905907169099997, -14.670533434199999 ], [ -48.924217899399999, -14.679363970800001 ], [ -48.937269699200002, -14.676404421200001 ], [ -48.949831409799998, -14.680604903400001 ], [ -48.957750264399998, -14.674289358299999 ], [ -48.949971881400003, -14.6607616182 ], [ -48.959359350299998, -14.660334988400001 ], [ -48.965406565099997, -14.664698082499999 ], [ -48.965800594500003, -14.6572647285 ], [ -48.9702723714, -14.6532934063 ], [ -48.966386805399999, -14.645038198 ], [ -48.981823804299999, -14.6460720646 ], [ -48.987052239699999, -14.643545125 ], [ -48.984712577700002, -14.638199355 ], [ -48.990805125100003, -14.629958348300001 ], [ -48.989607904800003, -14.6218114176 ], [ -48.975748401200001, -14.6242244684 ], [ -48.975572292099997, -14.619934937 ], [ -48.983603684, -14.5959733575 ], [ -48.992576602699998, -14.5846697333 ], [ -48.996104772499997, -14.5842235192 ], [ -48.999826883, -14.591573992800001 ], [ -48.9969366698, -14.5953658073 ], [ -48.991997767199997, -14.5926390572 ], [ -48.991717494600003, -14.596443305599999 ], [ -49.001304774399998, -14.598051484 ], [ -49.009551573, -14.595886181699999 ], [ -49.006463972600002, -14.5813078672 ], [ -49.010970548899998, -14.575342386 ], [ -49.017632879499999, -14.580384328 ], [ -49.015296862100001, -14.5852268956 ], [ -49.025325936500003, -14.5859164644 ], [ -49.038683156300003, -14.5767066923 ], [ -49.044327975500003, -14.589526816899999 ] ] ] } },
{ "type": "Feature", "properties": { "Mesorregiao": "Sul Goiano", "id": "5200134", "name": "Acreúna", "description": "Acreúna", "Cod_Munic_Comp": "5200134", "Cod_UF": 52, "UF": "Goiás", "Cod_Regiao_Intermediaria": 5204, "Regiao_Intermediaria": "São Luís de Montes Belos - Iporá", "Cod_Regiao_Imediata": 520015, "Regiao_Imediata": "Palmeiras de Goiás", "Cod_Mesorregiao": 5, "Cod_Microrregiao": 14, "Microrregiao": "Vale do Rio dos Bois", "Municipio": "Acreúna", "Regiao_Planejamento": "Região Sudoeste Goiano", "latitude": "-17,39815622", "longitude": "-50,37497337", "COD_MUNIC_6": 520013, "AREA": 1566742, "COD_MUNIC_4": 9645, "RIDE": 0, "REGIONAL_IEL": "Sul", "Capital": 0, "MACROREGIAO": "Centro-Oeste", "area_km2": 123015.16779353766 }, "geometry": { "type": "MultiPolygon", "coordinates": [ [ [ [ -51.1800221572, -19.283077969099999 ], [ -51.1874712794, -19.268093499199999 ], [ -51.200384461600002, -19.264459351599999 ], [ -51.202493359199998, -19.260777680299999 ], [ -51.207217067, -19.2655348541 ], [ -51.215907497099998, -19.258519140800001 ], [ -51.223797898699999, -19.257727385199999 ], [ -51.228385219700002, -19.264007307100002 ], [ -51.240463884299999, -19.268602386800001 ], [ -51.246267087900002, -19.265773640799999 ], [ -51.251738873400001, -19.2736188023 ], [ -51.2564648679, -19.266974664 ], [ -51.274276027900001, -19.261661994400001 ], [ -51.278470398, -19.249682222299999 ], [ -51.285658828800003, -19.252191569 ], [ -51.289637914799997, -19.2456607389 ], [ -51.297220841600002, -19.242090217400001 ], [ -51.297491686599997, -19.238330416299998 ], [ -51.307436159399998, -19.2374839579 ], [ -51.302937255300002, -19.222965477700001 ], [ -51.307334134900003, -19.218073941499998 ], [ -51.311890148499998, -19.2185252825 ], [ -51.335186678399999, -19.221805079199999 ], [ -51.343520295499999, -19.213466667399999 ], [ -51.3677608263, -19.221242067399999 ], [ -51.364080270700001, -19.212462576 ], [ -51.370024018, -19.2074642569 ], [ -51.369524085, -19.2002107486 ], [ -51.374634304, -19.194182994199998 ], [ -51.395073171900002, -19.195628631600002 ], [ -51.399222951799999, -19.190559509500002 ], [ -51.405048107, -19.185419166399999 ], [ -51.4060259333, -19.185035811599999 ], [ -51.4098817928, -19.182180964899999 ], [ -51.411132476699997, -19.179913064800001 ], [ -51.405522240899998, -19.175186138699999 ], [ -51.411133038899997, -19.171968769 ], [ -51.416191744099997, -19.1738371679 ], [ -51.419996048900003, -19.166080769499999 ], [ -51.424448243100002, -19.165062715200001 ], [ -51.430075737800003, -19.170591803200001 ], [ -51.437606611900001, -19.171239471100002 ], [ -51.442332237199999, -19.168154960799999 ], [ -51.444425687699997, -19.1601520468 ], [ -51.447518948, -19.1599982328 ], [ -51.456573910499998, -19.162537503 ], [ -51.457768911199999, -19.167131553499999 ], [ -51.472689755600001, -19.153841145200001 ], [ -51.476942659099997, -19.153629636 ], [ -51.480936288599999, -19.159219736099999 ], [ -51.493444456, -19.162539326699999 ], [ -51.499964947899997, -19.157673147499999 ], [ -51.500996508900002, -19.147324052199998 ], [ -51.510993917100002, -19.150610077300001 ], [ -51.518676116199998, -19.145865366900001 ], [ -51.526966145, -19.139150588900002 ], [ -51.539296880400002, -19.142856409 ], [ -51.547523717200001, -19.141315151 ], [ -51.554105979600003, -19.132019684599999 ], [ -51.575749379299999, -19.132110112700001 ], [ -51.576190655700003, -19.126103590900001 ], [ -51.579189346100002, -19.1302316176 ], [ -51.592022886400002, -19.1269595196 ], [ -51.596303751500002, -19.135853510899999 ], [ -51.608718384, -19.140420755400001 ], [ -51.613159765699997, -19.136317551 ], [ -51.623409155700003, -19.137578671299998 ], [ -51.639160343100002, -19.126974185 ], [ -51.642028800299997, -19.129405137700001 ], [ -51.657471018099997, -19.137463831 ], [ -51.682661910199997, -19.1210528686 ], [ -51.692744055, -19.117759612899999 ], [ -51.699491274400003, -19.119223521599999 ], [ -51.709296655800003, -19.111977819900002 ], [ -51.710823328399997, -19.1080252782 ], [ -51.705385316799997, -19.106207967500001 ], [ -51.712691623700003, -19.102376937399999 ], [ -51.716189916300003, -19.1070238336 ], [ -51.728220641699998, -19.1077720404 ], [ -51.731159056300001, -19.0985975366 ], [ -51.739888377200003, -19.1004084361 ], [ -51.742280851499999, -19.098071416100002 ], [ -51.742314623399999, -19.0980339105 ], [ -51.747434418499999, -19.0918452666 ], [ -51.741384368, -19.089618882500002 ], [ -51.742062333900002, -19.087348416200001 ], [ -51.760162298300003, -19.088171344 ], [ -51.775609309799997, -19.076601314600001 ], [ -51.780720474699997, -19.080754628200001 ], [ -51.790854143600001, -19.077675612299998 ], [ -51.789083540699998, -19.0735436603 ], [ -51.797444942600002, -19.072296576500001 ], [ -51.795938183, -19.066167071 ], [ -51.817885177, -19.053129323299999 ], [ -51.840834676299998, -19.056685576700001 ], [ -51.8434070494, -19.052174091 ], [ -51.835135339600001, -19.0455178345 ], [ -51.842279792100001, -19.0418471889 ], [ -51.850411980700002, -19.043928345299999 ], [ -51.848301095399997, -19.046422851100001 ], [ -51.854468752899997, -19.051019907699999 ], [ -51.870666072100001, -19.0350769428 ], [ -51.871584015, -19.0295418611 ], [ -51.875054124400002, -19.0301506116 ], [ -51.882276873599999, -19.019426530899999 ], [ -51.890745956, -19.016519301799999 ], [ -51.888910363199997, -19.007898081 ], [ -51.8983275167, -18.993730077799999 ], [ -51.907026192899998, -18.993750050199999 ], [ -51.914272621499997, -18.9831763362 ], [ -51.925159323499997, -18.9838493787 ], [ -51.926070916699999, -18.9751913974 ], [ -51.933191112700001, -18.975066879700002 ], [ -51.939950855, -18.9674129512 ], [ -51.945574362499997, -18.974705244900001 ], [ -51.951825086100001, -18.974465625600001 ], [ -51.951024956, -18.980254608599999 ], [ -51.9573887962, -18.977841764400001 ], [ -51.962834944299999, -18.9680956467 ], [ -51.964861853099997, -18.970094478099998 ], [ -51.967801116, -18.966243112699999 ], [ -51.966551123499997, -18.974878815099999 ], [ -51.969224473600001, -18.976832329299999 ], [ -51.972522054899997, -18.9742146472 ], [ -51.977718498100003, -18.980356470299999 ], [ -51.980909929900001, -18.970780159 ], [ -51.995469135599997, -18.972970768500002 ], [ -51.9984162895, -18.967290437300001 ], [ -52.004108879500002, -18.968514843099999 ], [ -52.007716399499998, -18.9765901128 ], [ -52.015113764699997, -18.9823248374 ], [ -52.0201969031, -18.978838655 ], [ -52.013970263099999, -18.972956852700001 ], [ -52.019383407100001, -18.967235720200001 ], [ -52.018161451099999, -18.9630418705 ], [ -52.025026942700002, -18.963124158199999 ], [ -52.034689753499997, -18.957710494099999 ], [ -52.036780897200003, -18.960936440299999 ], [ -52.0411878679, -18.959960864199999 ], [ -52.0447483676, -18.9500538048 ], [ -52.049440464299998, -18.950904153 ], [ -52.056161753, -18.945932373400002 ], [ -52.066412058, -18.952886023200001 ], [ -52.080882177, -18.950452798400001 ], [ -52.087993217600001, -18.941437434200001 ], [ -52.092660270700001, -18.941648001 ], [ -52.088472797900003, -18.9351727721 ], [ -52.0954940767, -18.935566412 ], [ -52.103909438899997, -18.927606673300001 ], [ -52.106552519799997, -18.923056237699999 ], [ -52.102412285100002, -18.921551095800002 ], [ -52.104468313200002, -18.917616866100001 ], [ -52.108521610700002, -18.918488957099999 ], [ -52.1057455025, -18.905449055199998 ], [ -52.111225631099998, -18.898845927899998 ], [ -52.112971312, -18.901718111600001 ], [ -52.131029526100001, -18.897274298399999 ], [ -52.136972578699996, -18.889463089 ], [ -52.147578121400002, -18.893469233200001 ], [ -52.156693454, -18.8879789989 ], [ -52.154642120799998, -18.8821069464 ], [ -52.161192901600003, -18.8781983981 ], [ -52.158996478600002, -18.8760454976 ], [ -52.164775594600002, -18.876208227700001 ], [ -52.165522319, -18.865063849399998 ], [ -52.171964294600002, -18.861649550500001 ], [ -52.175690640399999, -18.8542268693 ], [ -52.179104429100001, -18.8550721125 ], [ -52.180990436800002, -18.847462424100001 ], [ -52.186498023200002, -18.845428229300001 ], [ -52.198829037899998, -18.850329525900001 ], [ -52.202524106299997, -18.847398639600002 ], [ -52.207471312099997, -18.849677768399999 ], [ -52.209380648500002, -18.845734369 ], [ -52.2188350395, -18.842101601100001 ], [ -52.250995333399999, -18.839126135800001 ], [ -52.263278044300002, -18.827356307900001 ], [ -52.2643035611, -18.830234068399999 ], [ -52.279950968599998, -18.828986465 ], [ -52.294470409299997, -18.828826296399999 ], [ -52.298246744700002, -18.836168698400002 ], [ -52.308549741599997, -18.839262571300001 ], [ -52.320858602500003, -18.830565807599999 ], [ -52.333637200200002, -18.827789552199999 ], [ -52.337476328199998, -18.821492955899998 ], [ -52.343904310200003, -18.8219709802 ], [ -52.346307585300003, -18.814885633900001 ], [ -52.353969724, -18.812235869799999 ], [ -52.350493470499998, -18.809721589399999 ], [ -52.353551366, -18.799752793100001 ], [ -52.369307179800003, -18.798796442800001 ], [ -52.367240474399999, -18.793444492700001 ], [ -52.374748417900001, -18.791204264499999 ], [ -52.375777579100003, -18.7867598568 ], [ -52.378943725399999, -18.787176602900001 ], [ -52.3778873, -18.783480833900001 ], [ -52.398942777199998, -18.7646575379 ], [ -52.397279573900001, -18.757991631100001 ], [ -52.409355892900003, -18.754530860799999 ], [ -52.411440298899997, -18.7455278959 ], [ -52.4121141575, -18.739790470500001 ], [ -52.425911255700001, -18.730459935500001 ], [ -52.4335496522, -18.719530689599999 ], [ -52.438497560400002, -18.7051466482 ], [ -52.448634453799997, -18.690512741399999 ], [ -52.475030616799998, -18.685100481799999 ], [ -52.500297083699998, -18.674826167500001 ], [ -52.521308721099999, -18.668867314900002 ], [ -52.522060215, -18.6641856432 ], [ -52.530771339399998, -18.657571193 ], [ -52.552551177799998, -18.656537119199999 ], [ -52.555080039700002, -18.661236092500001 ], [ -52.566361005499999, -18.664457538800001 ], [ -52.586028512, -18.6804760771 ], [ -52.5923826589, -18.6894403762 ], [ -52.622137431699997, -18.6887110021 ], [ -52.633196864399999, -18.695105437300001 ], [ -52.642884836100002, -18.687985141199999 ], [ -52.6750011966, -18.678515624500001 ], [ -52.689766729, -18.680591029799999 ], [ -52.719540498500002, -18.691312143299999 ], [ -52.730809083399997, -18.688465761100002 ], [ -52.746996237600001, -18.691574266 ], [ -52.765420194299999, -18.680711765800002 ], [ -52.786245079, -18.680846657299998 ], [ -52.808945514400001, -18.666529647200001 ], [ -52.827167053799997, -18.671441638899999 ], [ -52.836301951300001, -18.6664581217 ], [ -52.846025779800001, -18.666673472700001 ], [ -52.8481388362, -18.661164627600002 ], [ -52.872970143, -18.645742361100002 ], [ -52.912280004300001, -18.641529599799998 ], [ -52.917803408399998, -18.637495668 ], [ -52.913834835599999, -18.619369561199999 ], [ -52.920638489200002, -18.6129509117 ], [ -52.9393835009, -18.6128126244 ], [ -52.933966157699999, -18.598662291 ], [ -52.941050713700001, -18.585467702399999 ], [ -52.951329101900001, -18.576221826 ], [ -52.953140488700001, -18.5619385834 ], [ -52.9644396, -18.549579245099999 ], [ -52.961863834600003, -18.5403701199 ], [ -52.944799902299998, -18.519297644200002 ], [ -52.915273362100002, -18.508453346100001 ], [ -52.909570196200001, -18.491295412900001 ], [ -52.898608350300002, -18.476383209200002 ], [ -52.880470561899998, -18.4650432824 ], [ -52.878667096, -18.442420786 ], [ -52.872807096599999, -18.426342250400001 ], [ -52.850944163500003, -18.421822050900001 ], [ -52.837999683200003, -18.423183195 ], [ -52.798026576300003, -18.414411854899999 ], [ -52.785581917400002, -18.3898596913 ], [ -52.761415953300002, -18.370861216800002 ], [ -52.758615691599999, -18.350119605100002 ], [ -52.761454256699999, -18.343994751 ], [ -52.762681147499997, -18.3422972915 ], [ -52.786977402, -18.320135442200002 ], [ -52.804801344, -18.313005127899999 ], [ -52.820304904700002, -18.310275967300001 ], [ -52.784134736, -18.070927661100001 ], [ -52.784043980600003, -18.070800624 ], [ -52.729108942, -17.994305628399999 ], [ -52.724777777200003, -17.992331441 ], [ -52.715828975800001, -17.975549289100002 ], [ -52.694799348499998, -17.972854414099999 ], [ -52.667974935300002, -17.980675416 ], [ -52.663163617400002, -17.975013852499998 ], [ -52.660940038600003, -17.9606242895 ], [ -52.650641480899999, -17.952145995399999 ], [ -52.642077819900003, -17.951351943599999 ], [ -52.621969249599999, -17.940418729499999 ], [ -52.615110182400002, -17.940947183500001 ], [ -52.601861121799999, -17.930817731299999 ], [ -52.591571292300003, -17.929434622900001 ], [ -52.580579857399997, -17.912821068700001 ], [ -52.542888788699997, -17.904069891500001 ], [ -52.525306852, -17.9051750052 ], [ -52.519325649199999, -17.910585314399999 ], [ -52.499528813300003, -17.915719573899999 ], [ -52.481602987199999, -17.901507023699999 ], [ -52.470535515, -17.883789954400001 ], [ -52.441744291100001, -17.870732327799999 ], [ -52.438137439599998, -17.8732686717 ], [ -52.436803143200002, -17.870468786899998 ], [ -52.427359413300003, -17.870290807500002 ], [ -52.422610381299997, -17.8620520166 ], [ -52.402083896199997, -17.8489219129 ], [ -52.394785472599999, -17.830050596 ], [ -52.388999181700001, -17.829799759299998 ], [ -52.384121676100001, -17.824284164400002 ], [ -52.383999506800002, -17.838143082199998 ], [ -52.380493982200001, -17.8355109751 ], [ -52.377361178800001, -17.837879414300001 ], [ -52.371965543100004, -17.830535632699998 ], [ -52.370362889900001, -17.8386078634 ], [ -52.372915004299998, -17.842223937 ], [ -52.366968133699999, -17.842678300700001 ], [ -52.365361597400003, -17.839872126100001 ], [ -52.3598612567, -17.8427732008 ], [ -52.359778359300002, -17.8550101067 ], [ -52.355967442599997, -17.851836686799999 ], [ -52.350215927, -17.8542918584 ], [ -52.350414449699997, -17.848211339799999 ], [ -52.339884123, -17.844269031 ], [ -52.313694503199997, -17.8302763658 ], [ -52.297410540500003, -17.8383460728 ], [ -52.284528946899997, -17.835894141600001 ], [ -52.261549070299999, -17.8435025876 ], [ -52.249262759399997, -17.833633197299999 ], [ -52.246968327200001, -17.8258318243 ], [ -52.236386154500003, -17.816487321699999 ], [ -52.222941831100002, -17.8122300522 ], [ -52.2252163263, -17.803434932199998 ], [ -52.2429128048, -17.804172647400001 ], [ -52.256915126700001, -17.797097754399999 ], [ -52.266587350599998, -17.796744693699999 ], [ -52.274800306700001, -17.789038127200001 ], [ -52.2713876814, -17.783968276 ], [ -52.274609347499997, -17.774449118100001 ], [ -52.230251666299999, -17.776890422899999 ], [ -52.218805161699997, -17.759568807899999 ], [ -52.219941954799999, -17.753229881500001 ], [ -52.235667464599999, -17.743084812300001 ], [ -52.2431410019, -17.7270400984 ], [ -52.230472488, -17.714984647800001 ], [ -52.235940551299997, -17.701486174900001 ], [ -52.2116645654, -17.681710673800001 ], [ -52.221026333600001, -17.669848335200001 ], [ -52.230156777099999, -17.665027237299999 ], [ -52.2315254974, -17.663850946299998 ], [ -52.240882712400001, -17.658617679799999 ], [ -52.254424417499997, -17.637873548200002 ], [ -52.263586666, -17.6373311973 ], [ -52.280224243699998, -17.625009166400002 ], [ -52.302996245700001, -17.618939771 ], [ -52.3059732141, -17.585363163899999 ], [ -52.301382290500001, -17.568823924099998 ], [ -52.315554379799998, -17.5510567798 ], [ -52.327454377199999, -17.543179412299999 ], [ -52.330394956399999, -17.536181623299999 ], [ -52.342304041699997, -17.525045351500001 ], [ -52.363083711900003, -17.523772710900001 ], [ -52.370441657299999, -17.517883624700001 ], [ -52.369971041399999, -17.501391058100001 ], [ -52.378828241500003, -17.4859999496 ], [ -52.375995556600003, -17.473843499400001 ], [ -52.365723268300002, -17.4718724817 ], [ -52.365327618599999, -17.463352535199999 ], [ -52.353557029699999, -17.4484071127 ], [ -52.355857429099999, -17.443617251500001 ], [ -52.352002849599998, -17.430271605800002 ], [ -52.367364371699999, -17.4219598665 ], [ -52.369030988399999, -17.4161683152 ], [ -52.374606725100001, -17.412772434899999 ], [ -52.386580462300003, -17.413771079499998 ], [ -52.399893222300001, -17.421089043 ], [ -52.405807629100003, -17.418532302900001 ], [ -52.419939448800001, -17.426067822899999 ], [ -52.429389437700003, -17.422372238 ], [ -52.436915488799997, -17.4248304728 ], [ -52.443997813899998, -17.422247399300002 ], [ -52.451774620400002, -17.416419449799999 ], [ -52.453446386099998, -17.4089080862 ], [ -52.460824431799999, -17.405073786799999 ], [ -52.479970042300003, -17.4090026067 ], [ -52.484885179, -17.396176193300001 ], [ -52.49716038, -17.393270920700001 ], [ -52.510811670300001, -17.376445287700001 ], [ -52.5239412719, -17.3735581579 ], [ -52.528044044799998, -17.369552422600002 ], [ -52.515077343800002, -17.3514445944 ], [ -52.504805553499999, -17.343099258100001 ], [ -52.494285273599999, -17.337992631900001 ], [ -52.484942294100001, -17.338642992800001 ], [ -52.481327285399999, -17.3274761413 ], [ -52.473471666, -17.3218087821 ], [ -52.454156312599999, -17.3271057519 ], [ -52.429136798099996, -17.321663098199998 ], [ -52.399417412600002, -17.3337684159 ], [ -52.377967008699997, -17.327352516099999 ], [ -52.373773950599997, -17.331310934 ], [ -52.362359962, -17.330497152 ], [ -52.357444197299998, -17.3332642178 ], [ -52.328962665299997, -17.332605919700001 ], [ -52.315663864500003, -17.3430858933 ], [ -52.305668550900002, -17.342744132899998 ], [ -52.303748763199998, -17.346989324199999 ], [ -52.295662730700002, -17.342117269799999 ], [ -52.2929113613, -17.354963914300001 ], [ -52.2873359835, -17.357545556 ], [ -52.289069728800001, -17.362250836400001 ], [ -52.283414087099999, -17.362407410100001 ], [ -52.286964786399999, -17.3648864908 ], [ -52.288110771299998, -17.374316925500001 ], [ -52.282759908499997, -17.3736378716 ], [ -52.278610638700002, -17.3820310264 ], [ -52.270580077600002, -17.386195958399998 ], [ -52.272411632599997, -17.389681057699999 ], [ -52.262743413, -17.400681414899999 ], [ -52.260633888699999, -17.397838707399998 ], [ -52.248315502099999, -17.400096511 ], [ -52.245197672300002, -17.395440208 ], [ -52.242136441299998, -17.397679420199999 ], [ -52.239082259600004, -17.391407767899999 ], [ -52.2323063949, -17.389537901 ], [ -52.229636493299999, -17.3928651226 ], [ -52.225023218399997, -17.391201130700001 ], [ -52.226605065400001, -17.394926419600001 ], [ -52.218054550700003, -17.401380391899998 ], [ -52.220077203300001, -17.404480133700002 ], [ -52.211226177500002, -17.4057630195 ], [ -52.218747239499997, -17.4163362211 ], [ -52.205020537400003, -17.422380134499999 ], [ -52.200996892100001, -17.428694165700001 ], [ -52.203914920899997, -17.430617165200001 ], [ -52.199668246800002, -17.430950065 ], [ -52.1945801245, -17.439691995499999 ], [ -52.186715914499999, -17.430752281699998 ], [ -52.178476659700003, -17.4352083896 ], [ -52.172831408100002, -17.431719240900001 ], [ -52.1716351038, -17.438227362300001 ], [ -52.161482697499999, -17.437191948 ], [ -52.154497174699998, -17.425940782800001 ], [ -52.1446899488, -17.422957848 ], [ -52.133720978900001, -17.42512242 ], [ -52.131720049400002, -17.416586923800001 ], [ -52.125774637399999, -17.416087705599999 ], [ -52.124638179100003, -17.418614885299998 ], [ -52.113749923500002, -17.411178652499999 ], [ -52.1068812416, -17.417363373699999 ], [ -52.107711745800003, -17.411391523900001 ], [ -52.100356929900002, -17.410407660600001 ], [ -52.0982745779, -17.400530024599998 ], [ -52.105633944, -17.3921700191 ], [ -52.104440381800003, -17.387716117299998 ], [ -52.108113129800003, -17.387748222300001 ], [ -52.105638594, -17.380747055400001 ], [ -52.114324548900001, -17.379826702900001 ], [ -52.118501355299998, -17.368178353600001 ], [ -52.127217539699998, -17.366532430900001 ], [ -52.137106257, -17.355831089900001 ], [ -52.145138041599999, -17.355453218499999 ], [ -52.146087422500003, -17.347217001200001 ], [ -52.152354347299998, -17.340104670100001 ], [ -52.151464870399998, -17.325670107800001 ], [ -52.1574933355, -17.316329899300001 ], [ -52.168835631299999, -17.314146962199999 ], [ -52.173725344600001, -17.3073960137 ], [ -52.198833562300003, -17.314866657700001 ], [ -52.203697823299997, -17.320982469400001 ], [ -52.244640728199997, -17.316149044 ], [ -52.258700872600002, -17.325416717700001 ], [ -52.276890200700002, -17.320311772299998 ], [ -52.289952974800002, -17.302852224599999 ], [ -52.311518242600002, -17.3086286407 ], [ -52.316529252899997, -17.296532122599999 ], [ -52.326749506699997, -17.2932557229 ], [ -52.337077178400001, -17.2985018139 ], [ -52.336367953699998, -17.304568469500001 ], [ -52.344997680699997, -17.306234092 ], [ -52.350327432699999, -17.302864605900002 ], [ -52.352081559699997, -17.2951742674 ], [ -52.368943669, -17.288146452199999 ], [ -52.376388108699999, -17.277866227200001 ], [ -52.378051253, -17.2690186277 ], [ -52.3922038539, -17.257587644200001 ], [ -52.408915344699999, -17.263690344899999 ], [ -52.416055567699999, -17.281367013499999 ], [ -52.445161075800002, -17.286441518099998 ], [ -52.448023562800003, -17.2591038837 ], [ -52.460718608699999, -17.251131426699999 ], [ -52.466166681799997, -17.251986921 ], [ -52.467635560200002, -17.245835805900001 ], [ -52.477641927900002, -17.244909107 ], [ -52.486472274500002, -17.261914526399998 ], [ -52.492698321600002, -17.2610580009 ], [ -52.4978576, -17.250941610800002 ], [ -52.497334922699999, -17.232907622900001 ], [ -52.510752635, -17.2059249765 ], [ -52.501272992200001, -17.164326534600001 ], [ -52.505691978400002, -17.159354875599998 ], [ -52.507971089400002, -17.137610684599998 ], [ -52.515051941199999, -17.1369735494 ], [ -52.517609976700001, -17.130823492200001 ], [ -52.510523913100002, -17.126010034499998 ], [ -52.518277743600002, -17.119130289299999 ], [ -52.518669440099998, -17.1098893928 ], [ -52.523539038300001, -17.106758768199999 ], [ -52.520551992500003, -17.100203191199999 ], [ -52.5313887143, -17.097310034700001 ], [ -52.533082747100003, -17.0895156771 ], [ -52.537213021500001, -17.091206749099999 ], [ -52.542968532899998, -17.083265379899998 ], [ -52.550800102, -17.082460595800001 ], [ -52.550015992600002, -17.080464930400002 ], [ -52.544383048900002, -17.075206899699999 ], [ -52.544579218400003, -17.0646898028 ], [ -52.5651410109, -17.0576382663 ], [ -52.569665468399997, -17.049577961200001 ], [ -52.576526372499998, -17.051215137700002 ], [ -52.573887230399997, -17.0486753745 ], [ -52.576444896799998, -17.0456011287 ], [ -52.584168273, -17.046957717600002 ], [ -52.585584131899999, -17.039805763699999 ], [ -52.590276436099998, -17.042879059499999 ], [ -52.596136654200002, -17.039262813899999 ], [ -52.598941102600001, -17.046239847399999 ], [ -52.604217940600002, -17.04515418 ], [ -52.612058955599998, -17.028939161099999 ], [ -52.620051457700001, -17.0250458151 ], [ -52.6141426501, -17.020334338 ], [ -52.619302213, -17.018606031400001 ], [ -52.6230831313, -17.021603735900001 ], [ -52.632305516300001, -17.0068325262 ], [ -52.6373048783, -17.009649343 ], [ -52.635969147200001, -17.0047531357 ], [ -52.641525502100002, -17.002217452299998 ], [ -52.637364648099997, -16.997614959500002 ], [ -52.6339974885, -17.0022186 ], [ -52.627774531100002, -16.999167634599999 ], [ -52.627383283, -16.992280384499999 ], [ -52.613552819200002, -16.989313145099999 ], [ -52.610249631599999, -16.9738249575 ], [ -52.618220816200001, -16.964945646699999 ], [ -52.629998622, -16.970543780500002 ], [ -52.6303576237, -16.964024708899998 ], [ -52.639386127900003, -16.9641925994 ], [ -52.641387468700003, -16.966999185900001 ], [ -52.652666256099998, -16.965265389799999 ], [ -52.652191890700003, -16.962002845899999 ], [ -52.658027351500003, -16.9651670117 ], [ -52.658773802399999, -16.9619929011 ], [ -52.667805057700001, -16.962158644599999 ], [ -52.668586918499997, -16.968324862500001 ], [ -52.680686504699999, -16.967752107 ], [ -52.687107503100002, -16.963767089 ], [ -52.693614073699997, -16.968006926299999 ], [ -52.7079732439, -16.959109507400001 ], [ -52.712298191199999, -16.962090058800001 ], [ -52.714838270400001, -16.959008296099999 ], [ -52.721362662300002, -16.964706391299998 ], [ -52.728195648400003, -16.952650648900001 ], [ -52.732807298, -16.959248007900001 ], [ -52.7340306205, -16.9558940105 ], [ -52.742778924900001, -16.960591604499999 ], [ -52.746635819799998, -16.950984935099999 ], [ -52.752277854399999, -16.951066460500002 ], [ -52.745949066800002, -16.942838248499999 ], [ -52.761670468299997, -16.937550665500002 ], [ -52.765858624099998, -16.9300342427 ], [ -52.776860899299997, -16.9227636506 ], [ -52.778058241799997, -16.916431471100001 ], [ -52.784085638800001, -16.913056942299999 ], [ -52.786872491899999, -16.906173093900001 ], [ -52.791970532900002, -16.907159976 ], [ -52.793467835199998, -16.903445768200001 ], [ -52.800999982199997, -16.9058741789 ], [ -52.808216534899998, -16.899701589799999 ], [ -52.815257061, -16.900598904399999 ], [ -52.813111751699999, -16.896340326499999 ], [ -52.8241070503, -16.8939644632 ], [ -52.820885168700002, -16.886820512 ], [ -52.828195250699999, -16.879100973700002 ], [ -52.822749132299997, -16.8753096457 ], [ -52.821774699700001, -16.8644546164 ], [ -52.816218924700003, -16.866001846500001 ], [ -52.815196426299998, -16.862925149199999 ], [ -52.821110044, -16.859649906 ], [ -52.829079792500004, -16.8468675218 ], [ -52.822860018199997, -16.843444043600002 ], [ -52.822998560199999, -16.829223711499999 ], [ -52.827058385599997, -16.827855613600001 ], [ -52.820641224600003, -16.821710699400001 ], [ -52.826542999600001, -16.820433566 ], [ -52.828532256099997, -16.810924372599999 ], [ -52.829938536699999, -16.816895137 ], [ -52.835946052700002, -16.815166597600001 ], [ -52.832278263500001, -16.8091017295 ], [ -52.8354384059, -16.804113620700001 ], [ -52.830267222400003, -16.801846447700001 ], [ -52.828189250400001, -16.796347978899998 ], [ -52.832303388100001, -16.7832080688 ], [ -52.8252208372, -16.775793842700001 ], [ -52.831885684900001, -16.771892671900002 ], [ -52.828613711199999, -16.768726478400001 ], [ -52.829801338099998, -16.759957082100001 ], [ -52.822837147, -16.7576922553 ], [ -52.806921794899999, -16.740977386299999 ], [ -52.799976742399998, -16.747786166 ], [ -52.796531574600003, -16.746059499499999 ], [ -52.792087553099996, -16.739292041799999 ], [ -52.785498595, -16.740746785300001 ], [ -52.788475352, -16.720099792199999 ], [ -52.779224913699998, -16.7075317784 ], [ -52.761272032, -16.705843123499999 ], [ -52.759386929, -16.702858611700002 ], [ -52.763333729300001, -16.696699098900002 ], [ -52.762250960499998, -16.681672028400001 ], [ -52.7547216285, -16.671815549400002 ], [ -52.768724873799997, -16.671969689600001 ], [ -52.770775694699999, -16.668069950500001 ], [ -52.754333737700001, -16.662216880399999 ], [ -52.746056908100002, -16.654893409900001 ], [ -52.739945738400003, -16.6563578879 ], [ -52.747523217500003, -16.638414497199999 ], [ -52.746384816599999, -16.630266726199999 ], [ -52.738780576099998, -16.629552145 ], [ -52.732299750899998, -16.634183457199999 ], [ -52.724056372600003, -16.646330220799999 ], [ -52.715220152400001, -16.638822402500001 ], [ -52.725609094799999, -16.614186528400001 ], [ -52.7371382623, -16.612527706200002 ], [ -52.740610803300001, -16.608901582 ], [ -52.740336942699997, -16.603468437099998 ], [ -52.730638381299997, -16.597601268399998 ], [ -52.739833509699999, -16.589977006800002 ], [ -52.732895411, -16.5850897362 ], [ -52.7244138804, -16.586385873600001 ], [ -52.7075584484, -16.598903766900001 ], [ -52.7032231154, -16.5952901701 ], [ -52.707498576600003, -16.575458414 ], [ -52.705411792, -16.570837042800001 ], [ -52.699977717599999, -16.570757133600001 ], [ -52.689776318699998, -16.583812817399998 ], [ -52.675025614900001, -16.584549720199998 ], [ -52.670219203599999, -16.581575730400001 ], [ -52.673418969, -16.5686211734 ], [ -52.659691573099998, -16.569906530699999 ], [ -52.669832453399998, -16.558750095200001 ], [ -52.668140947799998, -16.5500664325 ], [ -52.662224372899999, -16.550614892199999 ], [ -52.650776857300002, -16.5610406817 ], [ -52.6502770325, -16.548180004199999 ], [ -52.646529607, -16.545472575800002 ], [ -52.635275847199999, -16.551191054499999 ], [ -52.634213166899997, -16.537513644699999 ], [ -52.625669224100001, -16.533004649799999 ], [ -52.626120160200003, -16.5205080032 ], [ -52.628949094399999, -16.5173330185 ], [ -52.610050097299997, -16.5123749292 ], [ -52.607460670199998, -16.517912745699999 ], [ -52.599111196199999, -16.532754065500001 ], [ -52.590755841499998, -16.534669057799999 ], [ -52.5880319344, -16.532682145399999 ], [ -52.589697058, -16.523983714700002 ], [ -52.564084151899998, -16.5175749096 ], [ -52.5706470314, -16.5297967604 ], [ -52.580336458300003, -16.5359436229 ], [ -52.562862922699999, -16.547281765299999 ], [ -52.550748899600002, -16.543393808400001 ], [ -52.547581187399999, -16.551546515399998 ], [ -52.5369555973, -16.549069263100002 ], [ -52.515638691900001, -16.548033369300001 ], [ -52.511052789, -16.5400699809 ], [ -52.508134240399997, -16.540709505100001 ], [ -52.504107878600003, -16.550030568099999 ], [ -52.491246005100002, -16.563154169200001 ], [ -52.48185902, -16.561650578 ], [ -52.477966909499997, -16.554962628599998 ], [ -52.464853432699996, -16.559716629499999 ], [ -52.456592788499997, -16.557300604800002 ], [ -52.453467201, -16.552594472700001 ], [ -52.441604832899998, -16.5454808456 ], [ -52.434327211800003, -16.536175200700001 ], [ -52.429188995300002, -16.538908062899999 ], [ -52.429990613900003, -16.5454335288 ], [ -52.416807504600001, -16.542122550399998 ], [ -52.412134866599999, -16.553280303099999 ], [ -52.406690015700001, -16.5544655098 ], [ -52.387138843899997, -16.546376791299998 ], [ -52.374716926799998, -16.5372724596 ], [ -52.364600979, -16.535806861 ], [ -52.348326646899999, -16.5447715034 ], [ -52.339333062500003, -16.544708255900002 ], [ -52.3326891639, -16.5526052843 ], [ -52.335165862300002, -16.5629227702 ], [ -52.330196752, -16.564482782300001 ], [ -52.326827412699998, -16.5739142541 ], [ -52.324078104, -16.5666657413 ], [ -52.3190262452, -16.5670496121 ], [ -52.310939595900003, -16.572142063699999 ], [ -52.309472722, -16.5783096161 ], [ -52.292003019200003, -16.583965318600001 ], [ -52.285726297700002, -16.5820791698 ], [ -52.259253160599997, -16.598213378 ], [ -52.244829382299997, -16.5790115629 ], [ -52.244415160400003, -16.5636136366 ], [ -52.232220977300003, -16.5383600296 ], [ -52.210326242299999, -16.507983818300001 ], [ -52.211605052800003, -16.503174953799999 ], [ -52.193735468100002, -16.4657404039 ], [ -52.181882251200001, -16.465413905599998 ], [ -52.176204278199997, -16.461397497499998 ], [ -52.174581832699999, -16.472947677800001 ], [ -52.170306658199998, -16.477517846600001 ], [ -52.155536543099998, -16.46894932 ], [ -52.137141388099998, -16.472654241499999 ], [ -52.129305405899999, -16.468054723800002 ], [ -52.121359731299997, -16.471863001100001 ], [ -52.110837993399997, -16.47201949 ], [ -52.106085185799998, -16.477687636399999 ], [ -52.097692596599998, -16.472885055 ], [ -52.088305702699998, -16.473154575799999 ], [ -52.074360018100002, -16.485417928499999 ], [ -52.051581295200002, -16.491061691799999 ], [ -52.048695298799998, -16.497901776100001 ], [ -52.0527990179, -16.5050923957 ], [ -52.043550466699998, -16.538158494299999 ], [ -52.04696164, -16.5452289734 ], [ -52.044130565099998, -16.546319702200002 ], [ -52.0294956185, -16.544794746400001 ], [ -52.023862045599998, -16.545988769099999 ], [ -52.021881781099999, -16.550363055599998 ], [ -52.018730887799997, -16.552563999299998 ], [ -52.018247843399998, -16.5588473054 ], [ -52.0145787298, -16.561585144399999 ], [ -52.0155295924, -16.568371595 ], [ -52.0025545548, -16.5678430488 ], [ -52.001998145800002, -16.574637644500001 ], [ -51.995831447800001, -16.5821487246 ], [ -52.001664913200003, -16.5923888421 ], [ -51.987893228600001, -16.601082740700001 ], [ -51.975521740200001, -16.6269951214 ], [ -51.971629043500002, -16.628786032400001 ], [ -51.968827058899997, -16.625347481599999 ], [ -51.960582047199999, -16.624247990899999 ], [ -51.954054593599999, -16.632573085899999 ], [ -51.948332151499997, -16.6331054941 ], [ -51.947018899699998, -16.637424854599999 ], [ -51.938054067499998, -16.6345291182 ], [ -51.935223276899997, -16.6423220906 ], [ -51.927139541, -16.6399476122 ], [ -51.917523090400003, -16.650444990499999 ], [ -51.909166306899998, -16.643071931400002 ], [ -51.908996337700003, -16.636271565400001 ], [ -51.899022679300003, -16.6337126524 ], [ -51.887612809399997, -16.6457437095 ], [ -51.876608292, -16.6467160696 ], [ -51.875244852599998, -16.6555976374 ], [ -51.867580966299997, -16.657737921199999 ], [ -51.837277727100002, -16.644702578299999 ], [ -51.821446742200003, -16.628876889400001 ], [ -51.813909319399997, -16.6314798469 ], [ -51.807223524299999, -16.629648415799998 ], [ -51.796915290199998, -16.619099091799999 ], [ -51.764839916500001, -16.601847213500001 ], [ -51.748632919899997, -16.599446523899999 ], [ -51.747385101100001, -16.606880369399999 ], [ -51.743332816600002, -16.609507631500001 ], [ -51.742916108499998, -16.621103483599999 ], [ -51.720868208, -16.634047962 ], [ -51.717469849499999, -16.633532956100002 ], [ -51.707074262699997, -16.643025645800002 ], [ -51.695635818, -16.639448639800001 ], [ -51.688964223200003, -16.632980343 ], [ -51.681520417, -16.637764581700001 ], [ -51.674385803, -16.6364675869 ], [ -51.675355554100001, -16.6252243908 ], [ -51.683748547100002, -16.620901505 ], [ -51.674353264399997, -16.619415938300001 ], [ -51.671634184200002, -16.613511518599999 ], [ -51.673632091100004, -16.607623756700001 ], [ -51.6686093167, -16.598628783199999 ], [ -51.6578542094, -16.601028289199999 ], [ -51.654217215400003, -16.596760443200001 ], [ -51.638882900600002, -16.597705880300001 ], [ -51.632104418799997, -16.594864876599999 ], [ -51.619692475, -16.598986261099999 ], [ -51.607384891899997, -16.596677145899999 ], [ -51.601804652799999, -16.601913307699999 ], [ -51.592748275300004, -16.60659441 ], [ -51.588426409599997, -16.625905425599999 ], [ -51.580807766600003, -16.6321194533 ], [ -51.580826331499999, -16.647447150400001 ], [ -51.572370272199997, -16.656487997900001 ], [ -51.5684912842, -16.6491161585 ], [ -51.551223990399997, -16.642608969299999 ], [ -51.553970843899997, -16.6352734359 ], [ -51.550413782200003, -16.6324505103 ], [ -51.5509085176, -16.62737105 ], [ -51.541688307299999, -16.623524102200001 ], [ -51.542352666799999, -16.6212574917 ], [ -51.539247554500001, -16.622421652 ], [ -51.5390457986, -16.605010915200001 ], [ -51.5218852474, -16.597050339700001 ], [ -51.523217910900001, -16.592515507 ], [ -51.517974300200002, -16.5893190661 ], [ -51.516687764, -16.582152668799999 ], [ -51.5060566314, -16.579651950300001 ], [ -51.507693919700003, -16.575490175500001 ], [ -51.502524021500001, -16.570118311200002 ], [ -51.506520114899999, -16.562509487 ], [ -51.502889128299998, -16.554152091399999 ], [ -51.508667047700001, -16.5463811899 ], [ -51.505132234900003, -16.537110349700001 ], [ -51.5001645973, -16.535092549 ], [ -51.4961305928, -16.541392545699999 ], [ -51.488591818, -16.541276732 ], [ -51.473489663800002, -16.534445672699999 ], [ -51.470020529599999, -16.528181881 ], [ -51.455720798199998, -16.528512071 ], [ -51.4384397237, -16.516854357100001 ], [ -51.439305034199997, -16.511686987400001 ], [ -51.435073198799998, -16.5063244559 ], [ -51.416744965299998, -16.492841372400001 ], [ -51.421413658399999, -16.489710916700002 ], [ -51.420804388699999, -16.4840885118 ], [ -51.413449167800003, -16.4808992076 ], [ -51.412609155600002, -16.4741905303 ], [ -51.404080004599997, -16.476901058799999 ], [ -51.399583360800001, -16.467777976800001 ], [ -51.380742743399999, -16.465809091099999 ], [ -51.378211907, -16.4647843393 ], [ -51.365915949600002, -16.4675554138 ], [ -51.354973561400001, -16.482905588600001 ], [ -51.348968533399997, -16.476249033 ], [ -51.3441885477, -16.4771084815 ], [ -51.342162761399997, -16.482110575499998 ], [ -51.34788229, -16.491222074300001 ], [ -51.336189251199997, -16.496318980200002 ], [ -51.3370007726, -16.5088801751 ], [ -51.331602746599998, -16.510409359699999 ], [ -51.329942936199998, -16.504328548299998 ], [ -51.322223515399997, -16.5073003332 ], [ -51.326251171700001, -16.512028364799999 ], [ -51.3169990962, -16.521894828200001 ], [ -51.313245701, -16.521792456699998 ], [ -51.310912643800002, -16.5163366735 ], [ -51.305637802200003, -16.518409292899999 ], [ -51.310019441100003, -16.526040135 ], [ -51.302111105599998, -16.5309215899 ], [ -51.297636004600001, -16.550870345100002 ], [ -51.287165145800003, -16.553831046199999 ], [ -51.292608340599998, -16.561927434200001 ], [ -51.307359225200003, -16.564335599100001 ], [ -51.296250663599999, -16.572187830800001 ], [ -51.298662321899997, -16.578995369600001 ], [ -51.2901952128, -16.5816967017 ], [ -51.2912976478, -16.589231161200001 ], [ -51.287409567600001, -16.5985685076 ], [ -51.279300377, -16.601533917200001 ], [ -51.278908662699997, -16.607253244900001 ], [ -51.271520245200001, -16.6147568646 ], [ -51.263746044199998, -16.6124691799 ], [ -51.256194103399999, -16.6162524615 ], [ -51.257855439399997, -16.6272355935 ], [ -51.253584838, -16.6368494721 ], [ -51.260089479500003, -16.647458735499999 ], [ -51.259501877799998, -16.647907774699998 ], [ -51.250991162299997, -16.6504457516 ], [ -51.240882450400001, -16.661117468299999 ], [ -51.241994896199998, -16.665200002300001 ], [ -51.234532383199998, -16.673076331299999 ], [ -51.2282441913, -16.693747048599999 ], [ -51.220684868100001, -16.695225539399999 ], [ -51.218839585200001, -16.6997532048 ], [ -51.2224398388, -16.708602185 ], [ -51.228000373100002, -16.7099847741 ], [ -51.220462966699998, -16.729508882 ], [ -51.214797791199999, -16.737613984100001 ], [ -51.217137718700002, -16.745494642699999 ], [ -51.221466476400003, -16.745348889500001 ], [ -51.219915946900002, -16.7565939769 ], [ -51.226412876300003, -16.7607002763 ], [ -51.225719155500002, -16.770952203899999 ], [ -51.222020092599998, -16.7743959584 ], [ -51.2246375151, -16.783292300599999 ], [ -51.2204655305, -16.791620546899999 ], [ -51.223352762099999, -16.796806770300002 ], [ -51.220523957399998, -16.8013291573 ], [ -51.225212770600002, -16.8038008266 ], [ -51.221135704600002, -16.808860655499998 ], [ -51.223858180500002, -16.813132933399999 ], [ -51.2199933554, -16.813850796400001 ], [ -51.2151054777, -16.808295333899999 ], [ -51.205139659099999, -16.810081275 ], [ -51.196884435400001, -16.825110959100002 ], [ -51.198632532300003, -16.830660202400001 ], [ -51.194385070599999, -16.834452316499998 ], [ -51.1956002477, -16.838337858300001 ], [ -51.188633639499997, -16.839421634099999 ], [ -51.188136858699998, -16.843320795099999 ], [ -51.183168691399999, -16.8394064081 ], [ -51.1811625554, -16.844021441300001 ], [ -51.178906989, -16.841654340600002 ], [ -51.1729663327, -16.846809195599999 ], [ -51.1744414944, -16.849718072 ], [ -51.169639318, -16.8541437214 ], [ -51.172915037400003, -16.860232286399999 ], [ -51.168746387399999, -16.8616724044 ], [ -51.169018449200003, -16.865396098 ], [ -51.152052893799997, -16.867146436900001 ], [ -51.148553751199998, -16.890725128700002 ], [ -51.140747918400002, -16.890604695099999 ], [ -51.138857213599998, -16.894045431199999 ], [ -51.132049909899997, -16.895295269399998 ], [ -51.126410780199997, -16.8925435548 ], [ -51.120078550700001, -16.895514676299999 ], [ -51.1105001743, -16.892754114599999 ], [ -51.11027106, -16.895839716099999 ], [ -51.106028192300002, -16.896643685699999 ], [ -51.103496181099999, -16.8940886713 ], [ -51.100986816400003, -16.9044226452 ], [ -51.093831195299998, -16.9061229273 ], [ -51.086682726100001, -16.922790318899999 ], [ -51.076393930599998, -16.9299268338 ], [ -51.078526414400002, -16.940359025300001 ], [ -51.056886635200001, -16.951702249299998 ], [ -51.054106262799998, -16.956769094799998 ], [ -51.053663596299998, -16.956795206599999 ], [ -51.055520980899999, -16.935632565500001 ], [ -51.052631362200003, -16.926637184299999 ], [ -51.057580083399998, -16.9227622121 ], [ -51.056325782, -16.906335787500002 ], [ -51.059352980299998, -16.9005403096 ], [ -51.055556445400001, -16.891802769800002 ], [ -51.059445235, -16.883207102699998 ], [ -51.051103744800002, -16.869733390299999 ], [ -51.055178873400003, -16.862167593799999 ], [ -51.056383837299997, -16.859931064 ], [ -51.0074925479, -16.847417120300001 ], [ -50.999662717299998, -16.836970379 ], [ -50.985128939600003, -16.8278450621 ], [ -50.972545049300003, -16.8082807258 ], [ -50.9707152581, -16.793109934899999 ], [ -50.9657722675, -16.790674363400001 ], [ -50.9602141186, -16.793295598299999 ], [ -50.949573812, -16.7921492292 ], [ -50.943192421500001, -16.785935536099998 ], [ -50.923686236899997, -16.783044401 ], [ -50.8966042992, -16.75427311 ], [ -50.88830364, -16.7530282363 ], [ -50.874246296700001, -16.7389998658 ], [ -50.848801772599998, -16.7264997636 ], [ -50.843211782200001, -16.707552131100002 ], [ -50.839574753699999, -16.7063225512 ], [ -50.832858456799997, -16.6939365926 ], [ -50.826825958500002, -16.693102491400001 ], [ -50.829023751, -16.684819100799999 ], [ -50.818445715, -16.670564410600001 ], [ -50.815417569, -16.689393520300001 ], [ -50.811222030099998, -16.6949503329 ], [ -50.811442158399998, -16.7053516575 ], [ -50.817907165800001, -16.721397311499999 ], [ -50.8163037797, -16.727024656899999 ], [ -50.808024659300003, -16.728637879699999 ], [ -50.802019356899997, -16.738363596399999 ], [ -50.806498041300003, -16.755444638099998 ], [ -50.7966610776, -16.7867346801 ], [ -50.788719847300001, -16.798036710200002 ], [ -50.764580311099998, -16.816185476499999 ], [ -50.740721385100002, -16.808925834699998 ], [ -50.735605787799997, -16.806413821100001 ], [ -50.698713311699997, -16.811187746200002 ], [ -50.688831327899997, -16.819501228499998 ], [ -50.676297252700003, -16.8215930026 ], [ -50.657497443, -16.836836480500001 ], [ -50.650913932900004, -16.839319039199999 ], [ -50.640749849300001, -16.8345334851 ], [ -50.575711123600001, -16.847492262500001 ], [ -50.574660916699997, -16.837594191800001 ], [ -50.569189789399999, -16.8307812601 ], [ -50.551998068499998, -16.827226934900001 ], [ -50.545909231800003, -16.8183127486 ], [ -50.535548671299999, -16.813227902400001 ], [ -50.534051069299998, -16.8150883544 ], [ -50.530016147700003, -16.811438603399999 ], [ -50.522692683599999, -16.815862273099999 ], [ -50.516325576200003, -16.810505624899999 ], [ -50.506357980099999, -16.811174980699999 ], [ -50.481330586699997, -16.797097238599999 ], [ -50.47944435, -16.800726985400001 ], [ -50.4487172786, -16.7967094736 ], [ -50.445773255500001, -16.785469342500001 ], [ -50.440159213199998, -16.783154162399999 ], [ -50.439278467599998, -16.7783647971 ], [ -50.4257149524, -16.748909192 ], [ -50.404935183200003, -16.7325911969 ], [ -50.405579527500002, -16.7186438401 ], [ -50.4001479334, -16.715872882199999 ], [ -50.391076526399999, -16.7188444045 ], [ -50.3744348667, -16.715787822799999 ], [ -50.360898962599997, -16.698785103 ], [ -50.354685817799997, -16.7031051435 ], [ -50.3556302852, -16.716670131699999 ], [ -50.3505554328, -16.7253462408 ], [ -50.358439758199999, -16.734253364800001 ], [ -50.359618204, -16.7409405083 ], [ -50.341511926300001, -16.751376356600002 ], [ -50.334461726, -16.755244877 ], [ -50.324456093, -16.753904411 ], [ -50.311357948500003, -16.757668001799999 ], [ -50.290961416800002, -16.7688073192 ], [ -50.284641390600001, -16.766442273 ], [ -50.286955358, -16.796798089399999 ], [ -50.282099376600002, -16.801782628 ], [ -50.268962909499997, -16.7931828223 ], [ -50.268607037899997, -16.785473266499999 ], [ -50.261256337600003, -16.7759855788 ], [ -50.2572142816, -16.767920655499999 ], [ -50.259157533299998, -16.7616689398 ], [ -50.254218420599997, -16.7604790165 ], [ -50.252980116099998, -16.7339018857 ], [ -50.235991862399999, -16.720358787399999 ], [ -50.224826460700001, -16.715834172800001 ], [ -50.223490705099998, -16.709847803 ], [ -50.218117464199999, -16.7081578166 ], [ -50.212912042200003, -16.702294698700001 ], [ -50.200770144400003, -16.6979063735 ], [ -50.193769031099997, -16.685405978 ], [ -50.1853506502, -16.682459849800001 ], [ -50.158522957800002, -16.685798012199999 ], [ -50.149522580199999, -16.679118489099999 ], [ -50.110430548899998, -16.6630387475 ], [ -50.110187859, -16.662938604299999 ], [ -50.006231948, -16.6201370864 ], [ -50.000916895700001, -16.6140770437 ], [ -49.985799513899998, -16.597911632 ], [ -49.972331942499999, -16.589751636199999 ], [ -49.963272714299997, -16.591349303600001 ], [ -49.95035871, -16.601552655900001 ], [ -49.945855011799999, -16.600475008299998 ], [ -49.943796524500002, -16.610516207500002 ], [ -49.936404266899999, -16.6103468978 ], [ -49.924460268099999, -16.6290655723 ], [ -49.920410683599997, -16.6197528368 ], [ -49.910211774099999, -16.613999266299999 ], [ -49.906252920299998, -16.616661721300002 ], [ -49.895357921200002, -16.633238276699998 ], [ -49.886104746400001, -16.6397008231 ], [ -49.879113134900003, -16.639595795 ], [ -49.776360757900001, -16.638025535899999 ], [ -49.757800814, -16.651080918600002 ], [ -49.744996379200003, -16.6522617227 ], [ -49.734275389799997, -16.638455244199999 ], [ -49.730049378799997, -16.637594158300001 ], [ -49.729464574399998, -16.6402055633 ], [ -49.723550348700002, -16.638867042200001 ], [ -49.718107896, -16.645868869 ], [ -49.727624943499997, -16.669847369500001 ], [ -49.718548523599999, -16.6729058964 ], [ -49.713951442199999, -16.669565685 ], [ -49.7060446777, -16.662568195399999 ], [ -49.685688557200002, -16.670164252500001 ], [ -49.688127739499997, -16.6704447742 ], [ -49.692412753600003, -16.680029830900001 ], [ -49.690187954499997, -16.690620148 ], [ -49.672741735800003, -16.712343626900001 ], [ -49.675242357, -16.724133700500001 ], [ -49.662331308, -16.7293165699 ], [ -49.654913716400003, -16.737500256200001 ], [ -49.653052539599997, -16.760034899899999 ], [ -49.644770552200001, -16.762718123 ], [ -49.637795533400002, -16.760948501600001 ], [ -49.640548710700003, -16.7701659168 ], [ -49.616466731400003, -16.778778609700002 ], [ -49.637214363699997, -16.788799056399998 ], [ -49.636991296799998, -16.799776301400001 ], [ -49.632105127300001, -16.803801381700001 ], [ -49.598493938200001, -16.801752017399998 ], [ -49.596683516500001, -16.813945051699999 ], [ -49.603292246899997, -16.820707641799999 ], [ -49.607921742099997, -16.8335032771 ], [ -49.610273853400003, -16.8413783733 ], [ -49.628407462, -16.845857515900001 ], [ -49.6387725027, -16.858381738399999 ], [ -49.646241802500001, -16.8588816173 ], [ -49.664857724, -16.874850851600002 ], [ -49.685327821599998, -16.872497949300001 ], [ -49.696057360099999, -16.881496952599999 ], [ -49.701020525, -16.878634117499999 ], [ -49.714378362300003, -16.8803366432 ], [ -49.719599629800001, -16.883990179800001 ], [ -49.720745380799997, -16.890621119799999 ], [ -49.734462178299999, -16.898938996 ], [ -49.731604691100003, -16.905758979600002 ], [ -49.736352230199998, -16.911727435900001 ], [ -49.733689571, -16.91864072 ], [ -49.7276589899, -16.9220490262 ], [ -49.7258816724, -16.9321808915 ], [ -49.7284087464, -16.9367789681 ], [ -49.734548241600002, -16.936680635599998 ], [ -49.737017793299998, -16.9450863418 ], [ -49.7437998081, -16.941197665499999 ], [ -49.748852034800002, -16.943728606800001 ], [ -49.744077042699999, -16.947771878600001 ], [ -49.742886313600003, -16.955976151200002 ], [ -49.732574544, -16.951389958299998 ], [ -49.7277763218, -16.955562069399999 ], [ -49.720329296899997, -16.953865803700001 ], [ -49.699328994399998, -16.942056193300001 ], [ -49.692713545700002, -16.9508669097 ], [ -49.683604971699999, -16.950849014100001 ], [ -49.673043826799997, -16.9563943906 ], [ -49.628992978100001, -16.952681010900001 ], [ -49.624518318600003, -16.955310332 ], [ -49.599137489199997, -16.949580535599999 ], [ -49.594661258400002, -16.952262279500001 ], [ -49.633767284199998, -17.010071804599999 ], [ -49.6218478459, -17.0391712025 ], [ -49.620033740499998, -17.044521631 ], [ -49.619980289700003, -17.0446782251 ], [ -49.615015814700001, -17.053679020299999 ], [ -49.606076763700003, -17.0573982923 ], [ -49.6058028721, -17.063431597499999 ], [ -49.598683732600001, -17.062087956700001 ], [ -49.589322661200001, -17.0518784245 ], [ -49.583940739699997, -17.052914619199999 ], [ -49.576516784900001, -17.047824022299999 ], [ -49.575078737399998, -17.040673060700001 ], [ -49.568102219, -17.035002545099999 ], [ -49.5616829465, -17.035026909 ], [ -49.559013296899998, -17.0394177214 ], [ -49.553743007199998, -17.0366213599 ], [ -49.5469399614, -17.0454138988 ], [ -49.542993259900001, -17.0442108648 ], [ -49.535078595900004, -17.024686547 ], [ -49.527317252899998, -17.025733231899999 ], [ -49.523747477199997, -17.022768063699999 ], [ -49.526102462799997, -17.017330838399999 ], [ -49.522633129699997, -17.005655088699999 ], [ -49.516215587200001, -16.9977244146 ], [ -49.502913465399999, -16.995891667199999 ], [ -49.489161981300001, -16.9806734945 ], [ -49.479099534500001, -16.979592312299999 ], [ -49.4694350364, -16.9916469303 ], [ -49.477708439300002, -16.999775628599998 ], [ -49.476242126700001, -17.005479581900001 ], [ -49.4831029184, -17.0233230754 ], [ -49.479655755499998, -17.027240140899998 ], [ -49.480993685400001, -17.0418348882 ], [ -49.491079978199998, -17.067070069 ], [ -49.473906228600001, -17.099223635400001 ], [ -49.480240025199997, -17.1135962167 ], [ -49.493104968300003, -17.119929666099999 ], [ -49.491940074399999, -17.124186572199999 ], [ -49.4795189353, -17.131814153299999 ], [ -49.479410893900003, -17.1451952257 ], [ -49.4888838703, -17.1529695993 ], [ -49.488688916699999, -17.1591199181 ], [ -49.461573148600003, -17.164994890500001 ], [ -49.452496008200001, -17.145144734900001 ], [ -49.4465752276, -17.141649404 ], [ -49.4361293256, -17.144376771299999 ], [ -49.433993203599996, -17.1517581373 ], [ -49.424042258699998, -17.1584538842 ], [ -49.400766165199997, -17.158758540800001 ], [ -49.3865755968, -17.155947798100001 ], [ -49.367491680400001, -17.141841354699999 ], [ -49.320327868, -17.130697815600001 ], [ -49.320029084799998, -17.130542245899999 ], [ -49.293941881599999, -17.109278654400001 ], [ -49.282662749499998, -17.107239263499999 ], [ -49.264105644700003, -17.094352705399999 ], [ -49.2312419386, -17.0820878814 ], [ -49.224354258699996, -17.083820145400001 ], [ -49.2153209011, -17.091651674600001 ], [ -49.216125894800001, -17.1013307823 ], [ -49.212601477299998, -17.100995514899999 ], [ -49.205908043299999, -17.115378241799998 ], [ -49.196541729300002, -17.1224554639 ], [ -49.191463536199997, -17.1368430592 ], [ -49.182519861899998, -17.132909120899999 ], [ -49.173624680300001, -17.1202785503 ], [ -49.154962065699998, -17.122243964399999 ], [ -49.144382843599999, -17.130394689300001 ], [ -49.133242827799997, -17.126453168099999 ], [ -49.1285812753, -17.131098837700002 ], [ -49.109537484100002, -17.134917125499999 ], [ -49.108492216, -17.123582690700001 ], [ -49.118907779200001, -17.1174580062 ], [ -49.115911423299998, -17.1048289314 ], [ -49.119579160299999, -17.106907954699999 ], [ -49.121162435899997, -17.104514552 ], [ -49.119659780200003, -17.0962247856 ], [ -49.1106586752, -17.095866171400001 ], [ -49.107242878599997, -17.089484371899999 ], [ -49.107326456800003, -17.078344705399999 ], [ -49.0915451921, -17.072702002100002 ], [ -49.0895614521, -17.0781095669 ], [ -49.083103023200003, -17.060688494099999 ], [ -49.073133669800001, -17.061696106900001 ], [ -49.05088456, -17.052333502 ], [ -49.040631172099999, -17.053821809199999 ], [ -49.034989669600002, -17.066368113799999 ], [ -49.012630704300001, -17.0685239544 ], [ -49.002082321800003, -17.079817154699999 ], [ -48.982096368, -17.092018973599998 ], [ -48.961468140199997, -17.086617372199999 ], [ -48.9382905087, -17.0894771265 ], [ -48.940126397, -17.078100662499999 ], [ -48.935489167900002, -17.067862893800001 ], [ -48.938604845900002, -17.054385479499999 ], [ -48.935851905200003, -17.042614895700002 ], [ -48.9264564259, -17.033833337600001 ], [ -48.92499012, -17.022836962 ], [ -48.919325182, -17.0245252243 ], [ -48.916384075800003, -17.0207215752 ], [ -48.8989090229, -17.023114484299999 ], [ -48.879266852599997, -17.016170868300001 ], [ -48.8631598049, -17.036239864500001 ], [ -48.859519113300003, -17.051828786600002 ], [ -48.848970140900001, -17.054844989300001 ], [ -48.844621460200003, -17.062043870299998 ], [ -48.8385159993, -17.091283788199998 ], [ -48.827044704099997, -17.1051774835 ], [ -48.827189871800002, -17.115852406199998 ], [ -48.821628925299997, -17.120457380400001 ], [ -48.818969682300001, -17.131896357900001 ], [ -48.8189054244, -17.132077522500001 ], [ -48.81563121, -17.141371857900001 ], [ -48.811130408899999, -17.1444590101 ], [ -48.811186430299998, -17.1572656397 ], [ -48.799823851799999, -17.177290530299999 ], [ -48.794871671599999, -17.189230739900001 ], [ -48.7877103541, -17.193701930900001 ], [ -48.783125818099997, -17.185263435700001 ], [ -48.755473389, -17.168832766 ], [ -48.745549198399999, -17.165020785100001 ], [ -48.735127709, -17.167766736600001 ], [ -48.7300686074, -17.160775020599999 ], [ -48.7228889931, -17.158086046 ], [ -48.702966946499998, -17.1579708455 ], [ -48.694929419600001, -17.1634960556 ], [ -48.690767055899997, -17.161776332799999 ], [ -48.669181573700001, -17.167295272699999 ], [ -48.662544199800003, -17.176664967299999 ], [ -48.651856632499999, -17.178291770800001 ], [ -48.645384426500001, -17.183869252899999 ], [ -48.637795299399997, -17.164998069500001 ], [ -48.641544758800002, -17.1602094751 ], [ -48.640294288100002, -17.154622465900001 ], [ -48.646936602700002, -17.1492042687 ], [ -48.638243465499997, -17.138393490799999 ], [ -48.639796285800003, -17.129803317299999 ], [ -48.6454361216, -17.124228848 ], [ -48.659128571399997, -17.121390474799998 ], [ -48.66423585, -17.123297429899999 ], [ -48.675518003199997, -17.1179420076 ], [ -48.679711363899997, -17.119825539200001 ], [ -48.680478768, -17.115658103600001 ], [ -48.680485446299997, -17.114467114699998 ], [ -48.679465426299998, -17.104474445699999 ], [ -48.682903527199997, -17.097250810599999 ], [ -48.687964808499999, -17.0934880981 ], [ -48.698459486799997, -17.093896014 ], [ -48.7066289144, -17.079925026800002 ], [ -48.708100366899998, -17.0674389357 ], [ -48.704851654099997, -17.056433798899999 ], [ -48.7147715463, -17.039159723800001 ], [ -48.725271326799998, -17.032328183200001 ], [ -48.737177179100001, -17.0296371787 ], [ -48.751268516899998, -17.016914008899999 ], [ -48.769772109100003, -17.012056215699999 ], [ -48.768544455, -16.999355338299999 ], [ -48.765739380299998, -16.992197851299998 ], [ -48.780051577199998, -16.979099858800001 ], [ -48.7761274056, -16.9634747566 ], [ -48.771907790100002, -16.959431154400001 ], [ -48.768965016, -16.9366104247 ], [ -48.777518180199998, -16.9261929774 ], [ -48.777237526599997, -16.919971694699999 ], [ -48.785906680899998, -16.9154744957 ], [ -48.802712659699999, -16.9137394577 ], [ -48.805355542900003, -16.9119414026 ], [ -48.800437259399999, -16.9009740276 ], [ -48.803685873900001, -16.897796406099999 ], [ -48.8033219131, -16.890944295499999 ], [ -48.796991229600003, -16.886667994700002 ], [ -48.798903363599997, -16.869920326399999 ], [ -48.791406589099999, -16.8615722967 ], [ -48.791571970299998, -16.843232649299999 ], [ -48.787014599199999, -16.835547957199999 ], [ -48.789014052900001, -16.809820325499999 ], [ -48.8007101018, -16.7950138733 ], [ -48.806877634199999, -16.790765525400001 ], [ -48.816358494500001, -16.7951630775 ], [ -48.829711249299997, -16.793560656 ], [ -48.830053118099997, -16.793342276699999 ], [ -48.836487830700001, -16.786235828100001 ], [ -48.832274606799999, -16.783018267300001 ], [ -48.826604834500003, -16.78417231 ], [ -48.825112407699997, -16.778347254300002 ], [ -48.834057673, -16.7628457293 ], [ -48.841205604300001, -16.7618911649 ], [ -48.855607645, -16.750981832899999 ], [ -48.868201830399997, -16.7673814258 ], [ -48.864223090599999, -16.757149417 ], [ -48.877899563500002, -16.747481849300001 ], [ -48.880105283100001, -16.741034105400001 ], [ -48.890189676799999, -16.737714901699999 ], [ -48.891668913700002, -16.7337175561 ], [ -48.905686903899998, -16.7370896356 ], [ -48.914804240700001, -16.7309173019 ], [ -48.916977199500003, -16.723876284 ], [ -48.915496375499998, -16.719944723800001 ], [ -48.905754138600003, -16.7149404293 ], [ -48.900951865300001, -16.706723169699998 ], [ -48.901542545200002, -16.700739553399998 ], [ -48.890453504100002, -16.68877523 ], [ -48.879351054200001, -16.664557739399999 ], [ -48.8765646628, -16.664781814600001 ], [ -48.872211098800001, -16.656686329300001 ], [ -48.869727928099998, -16.6589387209 ], [ -48.852705054399998, -16.6566451172 ], [ -48.836934660700003, -16.656365199100001 ], [ -48.830851170199999, -16.657222776800001 ], [ -48.817612357100003, -16.649159816 ], [ -48.805356480599997, -16.6326839601 ], [ -48.795883104200001, -16.629489445899999 ], [ -48.785266429399996, -16.631061956900002 ], [ -48.766013206, -16.647869027900001 ], [ -48.723020631700003, -16.6860515949 ], [ -48.7183766375, -16.676126435099999 ], [ -48.718230026800001, -16.645273136499998 ], [ -48.7180015932, -16.6400026924 ], [ -48.719161063500003, -16.619582123200001 ], [ -48.726683042, -16.6040269483 ], [ -48.757618565, -16.603643833900001 ], [ -48.7853249701, -16.587249485099999 ], [ -48.795129870499999, -16.557993787200001 ], [ -48.803995239199999, -16.561618083599999 ], [ -48.828190967200001, -16.5225545694 ], [ -48.838522814299999, -16.521469246900001 ], [ -48.8371315833, -16.507943886100001 ], [ -48.8398237647, -16.502157456500001 ], [ -48.864992541200003, -16.484786761399999 ], [ -48.8684344399, -16.466870000899998 ], [ -48.862417845800003, -16.452769482800001 ], [ -48.882631215300002, -16.441753371899999 ], [ -48.885657979500003, -16.4331000639 ], [ -48.907460933300001, -16.407285872700001 ], [ -48.916127066199998, -16.403586191799999 ], [ -48.908953714900001, -16.395930696800001 ], [ -48.895458828700001, -16.403059088199999 ], [ -48.883548109499998, -16.404299736399999 ], [ -48.877492528399998, -16.395489910199998 ], [ -48.871436309499998, -16.3933236861 ], [ -48.861092118199998, -16.400139796800001 ], [ -48.853745263, -16.403421598200001 ], [ -48.848798228699998, -16.4002821594 ], [ -48.820663945900002, -16.398270490200002 ], [ -48.800661286599997, -16.382424946499999 ], [ -48.760562571100003, -16.385075442600002 ], [ -48.749793844300001, -16.374963430200001 ], [ -48.750909524299999, -16.368243210700001 ], [ -48.762244580900003, -16.359599952100002 ], [ -48.755746860899997, -16.336190145700002 ], [ -48.75040687, -16.331715869899998 ], [ -48.767325089700002, -16.307119604499999 ], [ -48.769161812699998, -16.290821409100001 ], [ -48.766654765299997, -16.292496609099999 ], [ -48.759049855100002, -16.286076891699999 ], [ -48.724692766399997, -16.2846137644 ], [ -48.718523478900003, -16.281183826199999 ], [ -48.696770346400001, -16.290239831899999 ], [ -48.672651169600002, -16.286077753400001 ], [ -48.658937534099998, -16.290604063100002 ], [ -48.649775011400003, -16.290033924599999 ], [ -48.640606247, -16.281653948399999 ], [ -48.630827979400003, -16.282263180099999 ], [ -48.620907006, -16.2935997479 ], [ -48.622488165699998, -16.303820272900001 ], [ -48.6194384223, -16.307894159100002 ], [ -48.6116809452, -16.312892715699999 ], [ -48.605151332299997, -16.3123998957 ], [ -48.598105912699999, -16.3167416338 ], [ -48.5958228529, -16.325579769400001 ], [ -48.588476362800002, -16.326621122799999 ], [ -48.588271271799996, -16.3267257149 ], [ -48.584852184100001, -16.3319596905 ], [ -48.5727961674, -16.327291368499999 ], [ -48.558905748800001, -16.331134616899998 ], [ -48.550184910900001, -16.3458357333 ], [ -48.542736546299999, -16.340207610899999 ], [ -48.533304214899999, -16.3431950469 ], [ -48.5302921635, -16.340048566099998 ], [ -48.5228482132, -16.340723016799998 ], [ -48.517049886899997, -16.337554738400001 ], [ -48.520244687599998, -16.333081715300001 ], [ -48.517518348199999, -16.331380092 ], [ -48.505103324, -16.327952977599999 ], [ -48.500820728800001, -16.320658805400001 ], [ -48.495410189799998, -16.3227525026 ], [ -48.493742750199999, -16.305667106600001 ], [ -48.4882955677, -16.303942359600001 ], [ -48.490487541500002, -16.295870283900001 ], [ -48.484355395, -16.298285370399999 ], [ -48.477044085400003, -16.293989876400001 ], [ -48.467408535899999, -16.295799313500002 ], [ -48.458071157200003, -16.289347907900002 ], [ -48.456382069100002, -16.284486602600001 ], [ -48.450378925599999, -16.2902892237 ], [ -48.440510393, -16.289113041099998 ], [ -48.435889097699999, -16.283202881200001 ], [ -48.423997875, -16.289507282900001 ], [ -48.411099727299998, -16.286223385500001 ], [ -48.405748968600001, -16.288059864699999 ], [ -48.403630659299999, -16.292769616400001 ], [ -48.398266252900001, -16.2918559666 ], [ -48.397745733699999, -16.298888357 ], [ -48.393149713500001, -16.303484795300001 ], [ -48.37929297, -16.3003544255 ], [ -48.380038171499997, -16.303426888400001 ], [ -48.376025618, -16.302761711300001 ], [ -48.373769686300001, -16.309593902900001 ], [ -48.3982377528, -16.3240042354 ], [ -48.402272446399998, -16.340112967300001 ], [ -48.395772460499998, -16.358823976899998 ], [ -48.401011042299999, -16.382286342 ], [ -48.375628902, -16.398359922099999 ], [ -48.366988343800003, -16.4021353089 ], [ -48.358213944699997, -16.401099131700001 ], [ -48.353240158399998, -16.419800192299999 ], [ -48.351829844500003, -16.421150138400002 ], [ -48.347992245900002, -16.423290864799998 ], [ -48.341159652199998, -16.4436979806 ], [ -48.327267803600002, -16.452698676099999 ], [ -48.306521283499997, -16.451980281899999 ], [ -48.300542956900003, -16.457792809400001 ], [ -48.2999672049, -16.464779143499999 ], [ -48.299174435, -16.4693542198 ], [ -48.287050116, -16.483351925 ], [ -48.264876173899999, -16.4969689986 ], [ -48.254090829200003, -16.5359160444 ], [ -48.2428095072, -16.561990419400001 ], [ -48.228714683100002, -16.601896271499999 ], [ -48.202754944200002, -16.632960076 ], [ -48.194771499, -16.640943588500001 ], [ -48.190126429599999, -16.654669114600001 ], [ -48.1943491356, -16.6682558792 ], [ -48.189326300799998, -16.677410824399999 ], [ -48.194270429, -16.734551559100002 ], [ -48.1819892782, -16.7369983934 ], [ -48.173458474900002, -16.730962107100002 ], [ -48.170960018899997, -16.735364356800002 ], [ -48.168159563899998, -16.732504667699999 ], [ -48.160346437400001, -16.7354526992 ], [ -48.158301971500002, -16.7330028648 ], [ -48.156015491, -16.7366271733 ], [ -48.151630317299997, -16.731602129799999 ], [ -48.1457950247, -16.742221911200001 ], [ -48.1391576746, -16.739298551 ], [ -48.131914839399997, -16.7422254371 ], [ -48.124295328599999, -16.7406152362 ], [ -48.112097219299997, -16.7485368382 ], [ -48.104770591200001, -16.747860817100001 ], [ -48.100568390299998, -16.7618129727 ], [ -48.105322581599999, -16.765799562800002 ], [ -48.089791038800001, -16.768010757700001 ], [ -48.089766212, -16.7742892228 ], [ -48.080261444599998, -16.789170231100002 ], [ -48.081160634699998, -16.7957152422 ], [ -48.075584087300001, -16.801321842499998 ], [ -48.076766177300001, -16.8087502421 ], [ -48.080841887399998, -16.8112976946 ], [ -48.079074337100003, -16.824138946800002 ], [ -48.083461950900002, -16.831839233299998 ], [ -48.078452419199998, -16.8369797109 ], [ -48.078540316199998, -16.844571992 ], [ -48.088400044099998, -16.8571261648 ], [ -48.084773370699999, -16.8596561206 ], [ -48.077928279200002, -16.879153151 ], [ -48.089212051099999, -16.890669255599999 ], [ -48.078485407300001, -16.907245981700001 ], [ -48.077760281800003, -16.929202726500002 ], [ -48.066156137500002, -16.932035125700001 ], [ -48.035649093300002, -16.921324905900001 ], [ -48.007856298599997, -16.9325999271 ], [ -48.005390714199997, -16.944928217299999 ], [ -48.000597492600001, -16.951692516600001 ], [ -47.919045527900003, -17.003821834099998 ], [ -47.9167969063, -16.9963442671 ], [ -47.920893585400002, -16.992819043400001 ], [ -47.920879694500002, -16.981714161399999 ], [ -47.909710589900001, -16.9714994512 ], [ -47.9004904094, -16.952823939400002 ], [ -47.900711059800003, -16.947748343299999 ], [ -47.9068800039, -16.941392454199999 ], [ -47.903043790600002, -16.937161374399999 ], [ -47.910675976199997, -16.923425434399999 ], [ -47.902377854599997, -16.915042130700002 ], [ -47.893490009200001, -16.917773067700001 ], [ -47.886655454100001, -16.919441386199999 ], [ -47.882408896199998, -16.925808959499999 ], [ -47.872463792600001, -16.922372258900001 ], [ -47.8630676354, -16.925689914199999 ], [ -47.833127397200002, -16.924746755099999 ], [ -47.8075106147, -16.9166667555 ], [ -47.805384170799996, -16.9228269798 ], [ -47.791354067900002, -16.9222219856 ], [ -47.789156484599999, -16.927641490500001 ], [ -47.771156765, -16.9187344911 ], [ -47.742883062399997, -16.929367481700002 ], [ -47.730238475900002, -16.9288291887 ], [ -47.7161824326, -16.922787787299999 ], [ -47.711448365099997, -16.916631826100001 ], [ -47.704119089800002, -16.916691641700002 ], [ -47.694770848099999, -16.911794887500001 ], [ -47.691069196800001, -16.901125739899999 ], [ -47.688598427400002, -16.9146739848 ], [ -47.685097446, -16.949087554 ], [ -47.696399697300002, -16.960835779899998 ], [ -47.699708616099997, -17.002232789400001 ], [ -47.709215127900002, -17.020543387099998 ], [ -47.716927741100001, -17.024196989699998 ], [ -47.719317935399999, -17.032847677300001 ], [ -47.709182362100002, -17.044449517 ], [ -47.712794172599999, -17.0538760321 ], [ -47.703486300500003, -17.058446806399999 ], [ -47.703047634400001, -17.0642474982 ], [ -47.696818058399998, -17.06608612 ], [ -47.69473702, -17.077849707 ], [ -47.6839314391, -17.083875063200001 ], [ -47.668739390799999, -17.085115521300001 ], [ -47.666240513600002, -17.089172431600002 ], [ -47.6622933644, -17.086982917499999 ], [ -47.662020173599998, -17.091459545 ], [ -47.655401304100003, -17.093645798099999 ], [ -47.658990404299999, -17.108088452899999 ], [ -47.653678056700002, -17.110869831199999 ], [ -47.643125977700002, -17.127821624 ], [ -47.641044169499999, -17.1447030922 ], [ -47.624490724399998, -17.152581570100001 ], [ -47.621735981100002, -17.157447391400002 ], [ -47.6119877358, -17.1589865356 ], [ -47.607875796899997, -17.1645266823 ], [ -47.597848606500001, -17.166503877899999 ], [ -47.593678134299999, -17.1715670938 ], [ -47.587829443899999, -17.187771096599999 ], [ -47.580830862299997, -17.1916045762 ], [ -47.577402678699997, -17.199396292700001 ], [ -47.572266322600001, -17.1994150423 ], [ -47.5749637447, -17.203005295899999 ], [ -47.5709245452, -17.204745948700001 ], [ -47.571100064699998, -17.2102625098 ], [ -47.569073627599998, -17.208805838499998 ], [ -47.566599594899998, -17.214444981100002 ], [ -47.560530120499998, -17.214856129 ], [ -47.553520196699999, -17.222989718600001 ], [ -47.548153639299997, -17.223412897500001 ], [ -47.530321448400002, -17.242132384800001 ], [ -47.531659236499998, -17.247164503899999 ], [ -47.5277629785, -17.250985611800001 ], [ -47.527905877499997, -17.262701700600001 ], [ -47.523623364199999, -17.268667366500001 ], [ -47.5263522296, -17.268638897599999 ], [ -47.526040479899997, -17.272457832800001 ], [ -47.521212184299998, -17.284763089799998 ], [ -47.518046491600003, -17.287869253 ], [ -47.509238718500001, -17.284374786800001 ], [ -47.507485472200003, -17.2919418691 ], [ -47.5003524595, -17.2955859132 ], [ -47.5039908006, -17.300045106 ], [ -47.498882193199996, -17.303010010400001 ], [ -47.5024862852, -17.317884071799998 ], [ -47.505383026099999, -17.3235490002 ], [ -47.510772639400003, -17.3251239113 ], [ -47.511711248300003, -17.334486282 ], [ -47.508347029100001, -17.337765350800002 ], [ -47.504153192899999, -17.336839129800001 ], [ -47.504707926400002, -17.340054887800001 ], [ -47.5164352472, -17.345362020100001 ], [ -47.521235310400002, -17.3523556365 ], [ -47.519160923800001, -17.356238140599999 ], [ -47.513547439600003, -17.355752465599998 ], [ -47.515741928200001, -17.3661477084 ], [ -47.513490250300002, -17.374182171499999 ], [ -47.518124699700003, -17.374892590799998 ], [ -47.5182973832, -17.379864034400001 ], [ -47.524853712199999, -17.382973265899999 ], [ -47.530069913, -17.377129192600002 ], [ -47.531875352100002, -17.380664869099999 ], [ -47.527984343200004, -17.388148890299998 ], [ -47.538382911200003, -17.3883436142 ], [ -47.532883567600003, -17.393961251099999 ], [ -47.531681033799998, -17.400791286699999 ], [ -47.523571550900002, -17.406462729899999 ], [ -47.523219338499999, -17.411999702 ], [ -47.534707618799999, -17.407135669100001 ], [ -47.5373216224, -17.4088458919 ], [ -47.529431157799998, -17.413375889600001 ], [ -47.527271479600003, -17.423580535599999 ], [ -47.522850668099998, -17.421297648199999 ], [ -47.520984413400001, -17.423416036700001 ], [ -47.526736423700001, -17.4292779136 ], [ -47.526880808800001, -17.439907463099999 ], [ -47.539908037499998, -17.445407462 ], [ -47.540741687699999, -17.4538465575 ], [ -47.536272883, -17.456675584500001 ], [ -47.513852287500001, -17.460348748600001 ], [ -47.511619805199999, -17.473326827200001 ], [ -47.502790708200003, -17.4813205544 ], [ -47.505288940299998, -17.4925565709 ], [ -47.503122053600002, -17.515044615 ], [ -47.497350809099999, -17.524186763500001 ], [ -47.492047394799997, -17.525981159899999 ], [ -47.477268320699999, -17.510874812699999 ], [ -47.467376411399997, -17.532597986300001 ], [ -47.456657010599997, -17.5379406811 ], [ -47.438874350900001, -17.527243124200002 ], [ -47.413760084400003, -17.5210646787 ], [ -47.398194825300003, -17.511758888700001 ], [ -47.3844623512, -17.513886766599999 ], [ -47.374095218699999, -17.523463282 ], [ -47.3509356478, -17.526484571099999 ], [ -47.332707077499997, -17.522992675899999 ], [ -47.320400546499997, -17.530704442499999 ], [ -47.313667150400001, -17.54363556 ], [ -47.306182962699999, -17.558001881 ], [ -47.283420786500002, -17.577120198100001 ], [ -47.275379385, -17.597396057499999 ], [ -47.265351427699997, -17.609984991099999 ], [ -47.2635253316, -17.619998963 ], [ -47.267824261900003, -17.637258190800001 ], [ -47.278293416, -17.6437684954 ], [ -47.280936241200003, -17.652787818099998 ], [ -47.278067826, -17.655134361599998 ], [ -47.279825836199997, -17.658847096 ], [ -47.2753987587, -17.659162314500001 ], [ -47.270598573800001, -17.666841866199999 ], [ -47.269902098, -17.674830503 ], [ -47.2731196318, -17.674185140199999 ], [ -47.286156925100002, -17.683756021299999 ], [ -47.297909059699997, -17.683546958299999 ], [ -47.301044943199997, -17.6884663256 ], [ -47.299076557399999, -17.6909971975 ], [ -47.3052088126, -17.690883138699999 ], [ -47.313242537299999, -17.698558524700001 ], [ -47.311655018300002, -17.711057853700002 ], [ -47.317403267899998, -17.726176606700001 ], [ -47.3256524361, -17.729546489499999 ], [ -47.325126301499999, -17.732582794300001 ], [ -47.331798073900003, -17.733651969299999 ], [ -47.342287041799999, -17.743999667600001 ], [ -47.342014753500003, -17.7513325436 ], [ -47.334796012799998, -17.755211254399999 ], [ -47.3363802163, -17.761376681800002 ], [ -47.332269354899999, -17.7661598832 ], [ -47.341821130100001, -17.773323449100001 ], [ -47.3395742059, -17.776674573200001 ], [ -47.3433830906, -17.779381263299999 ], [ -47.350207306, -17.782718103499999 ], [ -47.348683969600003, -17.785973371600001 ], [ -47.354038914599997, -17.787080607699998 ], [ -47.353789647799999, -17.7932804155 ], [ -47.347570766399997, -17.796846992900001 ], [ -47.352545944500001, -17.8044175106 ], [ -47.3575675222, -17.804884552600001 ], [ -47.350185705900003, -17.810802025400001 ], [ -47.351597952399999, -17.814674074900001 ], [ -47.3629039518, -17.816513528600002 ], [ -47.364209169600002, -17.824033824899999 ], [ -47.372563865700002, -17.8305340368 ], [ -47.366483458300003, -17.834914348800002 ], [ -47.3618781, -17.852654971 ], [ -47.355878895399997, -17.860140188100001 ], [ -47.359092560900002, -17.865583862400001 ], [ -47.353265448099997, -17.8704634196 ], [ -47.358896308399999, -17.886323642699999 ], [ -47.355385034800001, -17.891392983 ], [ -47.357685133399997, -17.8916237436 ], [ -47.356622998500001, -17.897328739599999 ], [ -47.344787381, -17.898206454699999 ], [ -47.341927560800002, -17.904719926799999 ], [ -47.343758120300002, -17.9085129895 ], [ -47.337963007299997, -17.912025957400001 ], [ -47.343712400500003, -17.918019089400001 ], [ -47.341937590599997, -17.921374115 ], [ -47.344347827500002, -17.920415601199998 ], [ -47.338959186, -17.927704560199999 ], [ -47.340149649499999, -17.936947201900001 ], [ -47.336869520400001, -17.938300056700001 ], [ -47.336482007599997, -17.9349900693 ], [ -47.334268547100002, -17.9371636706 ], [ -47.333235562799999, -17.951063972299998 ], [ -47.313403253, -17.962763197200001 ], [ -47.313513954299999, -17.9765816767 ], [ -47.320876340600002, -17.9792796443 ], [ -47.322508793499999, -17.9840339422 ], [ -47.319354915300003, -17.985515429300001 ], [ -47.318734579500003, -17.995575625899999 ], [ -47.3151543878, -17.9949326391 ], [ -47.311099733, -18.005595486600001 ], [ -47.2964057131, -18.008932444900001 ], [ -47.293570734299998, -18.016572651600001 ], [ -47.296822500899999, -18.020073724300001 ], [ -47.2952910518, -18.026129836100001 ], [ -47.300340778900001, -18.026561577199999 ], [ -47.292906032099999, -18.029156438099999 ], [ -47.286324074, -18.042326711499999 ], [ -47.283553175100003, -18.040489806 ], [ -47.282762443499998, -18.057775184899999 ], [ -47.292013888200003, -18.06359884 ], [ -47.297209900299997, -18.061359406 ], [ -47.305102603100003, -18.063237125 ], [ -47.301559243200003, -18.070629174099999 ], [ -47.301991584699998, -18.073274899200001 ], [ -47.309904007500002, -18.069008334300001 ], [ -47.322324404, -18.069229056099999 ], [ -47.3429819487, -18.0803480087 ], [ -47.346432621600002, -18.087777960099999 ], [ -47.357351714799997, -18.084560388100002 ], [ -47.360938787899997, -18.095751058600001 ], [ -47.3542680129, -18.0963583184 ], [ -47.355435533, -18.104651793799999 ], [ -47.365487948599998, -18.107356627400002 ], [ -47.369077450200002, -18.114794057099999 ], [ -47.383540785299999, -18.117285130599999 ], [ -47.385650840399997, -18.120751282200001 ], [ -47.393345311099999, -18.115780150199999 ], [ -47.395376811299997, -18.126683420900001 ], [ -47.406877883200004, -18.131290878600002 ], [ -47.405016496400002, -18.1348230147 ], [ -47.396095655800003, -18.136914718 ], [ -47.396429506899999, -18.1414031487 ], [ -47.407782353800002, -18.141530450800001 ], [ -47.411962525699998, -18.147245415899999 ], [ -47.417909187600003, -18.140236832799999 ], [ -47.428342919800002, -18.138823651500001 ], [ -47.434923759100002, -18.151522718900001 ], [ -47.433373950099998, -18.156762546500001 ], [ -47.426902642500004, -18.1608411385 ], [ -47.429596796, -18.165352475300001 ], [ -47.435433256, -18.167131571399999 ], [ -47.4440984692, -18.158465483099999 ], [ -47.450794229499998, -18.158710345700001 ], [ -47.4635139301, -18.176898970900002 ], [ -47.468121454799999, -18.175870250900001 ], [ -47.471018492, -18.179589246 ], [ -47.479542569800003, -18.176760245499999 ], [ -47.4829642849, -18.180264062900001 ], [ -47.483163400700001, -18.180402899899999 ], [ -47.487672939500001, -18.186317048500001 ], [ -47.4844871528, -18.193068118599999 ], [ -47.489454199599997, -18.1919693187 ], [ -47.496734792600002, -18.1986410648 ], [ -47.5047919179, -18.1918010829 ], [ -47.517760090099998, -18.198413664899999 ], [ -47.517572539500001, -18.210136072 ], [ -47.530203610800001, -18.2173868609 ], [ -47.5270482886, -18.225782132500001 ], [ -47.533294046400002, -18.230244225300002 ], [ -47.538741935799997, -18.227297181200001 ], [ -47.539685399100001, -18.21687336 ], [ -47.534125995799997, -18.198155539799998 ], [ -47.535794958099999, -18.1944138259 ], [ -47.543351556099999, -18.1947701223 ], [ -47.557291180900002, -18.207574823 ], [ -47.5613452391, -18.208170418600002 ], [ -47.567122798200003, -18.2034031146 ], [ -47.570508928199999, -18.219863313699999 ], [ -47.576041017199998, -18.225540947599999 ], [ -47.581540748, -18.223369943600002 ], [ -47.588176475700003, -18.226575229600002 ], [ -47.581016114100002, -18.231245811 ], [ -47.581352615299998, -18.234644121399999 ], [ -47.5903411205, -18.235343435800001 ], [ -47.606994100100003, -18.2464765812 ], [ -47.603181582600001, -18.2502504556 ], [ -47.601872485299999, -18.2558253294 ], [ -47.606852096200001, -18.263426929600001 ], [ -47.614791582, -18.2618378765 ], [ -47.614125210899999, -18.250421458 ], [ -47.625342044299998, -18.2589685457 ], [ -47.618573668899998, -18.271249680299999 ], [ -47.629460013699997, -18.276789682 ], [ -47.638323635900001, -18.287216662500001 ], [ -47.632321173299999, -18.291158556399999 ], [ -47.626873069399998, -18.302677186499999 ], [ -47.6108159618, -18.3149284908 ], [ -47.623817724399998, -18.322174267699999 ], [ -47.625738133399999, -18.3338357859 ], [ -47.632848407200001, -18.333056197800001 ], [ -47.647708081499999, -18.340236827199998 ], [ -47.646490208400003, -18.329848903399999 ], [ -47.652738883300003, -18.325784629 ], [ -47.657126952799999, -18.327342164800001 ], [ -47.670261863699999, -18.3570129083 ], [ -47.678914868, -18.355902498900001 ], [ -47.686013304699998, -18.3569952693 ], [ -47.685657495299999, -18.3623338477 ], [ -47.693593303199997, -18.374506328199999 ], [ -47.703793123600001, -18.379609197800001 ], [ -47.709927801600003, -18.379192444699999 ], [ -47.716407388199997, -18.361626527599999 ], [ -47.740123501100001, -18.363378153799999 ], [ -47.732845130199998, -18.375437351199999 ], [ -47.735762388799998, -18.3784649565 ], [ -47.742155512, -18.376057715 ], [ -47.756426523199998, -18.395195040600001 ], [ -47.746352607299997, -18.409475918399998 ], [ -47.749041148, -18.412089632600001 ], [ -47.7586779982, -18.409814321799999 ], [ -47.769586028799999, -18.418165939 ], [ -47.778568957700003, -18.423673271199998 ], [ -47.788765611700001, -18.4171965892 ], [ -47.798048767700003, -18.415847404899999 ], [ -47.800289712599998, -18.4114933251 ], [ -47.797098828199999, -18.4064476271 ], [ -47.810123943199997, -18.399653806700002 ], [ -47.814876230300001, -18.405795728899999 ], [ -47.830733889299999, -18.413592551800001 ], [ -47.830323904499998, -18.424732828700002 ], [ -47.836593018, -18.435366012 ], [ -47.830401796399997, -18.4430272038 ], [ -47.834127763200001, -18.450808565399999 ], [ -47.8383443146, -18.4512983268 ], [ -47.849012746200003, -18.440857766800001 ], [ -47.8600050517, -18.439729064800002 ], [ -47.8640973547, -18.448961755700001 ], [ -47.870877647100002, -18.454568583499999 ], [ -47.873204173799998, -18.4586885296 ], [ -47.863962081399997, -18.462582787900001 ], [ -47.862794655599998, -18.469281873 ], [ -47.8750388323, -18.47520869 ], [ -47.8851288846, -18.468049670799999 ], [ -47.887489338199998, -18.476075592600001 ], [ -47.913824944600002, -18.466116106899999 ], [ -47.924988097099998, -18.470774285299999 ], [ -47.929100108299998, -18.487381424700001 ], [ -47.940100739800002, -18.487642177400001 ], [ -47.952205570300002, -18.4933780247 ], [ -47.954487583400002, -18.4998185175 ], [ -47.961748317199998, -18.495609607 ], [ -47.964510179500003, -18.476895368699999 ], [ -47.968635615499998, -18.474283723100001 ], [ -47.975932540300001, -18.477321073300001 ], [ -47.9787625154, -18.475501966100001 ], [ -47.979456481699998, -18.4622298938 ], [ -47.975601603500003, -18.452151940299999 ], [ -47.980460749700001, -18.442399727800002 ], [ -47.9974612456, -18.454132536100001 ], [ -48.008884567599999, -18.453807551200001 ], [ -48.013155981399997, -18.444234359 ], [ -48.028012658800002, -18.4352302068 ], [ -48.038931996199999, -18.4332807332 ], [ -48.047594595200003, -18.4165057455 ], [ -48.055375611800002, -18.412781204 ], [ -48.0609616749, -18.412592558699998 ], [ -48.066299902499999, -18.424259622499999 ], [ -48.068592611299998, -18.4273444988 ], [ -48.095363023799997, -18.429524479099999 ], [ -48.117408382400001, -18.424536183600001 ], [ -48.1282432884, -18.4156638326 ], [ -48.147346219, -18.407746881600001 ], [ -48.150352468800001, -18.394729746599999 ], [ -48.159314394100001, -18.384032211 ], [ -48.160909034100001, -18.3717739961 ], [ -48.1724374303, -18.374497315399999 ], [ -48.195519386199997, -18.3637349786 ], [ -48.220506346100002, -18.361825564699998 ], [ -48.226244768800001, -18.357434269199999 ], [ -48.226359843600001, -18.3452655227 ], [ -48.254948981600002, -18.343528760400002 ], [ -48.261956664700001, -18.3314248187 ], [ -48.271434895299997, -18.3304199393 ], [ -48.278622688200002, -18.3310738767 ], [ -48.287845154800003, -18.348222340700001 ], [ -48.314496348, -18.363694917499998 ], [ -48.315291640399998, -18.372595991 ], [ -48.304073310200003, -18.379776959899999 ], [ -48.304234800899998, -18.3826631821 ], [ -48.313181202499997, -18.384377565299999 ], [ -48.323875392600002, -18.381338027599998 ], [ -48.334164083099999, -18.3739598871 ], [ -48.341184777400002, -18.369246167099998 ], [ -48.353160643800003, -18.365610816299998 ], [ -48.363096506799998, -18.3689629006 ], [ -48.400043643300002, -18.371414888099999 ], [ -48.403205109200002, -18.370727175 ], [ -48.405265852500001, -18.355883437 ], [ -48.413020806200002, -18.3557833797 ], [ -48.4190703728, -18.361074784900001 ], [ -48.436120995, -18.3648459524 ], [ -48.445207914800001, -18.354841452700001 ], [ -48.478601333599997, -18.379658919899999 ], [ -48.486460061700001, -18.3714906019 ], [ -48.480968996199998, -18.360189837 ], [ -48.484353248, -18.3531721807 ], [ -48.492323471399999, -18.3525152082 ], [ -48.515195654700001, -18.365956109399999 ], [ -48.530657923900002, -18.350614853500002 ], [ -48.546790934800001, -18.351307649500001 ], [ -48.554088846200003, -18.3464898143 ], [ -48.554013485299997, -18.335782672600001 ], [ -48.553293044599997, -18.3309362904 ], [ -48.560960870499997, -18.323426991800002 ], [ -48.5819119628, -18.3267700404 ], [ -48.590729312800001, -18.333733199200001 ], [ -48.596818443799997, -18.334351667 ], [ -48.633370526100002, -18.3271891272 ], [ -48.641097417600001, -18.332966601900001 ], [ -48.640636286300001, -18.339803084100001 ], [ -48.646715163400003, -18.3434312543 ], [ -48.655656222700003, -18.341942702800001 ], [ -48.667957157399997, -18.345129973700001 ], [ -48.682427905099999, -18.343072999499999 ], [ -48.6972920977, -18.349706975 ], [ -48.708125479, -18.344577790300001 ], [ -48.715497737100002, -18.3475574247 ], [ -48.730156468799997, -18.352812241399999 ], [ -48.755289996199998, -18.343921807699999 ], [ -48.769735215200001, -18.3551495512 ], [ -48.783764282200003, -18.350672135899998 ], [ -48.797824273800003, -18.358096795600002 ], [ -48.815905685300002, -18.379202021800001 ], [ -48.827568923699999, -18.374789713199998 ], [ -48.831627873499997, -18.345676249099999 ], [ -48.843696644700003, -18.339654184600001 ], [ -48.872295304, -18.332388047199998 ], [ -48.882436957300001, -18.318392707600001 ], [ -48.906657751099999, -18.315887245599999 ], [ -48.917288165899997, -18.305420906 ], [ -48.936317089900001, -18.305749097300001 ], [ -48.959045270499999, -18.323020406800001 ], [ -48.970681857400002, -18.330028314100002 ], [ -48.976186843400001, -18.341273687699999 ], [ -48.983738234900002, -18.3409539787 ], [ -48.981044067600003, -18.355915615200001 ], [ -48.9901640677, -18.358097644800001 ], [ -48.995539367500001, -18.370481590499999 ], [ -49.0055068072, -18.373900341500001 ], [ -49.023291200599999, -18.3674632695 ], [ -49.029178657, -18.368361459100001 ], [ -49.041543216699999, -18.376049091500001 ], [ -49.0443510076, -18.388836015799999 ], [ -49.053304437199998, -18.402116656899999 ], [ -49.0765818251, -18.4163216918 ], [ -49.081500412700002, -18.4128050106 ], [ -49.090802178700002, -18.413095244099999 ], [ -49.096437821800002, -18.403246805 ], [ -49.1110194472, -18.401552021 ], [ -49.113368685499999, -18.39738648 ], [ -49.106728051700003, -18.388397275500001 ], [ -49.108348426100001, -18.383387043500001 ], [ -49.125823367300001, -18.382048642600001 ], [ -49.154126641799998, -18.402294642200001 ], [ -49.157688680299998, -18.413429771299999 ], [ -49.185406597799997, -18.415969823299999 ], [ -49.205209159299997, -18.411333879299999 ], [ -49.211404355, -18.417195185099999 ], [ -49.2108206622, -18.4230491364 ], [ -49.2003124095, -18.431496494899999 ], [ -49.192126456799997, -18.449262124 ], [ -49.200934633099997, -18.4583711 ], [ -49.210209103399997, -18.4614356029 ], [ -49.2279650324, -18.479395421100001 ], [ -49.243632298800001, -18.5058214357 ], [ -49.248356596599997, -18.522458913200001 ], [ -49.2730143068, -18.528208168599999 ], [ -49.281743546400001, -18.533732515299999 ], [ -49.288561623200003, -18.542899556 ], [ -49.292136863, -18.5635475865 ], [ -49.302518649500001, -18.565977025900001 ], [ -49.324389599600003, -18.560296169200001 ], [ -49.329799053400002, -18.565035865599999 ], [ -49.336154726099998, -18.5832604794 ], [ -49.3427679682, -18.5975610757 ], [ -49.364707831, -18.616906131499999 ], [ -49.3728526628, -18.634545576699999 ], [ -49.3782942689, -18.641888626699998 ], [ -49.391101844700003, -18.646148980100001 ], [ -49.408159498700002, -18.644350322899999 ], [ -49.416270517599997, -18.638092031100001 ], [ -49.431940203700002, -18.6062851808 ], [ -49.4813687308, -18.560571723199999 ], [ -49.485726854600003, -18.5318093524 ], [ -49.485301140300002, -18.508977164600001 ], [ -49.490445768299999, -18.499918944 ], [ -49.493564170299997, -18.496084475 ], [ -49.496767598, -18.492143799299999 ], [ -49.533452724599996, -18.492057066600001 ], [ -49.542575427300001, -18.497416808699999 ], [ -49.5475166911, -18.507342171299999 ], [ -49.541931891600001, -18.526965671199999 ], [ -49.547105433, -18.539164227299999 ], [ -49.558502992, -18.546307668200001 ], [ -49.574791133300003, -18.541868075099998 ], [ -49.596017602499998, -18.545942023399999 ], [ -49.646320368, -18.5572728187 ], [ -49.652826820800001, -18.563371414599999 ], [ -49.653187346599999, -18.570111987299999 ], [ -49.634574847800003, -18.591643635099999 ], [ -49.640148660400001, -18.598363021800001 ], [ -49.6422341253, -18.600876351099998 ], [ -49.647399626400002, -18.601356025400001 ], [ -49.6713221547, -18.588790851300001 ], [ -49.693269163, -18.5901829877 ], [ -49.705121052300001, -18.5949463382 ], [ -49.723184478199997, -18.609321158699998 ], [ -49.737796838400001, -18.616467497199999 ], [ -49.7572392573, -18.609251388899999 ], [ -49.768065745, -18.610528435500001 ], [ -49.7733987226, -18.616022538300001 ], [ -49.774431544899997, -18.6259952608 ], [ -49.7832147648, -18.640880621899999 ], [ -49.7942916027, -18.6433935891 ], [ -49.8193285754, -18.6321192226 ], [ -49.835689015900002, -18.636231678400001 ], [ -49.852327170199999, -18.622706588700002 ], [ -49.866295525, -18.622842858 ], [ -49.871736734499997, -18.611805166300002 ], [ -49.883512464699997, -18.608573325399998 ], [ -49.903906579500003, -18.620846892900001 ], [ -49.931186272399998, -18.623535429699999 ], [ -49.9733507786, -18.613862240100001 ], [ -49.980989204899998, -18.604187967400001 ], [ -50.013436557299997, -18.5990232328 ], [ -50.028297158900003, -18.6010091313 ], [ -50.036555980499998, -18.609418063300001 ], [ -50.049738904800002, -18.643084411 ], [ -50.062871606100003, -18.652217048400001 ], [ -50.079576639700001, -18.671786303899999 ], [ -50.089934414399998, -18.670814241399999 ], [ -50.163820933499998, -18.6638952289 ], [ -50.179580479400002, -18.668003512399999 ], [ -50.198409478599999, -18.6786226583 ], [ -50.217018898399999, -18.680064831300001 ], [ -50.249795588200001, -18.677433992800001 ], [ -50.269491924100002, -18.683715181699998 ], [ -50.289271476400003, -18.689199776399999 ], [ -50.305798342700001, -18.6950145128 ], [ -50.323300146699999, -18.711746184599999 ], [ -50.351854851100001, -18.759840560499999 ], [ -50.369795555800003, -18.803936026199999 ], [ -50.378105752700002, -18.814191319399999 ], [ -50.392890154500002, -18.821931382799999 ], [ -50.418251964299998, -18.8271721182 ], [ -50.424600337, -18.836451980300001 ], [ -50.441033252499999, -18.890332242700001 ], [ -50.460553033300002, -18.913189539 ], [ -50.472682026599998, -18.920968296800002 ], [ -50.5011011948, -18.929652730800001 ], [ -50.508351596499999, -18.935274609299999 ], [ -50.5114077092, -18.951507218100001 ], [ -50.503405402299997, -18.9705131511 ], [ -50.499580442400003, -18.980702977100002 ], [ -50.503547606600002, -19.004024206 ], [ -50.494605589400003, -19.012410407800001 ], [ -50.498272512299998, -19.033569180600001 ], [ -50.505465259399998, -19.050648758600001 ], [ -50.542921657500003, -19.105467028900001 ], [ -50.551174573399997, -19.111351691399999 ], [ -50.572023978099999, -19.1205659154 ], [ -50.584551882, -19.136926692300001 ], [ -50.645093923700003, -19.133405166399999 ], [ -50.654125779200001, -19.132956887100001 ], [ -50.673936962500001, -19.135743509099999 ], [ -50.678138444200002, -19.140185953900001 ], [ -50.672055022, -19.1632442551 ], [ -50.677327513100003, -19.172056531199999 ], [ -50.733003983400003, -19.1853489758 ], [ -50.7424138529, -19.197753950399999 ], [ -50.7415789824, -19.213908955899999 ], [ -50.744657691500002, -19.2327778772 ], [ -50.758126319, -19.2461323984 ], [ -50.770972605200001, -19.258867108099999 ], [ -50.788299272700002, -19.2622286378 ], [ -50.814240398800003, -19.285326283100002 ], [ -50.828971607200003, -19.310019792 ], [ -50.835371546799998, -19.326620098799999 ], [ -50.837421599899997, -19.345192274199999 ], [ -50.845143084900002, -19.359741918099999 ], [ -50.847511174799997, -19.364858290200001 ], [ -50.860158093800003, -19.3916268332 ], [ -50.871007345599999, -19.403392933799999 ], [ -50.875440229, -19.4194607576 ], [ -50.8681093418, -19.433463850199999 ], [ -50.828569824100001, -19.4665756976 ], [ -50.824469086900002, -19.4745811373 ], [ -50.826216824200003, -19.487008949100002 ], [ -50.8349155509, -19.496431898499999 ], [ -50.8417029469, -19.498691407799999 ], [ -50.888992072100002, -19.480437108099999 ], [ -50.933857386600003, -19.467640680399999 ], [ -50.933995497600002, -19.466983398899998 ], [ -50.935433154899997, -19.4601850341 ], [ -50.940410317400001, -19.453274867699999 ], [ -50.946246582, -19.452443688 ], [ -50.950325691400003, -19.4429914589 ], [ -50.967906933599998, -19.434417265899999 ], [ -50.9848267072, -19.430924125600001 ], [ -50.984580529200002, -19.409954987100001 ], [ -51.004348957799998, -19.4126567042 ], [ -51.001498196900002, -19.4037653639 ], [ -51.005654312799997, -19.398630579599999 ], [ -51.015021551799997, -19.402032202899999 ], [ -51.03024615, -19.400980023 ], [ -51.031796759300001, -19.397439881099999 ], [ -51.020497472300001, -19.389441313500001 ], [ -51.017522382499997, -19.383418674 ], [ -51.023325603, -19.3809940881 ], [ -51.030520686, -19.363333043899999 ], [ -51.034565027799999, -19.359943523 ], [ -51.041212416199997, -19.360629984900001 ], [ -51.042157757799998, -19.346221875499999 ], [ -51.050324027400002, -19.334612586199999 ], [ -51.053135798, -19.335398004399998 ], [ -51.057353930700003, -19.3289865799 ], [ -51.066573361899998, -19.3296403322 ], [ -51.066636548699996, -19.325091235399999 ], [ -51.087441148099998, -19.313837683900001 ], [ -51.087488780500003, -19.307874109699998 ], [ -51.092110956600003, -19.3067393382 ], [ -51.105552277199997, -19.308221627599998 ], [ -51.117936752799999, -19.302526946699999 ], [ -51.125601257600003, -19.3029987251 ], [ -51.143354799599997, -19.2867524784 ], [ -51.1678527758, -19.286943999799998 ], [ -51.1800221572, -19.283077969099999 ] ] ], [ [ [ -52.645476906799999, -17.243308730599999 ], [ -52.648581370899997, -17.249193315100001 ], [ -52.64455329, -17.250292697700001 ], [ -52.642918104899998, -17.257349538500002 ], [ -52.637529257799997, -17.258802724799999 ], [ -52.638865700499998, -17.262247238699999 ], [ -52.632726216400002, -17.268035811299999 ], [ -52.632996067, -17.277736041 ], [ -52.629527996299998, -17.282623925199999 ], [ -52.6328352373, -17.290606803300001 ], [ -52.628301016400002, -17.2906951093 ], [ -52.626966366799998, -17.298300311599998 ], [ -52.618387933400001, -17.298305560100001 ], [ -52.620708920699997, -17.311612459799999 ], [ -52.611755242900003, -17.325927354600001 ], [ -52.6037782362, -17.329832161599999 ], [ -52.601025185, -17.3280144083 ], [ -52.579717874499998, -17.332896037600001 ], [ -52.57602459, -17.336156125799999 ], [ -52.563587971899999, -17.332174877700002 ], [ -52.549713082799997, -17.3347089787 ], [ -52.521967488100003, -17.341575450499999 ], [ -52.521068426100001, -17.345754751200001 ], [ -52.536483331100001, -17.376467815600002 ], [ -52.547204388200001, -17.388503229099999 ], [ -52.552967525699998, -17.4027424921 ], [ -52.571285856800003, -17.407731622499998 ], [ -52.586304282100002, -17.402574907599998 ], [ -52.597052187800003, -17.408740094199999 ], [ -52.604302292600003, -17.421970547600001 ], [ -52.600999217199998, -17.430033102300001 ], [ -52.604774271099998, -17.430215840300001 ], [ -52.607415326500004, -17.4395458449 ], [ -52.619139967800002, -17.445257035499999 ], [ -52.619030962499998, -17.448606743399999 ], [ -52.623663206899998, -17.448520478 ], [ -52.622517996100001, -17.452595629899999 ], [ -52.627912281500002, -17.4542236542 ], [ -52.628197759800003, -17.462744977100002 ], [ -52.635003186299997, -17.462917341299999 ], [ -52.640641397700001, -17.465730092 ], [ -52.642056620799998, -17.450965636799999 ], [ -52.649145391200001, -17.4500599291 ], [ -52.6448863054, -17.445252311800001 ], [ -52.650944259699997, -17.4440621822 ], [ -52.647718452, -17.4376464455 ], [ -52.655621070700001, -17.4328643174 ], [ -52.659509904700002, -17.4350106698 ], [ -52.6634983358, -17.447789117 ], [ -52.677155984800002, -17.4495921651 ], [ -52.719752496, -17.43599313 ], [ -52.728306119700001, -17.431930358799999 ], [ -52.735387229600001, -17.4232172468 ], [ -52.763017791899998, -17.419404888700001 ], [ -52.789281031900003, -17.425086668900001 ], [ -52.838852351699998, -17.426699633199998 ], [ -52.8549741677, -17.435169243600001 ], [ -52.874289944799997, -17.466416096500001 ], [ -52.884581047600001, -17.4766256453 ], [ -52.890224375099997, -17.468101950400001 ], [ -52.875198642699999, -17.446749581300001 ], [ -52.876410324299997, -17.437503726500001 ], [ -52.871784463700003, -17.426361162599999 ], [ -52.893084362300002, -17.412120828199999 ], [ -52.861448019, -17.397570470200002 ], [ -52.848696040599997, -17.3823616926 ], [ -52.823947082399997, -17.363452118800002 ], [ -52.820439027500001, -17.352309701900001 ], [ -52.811588648600001, -17.3496031454 ], [ -52.803555178400003, -17.340366830200001 ], [ -52.801551119499997, -17.3171818034 ], [ -52.806163114900002, -17.3151848087 ], [ -52.803911050400004, -17.313010452899999 ], [ -52.807109325799999, -17.305579166800001 ], [ -52.8106118388, -17.3052097 ], [ -52.814766202900003, -17.297350295800001 ], [ -52.804918689200001, -17.282392984400001 ], [ -52.777106295800003, -17.276703067700002 ], [ -52.770791861799999, -17.2622228695 ], [ -52.760307024299998, -17.2577246283 ], [ -52.751706877799997, -17.247821753899998 ], [ -52.742195424099997, -17.245013492 ], [ -52.741057116900002, -17.232600145599999 ], [ -52.735027952300001, -17.231511709199999 ], [ -52.726553921300003, -17.2200268508 ], [ -52.720981207299999, -17.2170293468 ], [ -52.719522007599998, -17.219216202399998 ], [ -52.719353475799998, -17.2193867738 ], [ -52.711832106300001, -17.221920677899998 ], [ -52.7127748395, -17.2161242868 ], [ -52.696548749400002, -17.215753465199999 ], [ -52.692227423299997, -17.21150218 ], [ -52.691941610500002, -17.202539736399999 ], [ -52.685439921499999, -17.203174075500002 ], [ -52.683834948399998, -17.200272806200001 ], [ -52.675911183, -17.2090631288 ], [ -52.6741105734, -17.219117545700001 ], [ -52.658392344, -17.233159258 ], [ -52.656218110600001, -17.241130482799999 ], [ -52.649149273600003, -17.239509497 ], [ -52.645476906799999, -17.243308730599999 ] ] ], [ [ [ -52.921805176100001, -16.886749408 ], [ -52.924524152, -16.890721785499998 ], [ -52.921805056300002, -16.891728409 ], [ -52.922334351400004, -16.907932134500001 ], [ -52.9128600867, -16.914569456399999 ], [ -52.912220064, -16.921901256600002 ], [ -52.908080848399997, -16.9249057904 ], [ -52.912610414200003, -16.925526210400001 ], [ -52.906507373099998, -16.931600144600001 ], [ -52.912335523199999, -16.9344879778 ], [ -52.915860054600003, -16.945077188799999 ], [ -52.924696501200003, -16.947853252600002 ], [ -52.932219921799998, -16.943944585299999 ], [ -52.943613175199999, -16.949884481400002 ], [ -52.946446846100002, -16.9469809205 ], [ -52.949357393500001, -16.9518556652 ], [ -52.946280196499998, -16.961554783499999 ], [ -52.9538303928, -16.964702455200001 ], [ -52.953954696399997, -16.970402164 ], [ -52.9600548222, -16.969938250199998 ], [ -52.963191222600003, -16.979973683299999 ], [ -52.954694113899997, -16.991006793299999 ], [ -52.952247022500003, -17.006200433 ], [ -52.954723604599998, -17.0085549396 ], [ -52.951502837500001, -17.008465198900002 ], [ -52.956417720399998, -17.0180671671 ], [ -52.951529281100001, -17.023960620899999 ], [ -52.956882715600003, -17.0270346171 ], [ -52.953134840499999, -17.034014480900002 ], [ -52.969282499099997, -17.052917944899999 ], [ -52.966663705400002, -17.073035583700001 ], [ -52.971746825700002, -17.072753322899999 ], [ -52.966662765300001, -17.074400708799999 ], [ -52.968475226599999, -17.0798297951 ], [ -52.959919095799997, -17.090351152899999 ], [ -52.961413976499998, -17.092885789099999 ], [ -52.956365106299998, -17.096871208900001 ], [ -52.9587186758, -17.106017263599998 ], [ -52.956942774399998, -17.1095596133 ], [ -52.951749750099999, -17.107302175200001 ], [ -52.9526922437, -17.116534935200001 ], [ -52.942634740899997, -17.117542412799999 ], [ -52.941497949899997, -17.123979886400001 ], [ -52.945639097399997, -17.124517371900001 ], [ -52.947518860199999, -17.129138374899998 ], [ -52.935973084899999, -17.13244605 ], [ -52.938501491499999, -17.133858774699998 ], [ -52.931361599500001, -17.141662203100001 ], [ -52.9304171709, -17.1485432779 ], [ -52.927419160600003, -17.145742974299999 ], [ -52.924383989299997, -17.1472907124 ], [ -52.921105940700002, -17.1677642348 ], [ -52.916618323400002, -17.1708959294 ], [ -52.914084737899998, -17.1888779274 ], [ -52.9269409841, -17.215770774900001 ], [ -52.908234733900002, -17.243676708799999 ], [ -52.887950569499999, -17.2497025843 ], [ -52.891472443700003, -17.262099882 ], [ -52.8833620702, -17.269002318199998 ], [ -52.886000119499997, -17.2811960218 ], [ -52.889225819099998, -17.287202690200001 ], [ -52.899013346700002, -17.288754493100001 ], [ -52.9317818536, -17.3056206929 ], [ -52.966859860299998, -17.308380185800001 ], [ -52.978588595200002, -17.320861715100001 ], [ -53.003272465, -17.331251892800001 ], [ -53.007523584200001, -17.337069527099999 ], [ -53.0229139399, -17.345812029299999 ], [ -53.037191024099997, -17.348557253700001 ], [ -53.047861026100001, -17.364644636 ], [ -53.054390109300002, -17.363194857700002 ], [ -53.0637427096, -17.370284030800001 ], [ -53.089113449400003, -17.364493515300001 ], [ -53.0955255784, -17.3806675216 ], [ -53.0895578095, -17.381392997500001 ], [ -53.088202827, -17.376242507 ], [ -53.084357180700003, -17.376579078799999 ], [ -53.081726118100001, -17.383379095 ], [ -53.083885454899999, -17.3842030277 ], [ -53.077274919, -17.3854663523 ], [ -53.081411858099997, -17.386199154700002 ], [ -53.0803067943, -17.38813741 ], [ -53.079142042, -17.393912371300001 ], [ -53.093136040300003, -17.403642556400001 ], [ -53.0941704675, -17.413360356199998 ], [ -53.098418376700003, -17.416361926899999 ], [ -53.102361435, -17.453242674599998 ], [ -53.112301499799997, -17.4627844193 ], [ -53.115217356300001, -17.475407891300001 ], [ -53.1311075164, -17.493767631 ], [ -53.130163673200002, -17.498396442099999 ], [ -53.135481185800003, -17.506523699100001 ], [ -53.147523342200003, -17.502453275899999 ], [ -53.152937589700002, -17.506763381 ], [ -53.161258600399997, -17.507074268499998 ], [ -53.165969628200003, -17.513497880199999 ], [ -53.171529854900001, -17.514440898699998 ], [ -53.182637383900001, -17.5364963253 ], [ -53.1817448539, -17.5523764675 ], [ -53.069572810099999, -17.664941992500001 ], [ -53.073887660899999, -17.6674919397 ], [ -53.092614509100002, -17.6657360968 ], [ -53.097023812899998, -17.661890548199999 ], [ -53.110470209900001, -17.6608955992 ], [ -53.117388855199998, -17.664565782099999 ], [ -53.131579410500002, -17.649324485400001 ], [ -53.143033058100002, -17.648796404199999 ], [ -53.1481125838, -17.644590275399999 ], [ -53.157977412100003, -17.649050529699998 ], [ -53.165334809900003, -17.645558352599998 ], [ -53.178304933900002, -17.6243255897 ], [ -53.1857544597, -17.618464103 ], [ -53.193030492799998, -17.618243719599999 ], [ -53.195994127100001, -17.612860338400001 ], [ -53.21105109, -17.614936697 ], [ -53.220302689199997, -17.6107894939 ], [ -53.225618535199999, -17.613012158699998 ], [ -53.231141394300003, -17.605538564900002 ], [ -53.242454469, -17.601378422 ], [ -53.242390747199998, -17.592029054499999 ], [ -53.2381904358, -17.589428984 ], [ -53.241751733800001, -17.582603389 ], [ -53.238689651100003, -17.580448589100001 ], [ -53.2424150461, -17.5726225519 ], [ -53.2401389698, -17.5701870947 ], [ -53.246692143799997, -17.5638742726 ], [ -53.247504003499998, -17.5584284993 ], [ -53.240633248, -17.552402291899998 ], [ -53.245334516299998, -17.547109627099999 ], [ -53.245918527199997, -17.5386706659 ], [ -53.2425884954, -17.533614759900001 ], [ -53.24617328, -17.5319497612 ], [ -53.245716293199997, -17.5237986494 ], [ -53.239325233499997, -17.5155146474 ], [ -53.2413575677, -17.511402564600001 ], [ -53.238806839200002, -17.5122339367 ], [ -53.242979566599999, -17.505165714499999 ], [ -53.237112161, -17.498159361300001 ], [ -53.241082236799997, -17.492436568199999 ], [ -53.235698037500001, -17.480535161399999 ], [ -53.232553307, -17.480541114499999 ], [ -53.234358479299999, -17.478902837700002 ], [ -53.228388613900002, -17.465644673700002 ], [ -53.226304570400004, -17.466457842499999 ], [ -53.228306688899998, -17.462743278600001 ], [ -53.225946997100003, -17.464186908599999 ], [ -53.223469873900001, -17.457564682099999 ], [ -53.226886980300002, -17.4553834305 ], [ -53.226884512300003, -17.4450277113 ], [ -53.232947875, -17.440488567700001 ], [ -53.228223521499999, -17.4377679993 ], [ -53.229035679399999, -17.427952082 ], [ -53.221779500899999, -17.423513075199999 ], [ -53.224445905499998, -17.422872055 ], [ -53.220081848699998, -17.4127902219 ], [ -53.213558483, -17.411699400300002 ], [ -53.212135680499998, -17.407247745900001 ], [ -53.214969028200002, -17.404711090799999 ], [ -53.206080939, -17.401432422 ], [ -53.208640046799999, -17.3952618573 ], [ -53.213363383100003, -17.395262456099999 ], [ -53.207031396200001, -17.392716685500002 ], [ -53.209107803599998, -17.385179925300001 ], [ -53.204305058800003, -17.383362916700001 ], [ -53.202783017800002, -17.389538480300001 ], [ -53.196443267100001, -17.380008435400001 ], [ -53.200968945, -17.3714687881 ], [ -53.205998848199997, -17.372463694099999 ], [ -53.206471240299997, -17.369836428100001 ], [ -53.195892034300002, -17.368104634400002 ], [ -53.195141589400002, -17.361108649599998 ], [ -53.202773735900003, -17.363200073 ], [ -53.206275106, -17.3607547139 ], [ -53.202578891800002, -17.360388552900002 ], [ -53.2033622063, -17.3533083447 ], [ -53.200223093600002, -17.352302888499999 ], [ -53.200721222299997, -17.343954859 ], [ -53.206307784, -17.3422243252 ], [ -53.201745599, -17.339864344199999 ], [ -53.204594308700003, -17.332889010599999 ], [ -53.2171496371, -17.326505632 ], [ -53.212838703199999, -17.321975802699999 ], [ -53.215359666499999, -17.3197974349 ], [ -53.2083587634, -17.3141239877 ], [ -53.213864114400003, -17.312898836799999 ], [ -53.213866098399997, -17.310440443200001 ], [ -53.209807141200002, -17.311984815100001 ], [ -53.213503669700003, -17.307629161400001 ], [ -53.218217293199999, -17.309174498400001 ], [ -53.2161415701, -17.303998415300001 ], [ -53.218686596, -17.299170138299999 ], [ -53.207921839800001, -17.292914604900002 ], [ -53.2081927053, -17.284559268300001 ], [ -53.195446270700003, -17.276204598100001 ], [ -53.197633357, -17.2595800456 ], [ -53.185443930300004, -17.257211754299998 ], [ -53.180333566100003, -17.243859970100001 ], [ -53.174859283700002, -17.240412455600001 ], [ -53.170720249600002, -17.221615473300002 ], [ -53.164674875400003, -17.2196931579 ], [ -53.167773533199998, -17.214072714899999 ], [ -53.155809713899998, -17.188183101300002 ], [ -53.156943884299999, -17.170197493 ], [ -53.149303644200003, -17.167382691499999 ], [ -53.141921443400001, -17.1706401657 ], [ -53.139748149, -17.161287920199999 ], [ -53.135027435600001, -17.161194579 ], [ -53.132581685799998, -17.1555553492 ], [ -53.127664956, -17.154197019 ], [ -53.131748085399998, -17.145026104399999 ], [ -53.126643299500003, -17.143747362500001 ], [ -53.115057130300002, -17.125301957 ], [ -53.118640930399998, -17.118584785900001 ], [ -53.115137743699997, -17.116402031900002 ], [ -53.118639148900002, -17.112776235 ], [ -53.1071381183, -17.106772764199999 ], [ -53.101469972300002, -17.109573812600001 ], [ -53.098333024699997, -17.107121359600001 ], [ -53.101745316200002, -17.100946719900001 ], [ -53.087223001300003, -17.098206602 ], [ -53.091828244200002, -17.092130559699999 ], [ -53.084282454099998, -17.094669743200001 ], [ -53.089579961, -17.084954014 ], [ -53.079103845500001, -17.0884854189 ], [ -53.081085228299997, -17.079494784800001 ], [ -53.077300834299997, -17.078942743300001 ], [ -53.071558208200003, -17.085296043500001 ], [ -53.073355461399998, -17.077129535600001 ], [ -53.067969124599998, -17.077751757 ], [ -53.066753862600002, -17.072941444400001 ], [ -53.060888164200001, -17.077196890300002 ], [ -53.061744314400002, -17.070939716600002 ], [ -53.055532113799998, -17.0699252032 ], [ -53.0578902273, -17.058670637399999 ], [ -53.0613106156, -17.056590393600001 ], [ -53.066109406700001, -17.058771845500001 ], [ -53.066030993, -17.051868857900001 ], [ -53.060363500199998, -17.052501362499999 ], [ -53.063274624, -17.045141464699999 ], [ -53.072060760399999, -17.050150953700001 ], [ -53.069998408099998, -17.041702956200002 ], [ -53.065477369500002, -17.038520017100002 ], [ -53.068498514, -17.029526111900001 ], [ -53.061222577099997, -17.0290680188 ], [ -53.061053246900002, -17.019894135600001 ], [ -53.055111806, -17.018972181700001 ], [ -53.063218837800001, -17.016535914399999 ], [ -53.062940953099996, -17.012170787700001 ], [ -53.055584888399999, -17.014531032299999 ], [ -53.057472152800003, -17.0089932729 ], [ -53.053133474900001, -17.003351647199999 ], [ -53.056449419099998, -17.0031791117 ], [ -53.049440708, -16.992392318899999 ], [ -53.053494477699999, -16.987557650300001 ], [ -53.054669155500001, -16.962998121399998 ], [ -53.051196523400002, -16.960857901099999 ], [ -53.048078057600002, -16.9667079293 ], [ -53.044248328400002, -16.953488249799999 ], [ -53.0460594567, -16.948266416399999 ], [ -53.033639066, -16.940816594099999 ], [ -53.036023750299996, -16.9387660979 ], [ -53.032772852400001, -16.9299164267 ], [ -53.038616224800002, -16.931281154800001 ], [ -53.033217087300002, -16.9203117267 ], [ -53.0391370404, -16.9115134159 ], [ -53.031751045599997, -16.907773387199999 ], [ -53.028745956800002, -16.911718240100001 ], [ -53.031329844699997, -16.904049013400002 ], [ -53.023083766200003, -16.902825353699999 ], [ -53.01844264, -16.898224276699999 ], [ -53.015858565800002, -16.884488790799999 ], [ -53.011410779099997, -16.884148450400001 ], [ -53.017278925399999, -16.878431386300001 ], [ -53.012419375900002, -16.876086065399999 ], [ -53.013405184500002, -16.864437604399999 ], [ -53.010842382100002, -16.857572293200001 ], [ -53.005671500200002, -16.8637380065 ], [ -53.001028402300001, -16.8592278267 ], [ -52.997801404299999, -16.865072104799999 ], [ -52.990560154800001, -16.862832095400002 ], [ -52.988108946399997, -16.8663689055 ], [ -52.975806962299998, -16.863057121699999 ], [ -52.968668642399997, -16.8692372989 ], [ -52.961688446399997, -16.865453549200002 ], [ -52.964225168500001, -16.858019902 ], [ -52.953369098700001, -16.860360838199998 ], [ -52.956749719699999, -16.8503494546 ], [ -52.949246945399999, -16.853174304700001 ], [ -52.950110326299999, -16.859962019099999 ], [ -52.944165083400001, -16.8558125733 ], [ -52.946964890700002, -16.8448506334 ], [ -52.952501767, -16.841480973300001 ], [ -52.926550484899998, -16.841192484 ], [ -52.927030726300003, -16.8373931848 ], [ -52.920418420700003, -16.833607333100002 ], [ -52.922412036, -16.8391208386 ], [ -52.918192665699998, -16.840408691 ], [ -52.917861754199997, -16.855703574900001 ], [ -52.912773945200001, -16.856173591800001 ], [ -52.918609730699998, -16.861136456099999 ], [ -52.915527732400001, -16.868748157500001 ], [ -52.923057532199998, -16.869636191400001 ], [ -52.920802461599997, -16.873265310499999 ], [ -52.927886391800001, -16.882021848 ], [ -52.921805176100001, -16.886749408 ] ] ] ] } }
]
}
